transaction_id,timestamp,psp,transaction_type,payer_vpa,payee_vpa,payer_bank,payee_bank,merchant_id,merchant_name,merchant_category,mcc,amount,currency,status,response_code,failure_reason,rrn,bank_reference_id,payment_mode,device_type,state,settlement_status,risk_score,fraud_flag
TXN_20260802_427714,2026-08-02T18:10:38+05:30,Paytm,UPI_PAYMENT,user671248@paytm,stylehubfas106@federalb,Indian Bank,Federal Bank,MER_248634,StyleHub Fashion,Apparel,5651,328.85,INR,SUCCESS,00,,215849663955,BRN9775658671,UPI,ANDROID,Madhya Pradesh,SETTLED,30,false
TXN_20260804_656650,2026-08-04T13:42:11+05:30,Paytm,UPI_PAYMENT,user899564@paytm,cafebrew810@iciciban,State Bank of India,ICICI Bank,MER_680037,Cafe Brew,Cafe,5814,983.46,INR,SUCCESS,00,,877187446612,BRN9581768855,UPI,ANDROID,Haryana,SETTLED,32,false
TXN_20260805_722541,2026-08-05T01:58:43+05:30,Paytm,UPI_PAYMENT,user240625@paytm,edulearnser370@iciciban,State Bank of India,ICICI Bank,MER_761563,EduLearn Services,Education,8299,305.58,INR,SUCCESS,00,,194177880787,BRN1227735486,UPI,ANDROID,Chhattisgarh,SETTLED,41,false
TXN_20260802_411020,2026-08-02T06:28:55+05:30,Paytm,UPI_PAYMENT,user263460@paytm,stylehubfas560@iciciban,Axis Bank,ICICI Bank,MER_543265,StyleHub Fashion,Apparel,5651,159.76,INR,SUCCESS,00,,517346747583,BRN2959919462,UPI,ANDROID,West Bengal,SETTLED,8,false
TXN_20260808_914882,2026-08-08T03:16:00+05:30,Paytm,UPI_PAYMENT,user554617@paytm,mobilerecha458@indusind,Axis Bank,IndusInd Bank,MER_171986,Mobile Recharge Hub,Telecom,4814,214.92,INR,SUCCESS,00,,305127176660,BRN2006337309,UPI,ANDROID,Gujarat,SETTLED,40,false
TXN_20260805_888506,2026-08-05T17:42:07+05:30,Paytm,UPI_PAYMENT,user656580@paytm,mobilerecha893@punjabna,Canara Bank,Punjab National Bank,MER_643618,Mobile Recharge Hub,Telecom,4814,591.63,INR,SUCCESS,00,,909263315909,BRN4550217492,UPI,ANDROID,West Bengal,SETTLED,50,false
TXN_20260808_548375,2026-08-08T02:07:03+05:30,Paytm,UPI_PAYMENT,user279824@paytm,freshmartre613@stateban,Axis Bank,State Bank of India,MER_732858,FreshMart Retail,Grocery,5411,56.75,INR,SUCCESS,00,,348793056643,BRN7923033129,UPI,ANDROID,Uttar Pradesh,SETTLED,10,false
TXN_20260803_653346,2026-08-03T03:41:32+05:30,Paytm,UPI_PAYMENT,user790991@paytm,edulearnser504@axisbank,Punjab National Bank,Axis Bank,MER_799932,EduLearn Services,Education,8299,413.95,INR,SUCCESS,00,,701899281636,BRN4811820594,UPI,ANDROID,Haryana,SETTLED,33,false
TXN_20260801_645956,2026-08-01T21:22:42+05:30,Paytm,UPI_PAYMENT,user92371@paytm,stylehubfas151@unionban,State Bank of India,Union Bank of India,MER_159867,StyleHub Fashion,Apparel,5651,181.74,INR,SUCCESS,00,,202657227773,BRN9283132441,UPI,ANDROID,West Bengal,SETTLED,1,false
TXN_20260803_124826,2026-08-03T06:42:26+05:30,Paytm,UPI_PAYMENT,user51118@paytm,urbaneats450@bandhanb,ICICI Bank,Bandhan Bank,MER_550532,Urban Eats,Restaurant,5812,1126.84,INR,SUCCESS,00,,348708651151,BRN9725548260,UPI,ANDROID,Haryana,SETTLED,63,false
TXN_20260807_586236,2026-08-07T15:48:27+05:30,Paytm,UPI_PAYMENT,user462360@paytm,cafebrew997@kotakmah,ICICI Bank,Kotak Mahindra Bank,MER_341144,Cafe Brew,Cafe,5814,83.90,INR,SUCCESS,00,,482945588918,BRN4072960342,UPI,ANDROID,Maharashtra,SETTLED,32,false
TXN_20260801_280508,2026-08-01T07:54:31+05:30,Paytm,UPI_PAYMENT,user682658@paytm,edulearnser747@hdfcbank,HDFC Bank,HDFC Bank,MER_240954,EduLearn Services,Education,8299,153.65,INR,SUCCESS,00,,652690929162,BRN5212149212,UPI,ANDROID,Delhi,PENDING,59,false
TXN_20260808_953355,2026-08-08T06:15:09+05:30,Paytm,UPI_PAYMENT,user207914@paytm,homebasket362@stateban,Canara Bank,State Bank of India,MER_589317,HomeBasket,Home & Living,5712,170.10,INR,SUCCESS,00,,544744050983,BRN9573066129,UPI,ANDROID,Assam,PENDING,16,false
TXN_20260805_305065,2026-08-05T06:49:18+05:30,Paytm,UPI_PAYMENT,user538327@paytm,freshmartre547@yesbank,HDFC Bank,YES BANK,MER_944748,FreshMart Retail,Grocery,5411,473.09,INR,SUCCESS,00,,868584620226,BRN9869078238,UPI,ANDROID,Odisha,SETTLED,35,false
TXN_20260802_982028,2026-08-02T15:15:56+05:30,Paytm,UPI_PAYMENT,user96655@paytm,edulearnser224@hdfcbank,Bank of Baroda,HDFC Bank,MER_898989,EduLearn Services,Education,8299,187.84,INR,SUCCESS,00,,871311678480,BRN2065920038,UPI,ANDROID,Gujarat,SETTLED,18,false
TXN_20260804_743074,2026-08-04T23:54:16+05:30,Paytm,UPI_PAYMENT,user995031@paytm,medicarepha222@canaraba,State Bank of India,Canara Bank,MER_812314,MediCare Pharmacy,Pharmacy,5912,105.88,INR,SUCCESS,00,,780188421121,BRN1339977713,UPI,IOS,Kerala,SETTLED,35,false
TXN_20260807_930913,2026-08-07T16:06:44+05:30,Paytm,UPI_PAYMENT,user896866@paytm,homebasket693@federalb,Axis Bank,Federal Bank,MER_632970,HomeBasket,Home & Living,5712,32.34,INR,SUCCESS,00,,436315222451,BRN8990910825,UPI,ANDROID,Madhya Pradesh,SETTLED,37,false
TXN_20260808_231786,2026-08-08T23:02:44+05:30,Paytm,UPI_PAYMENT,user717072@paytm,medicarepha796@hdfcbank,HDFC Bank,HDFC Bank,MER_832236,MediCare Pharmacy,Pharmacy,5912,171.19,INR,SUCCESS,00,,652330100060,BRN9829126318,UPI,ANDROID,Rajasthan,SETTLED,49,false
TXN_20260804_838783,2026-08-04T13:45:37+05:30,Paytm,UPI_PAYMENT,user121477@paytm,urbaneats884@federalb,HDFC Bank,Federal Bank,MER_465735,Urban Eats,Restaurant,5812,410.30,INR,SUCCESS,00,,865093537192,BRN4458665787,UPI,ANDROID,Madhya Pradesh,SETTLED,40,false
TXN_20260809_926649,2026-08-09T03:55:28+05:30,Paytm,UPI_PAYMENT,user593584@paytm,booknest154@stateban,Axis Bank,State Bank of India,MER_298385,BookNest,Books,5942,328.24,INR,SUCCESS,00,,455615472454,BRN2549487836,UPI,WEB,Andhra Pradesh,SETTLED,1,false
TXN_20260808_591272,2026-08-08T01:23:12+05:30,Paytm,UPI_PAYMENT,user588835@paytm,homebasket608@idfcfirs,Punjab National Bank,IDFC FIRST Bank,MER_877119,HomeBasket,Home & Living,5712,61.20,INR,SUCCESS,00,,662358215239,BRN1947561972,UPI,ANDROID,Andhra Pradesh,SETTLED,23,false
TXN_20260809_842362,2026-08-09T08:59:06+05:30,Paytm,UPI_PAYMENT,user535171@paytm,quickfuelst648@unionban,IndusInd Bank,Union Bank of India,MER_520065,QuickFuel Station,Fuel,5541,155.44,INR,SUCCESS,00,,706204355542,BRN9687238959,UPI,IOS,Jharkhand,SETTLED,41,false
TXN_20260803_419996,2026-08-03T02:33:34+05:30,Paytm,UPI_PAYMENT,user425899@paytm,urbaneats981@punjabna,Central Bank of India,Punjab National Bank,MER_496207,Urban Eats,Restaurant,5812,64.58,INR,SUCCESS,00,,975422980082,BRN7572755248,UPI,ANDROID,Tamil Nadu,SETTLED,1,false
TXN_20260806_134242,2026-08-06T00:50:29+05:30,Paytm,UPI_PAYMENT,user521482@paytm,stylehubfas754@kotakmah,State Bank of India,Kotak Mahindra Bank,MER_839734,StyleHub Fashion,Apparel,5651,735.27,INR,SUCCESS,00,,457886005046,BRN2368666457,UPI,IOS,Bihar,SETTLED,37,false
TXN_20260808_481566,2026-08-08T08:03:48+05:30,Paytm,UPI_PAYMENT,user464435@paytm,techsquaree961@hdfcbank,Canara Bank,HDFC Bank,MER_120394,TechSquare Electronics,Electronics,5732,806.24,INR,SUCCESS,00,,679452466330,BRN6181313122,UPI,WEB,Gujarat,SETTLED,2,false
TXN_20260802_940773,2026-08-02T16:05:33+05:30,Paytm,UPI_PAYMENT,user960254@paytm,edulearnser581@axisbank,Kotak Mahindra Bank,Axis Bank,MER_604892,EduLearn Services,Education,8299,1381.69,INR,SUCCESS,00,,377220595508,BRN8725536445,UPI,ANDROID,Telangana,SETTLED,23,false
TXN_20260804_592687,2026-08-04T21:00:38+05:30,Paytm,UPI_PAYMENT,user912935@paytm,edulearnser929@stateban,Axis Bank,State Bank of India,MER_495345,EduLearn Services,Education,8299,1478.07,INR,SUCCESS,00,,783038986256,BRN8460244248,UPI,ANDROID,Telangana,SETTLED,15,false
TXN_20260804_799848,2026-08-04T09:50:38+05:30,Paytm,UPI_PAYMENT,user423910@paytm,homebasket826@iciciban,Bank of India,ICICI Bank,MER_607390,HomeBasket,Home & Living,5712,261.65,INR,SUCCESS,00,,890844879859,BRN1156357565,UPI,ANDROID,West Bengal,SETTLED,21,false
TXN_20260801_778961,2026-08-01T19:09:29+05:30,Paytm,UPI_PAYMENT,user372025@paytm,freshmartre459@stateban,State Bank of India,State Bank of India,MER_277248,FreshMart Retail,Grocery,5411,436.15,INR,SUCCESS,00,,851848304168,BRN3234024009,UPI,WEB,Kerala,SETTLED,37,false
TXN_20260808_441524,2026-08-08T10:19:47+05:30,Paytm,UPI_PAYMENT,user414947@paytm,mobilerecha118@axisbank,Bandhan Bank,Axis Bank,MER_452234,Mobile Recharge Hub,Telecom,4814,94.99,INR,SUCCESS,00,,975736701390,BRN9083243784,UPI,IOS,Haryana,PENDING,21,false
TXN_20260803_509180,2026-08-03T04:00:07+05:30,Paytm,UPI_PAYMENT,user485483@paytm,stylehubfas394@hdfcbank,Union Bank of India,HDFC Bank,MER_437415,StyleHub Fashion,Apparel,5651,24.72,INR,SUCCESS,00,,600448194409,BRN9908853450,UPI,ANDROID,Maharashtra,SETTLED,1,false
TXN_20260801_111343,2026-08-01T05:34:35+05:30,Paytm,UPI_PAYMENT,user509660@paytm,booknest757@idfcfirs,ICICI Bank,IDFC FIRST Bank,MER_549159,BookNest,Books,5942,203.91,INR,SUCCESS,00,,756072148521,BRN3646523869,UPI,ANDROID,Maharashtra,SETTLED,22,false
TXN_20260806_646183,2026-08-06T07:27:33+05:30,Paytm,UPI_PAYMENT,user830064@paytm,metromobili42@stateban,State Bank of India,State Bank of India,MER_918594,Metro Mobility,Transport,4121,348.26,INR,SUCCESS,00,,970462081416,BRN9552901317,UPI,IOS,Bihar,SETTLED,32,false
TXN_20260804_605830,2026-08-04T09:09:06+05:30,Paytm,UPI_PAYMENT,user487364@paytm,techsquaree810@stateban,Punjab National Bank,State Bank of India,MER_928437,TechSquare Electronics,Electronics,5732,65.95,INR,SUCCESS,00,,104280229763,BRN1675040743,UPI,IOS,Karnataka,SETTLED,21,false
TXN_20260809_275475,2026-08-09T20:33:40+05:30,Paytm,UPI_PAYMENT,user639929@paytm,mobilerecha383@canaraba,Canara Bank,Canara Bank,MER_405379,Mobile Recharge Hub,Telecom,4814,127.49,INR,SUCCESS,00,,807875505843,BRN3915494488,UPI,IOS,Punjab,SETTLED,26,false
TXN_20260807_979089,2026-08-07T23:40:04+05:30,Paytm,UPI_PAYMENT,user875546@paytm,homebasket208@bankofba,Punjab National Bank,Bank of Baroda,MER_443637,HomeBasket,Home & Living,5712,152.54,INR,SUCCESS,00,,333493326596,BRN9690750216,UPI,ANDROID,Maharashtra,SETTLED,1,false
TXN_20260802_908479,2026-08-02T00:28:20+05:30,Paytm,UPI_PAYMENT,user134548@paytm,utilitypays669@stateban,HDFC Bank,State Bank of India,MER_379193,UtilityPay Services,Utilities,4900,1768.82,INR,SUCCESS,00,,963099040298,BRN3823379141,UPI,ANDROID,Telangana,SETTLED,23,false
TXN_20260806_610829,2026-08-06T18:18:23+05:30,Paytm,UPI_PAYMENT,user799625@paytm,mobilerecha335@stateban,ICICI Bank,State Bank of India,MER_713604,Mobile Recharge Hub,Telecom,4814,145.15,INR,SUCCESS,00,,509449211406,BRN6759124673,UPI,IOS,West Bengal,SETTLED,34,false
TXN_20260805_892939,2026-08-05T14:25:08+05:30,Paytm,UPI_PAYMENT,user86939@paytm,utilitypays303@yesbank,Bank of Baroda,YES BANK,MER_955258,UtilityPay Services,Utilities,4900,189.18,INR,SUCCESS,00,,908338976399,BRN1052010817,UPI,ANDROID,Bihar,SETTLED,22,false
TXN_20260808_411778,2026-08-08T17:58:25+05:30,Paytm,UPI_PAYMENT,user702909@paytm,homebasket719@centralb,HDFC Bank,Central Bank of India,MER_543640,HomeBasket,Home & Living,5712,650.87,INR,SUCCESS,00,,518837547281,BRN8409468693,UPI,ANDROID,Gujarat,SETTLED,23,false
TXN_20260802_554311,2026-08-02T02:26:39+05:30,Paytm,UPI_PAYMENT,user793680@paytm,utilitypays552@kotakmah,Canara Bank,Kotak Mahindra Bank,MER_187827,UtilityPay Services,Utilities,4900,113.00,INR,SUCCESS,00,,990664727242,BRN9571185755,UPI,ANDROID,West Bengal,SETTLED,69,false
TXN_20260801_255558,2026-08-01T07:15:09+05:30,Paytm,UPI_PAYMENT,user48417@paytm,techsquaree17@kotakmah,HDFC Bank,Kotak Mahindra Bank,MER_300248,TechSquare Electronics,Electronics,5732,86.91,INR,SUCCESS,00,,931650266964,BRN9921950677,UPI,ANDROID,Maharashtra,SETTLED,53,false
TXN_20260807_571270,2026-08-07T21:28:55+05:30,Paytm,UPI_PAYMENT,user376641@paytm,freshmartre507@kotakmah,Bank of Baroda,Kotak Mahindra Bank,MER_332691,FreshMart Retail,Grocery,5411,293.03,INR,SUCCESS,00,,107896843770,BRN7076367594,UPI,ANDROID,West Bengal,SETTLED,22,false
TXN_20260806_270701,2026-08-06T14:16:31+05:30,Paytm,UPI_PAYMENT,user122076@paytm,edulearnser585@axisbank,State Bank of India,Axis Bank,MER_233315,EduLearn Services,Education,8299,372.38,INR,SUCCESS,00,,266891635650,BRN1836788212,UPI,IOS,Maharashtra,SETTLED,44,false
TXN_20260803_623735,2026-08-03T21:24:38+05:30,Paytm,UPI_PAYMENT,user679645@paytm,stylehubfas587@bankofba,State Bank of India,Bank of Baroda,MER_547110,StyleHub Fashion,Apparel,5651,67.38,INR,SUCCESS,00,,384022575484,BRN5745585535,UPI,IOS,Maharashtra,SETTLED,33,false
TXN_20260802_853256,2026-08-02T14:28:33+05:30,Paytm,UPI_PAYMENT,user224496@paytm,quickfuelst584@hdfcbank,ICICI Bank,HDFC Bank,MER_620564,QuickFuel Station,Fuel,5541,288.86,INR,SUCCESS,00,,885164855472,BRN6122860019,UPI,IOS,Punjab,SETTLED,16,false
TXN_20260803_656146,2026-08-03T03:51:26+05:30,Paytm,UPI_PAYMENT,user392813@paytm,quickfuelst275@stateban,State Bank of India,State Bank of India,MER_331817,QuickFuel Station,Fuel,5541,142.59,INR,SUCCESS,00,,495301060395,BRN5099954447,UPI,IOS,Uttar Pradesh,PENDING,24,false
TXN_20260809_989674,2026-08-09T02:37:01+05:30,Paytm,UPI_PAYMENT,user264037@paytm,metromobili124@iciciban,Bank of Baroda,ICICI Bank,MER_961018,Metro Mobility,Transport,4121,333.26,INR,SUCCESS,00,,472087962821,BRN1766120530,UPI,ANDROID,Tamil Nadu,SETTLED,27,false
TXN_20260806_457074,2026-08-06T21:06:53+05:30,Paytm,UPI_PAYMENT,user782234@paytm,freshmartre132@stateban,HDFC Bank,State Bank of India,MER_898918,FreshMart Retail,Grocery,5411,499.89,INR,SUCCESS,00,,183419286640,BRN7522193825,UPI,ANDROID,Delhi,SETTLED,25,false
TXN_20260807_752712,2026-08-07T03:18:49+05:30,Paytm,UPI_PAYMENT,user941106@paytm,medicarepha253@bankofba,HDFC Bank,Bank of Baroda,MER_996985,MediCare Pharmacy,Pharmacy,5912,1594.57,INR,SUCCESS,00,,687711025609,BRN6477610600,UPI,ANDROID,West Bengal,SETTLED,7,false
TXN_20260803_474296,2026-08-03T00:24:03+05:30,Paytm,UPI_PAYMENT,user471132@paytm,stylehubfas744@hdfcbank,State Bank of India,HDFC Bank,MER_884401,StyleHub Fashion,Apparel,5651,1083.85,INR,SUCCESS,00,,487928592576,BRN6751220491,UPI,ANDROID,Uttar Pradesh,SETTLED,34,false
TXN_20260807_875724,2026-08-07T10:30:57+05:30,Paytm,UPI_PAYMENT,user497020@paytm,techsquaree635@canaraba,Bank of India,Canara Bank,MER_505679,TechSquare Electronics,Electronics,5732,130.32,INR,SUCCESS,00,,233898761060,BRN1010536183,UPI,ANDROID,Jharkhand,SETTLED,30,false
TXN_20260809_206763,2026-08-09T11:03:46+05:30,Paytm,UPI_PAYMENT,user841737@paytm,booknest144@yesbank,Kotak Mahindra Bank,YES BANK,MER_242189,BookNest,Books,5942,480.89,INR,SUCCESS,00,,763578408842,BRN4176506482,UPI,ANDROID,Gujarat,SETTLED,16,false
TXN_20260805_473988,2026-08-05T18:02:09+05:30,Paytm,UPI_PAYMENT,user653500@paytm,metromobili813@stateban,State Bank of India,State Bank of India,MER_299873,Metro Mobility,Transport,4121,269.64,INR,SUCCESS,00,,826154023131,BRN7118406941,UPI,IOS,West Bengal,SETTLED,28,false
TXN_20260804_517213,2026-08-04T07:36:41+05:30,Paytm,UPI_PAYMENT,user240024@paytm,stylehubfas629@ausmallf,IndusInd Bank,AU Small Finance Bank,MER_820343,StyleHub Fashion,Apparel,5651,95.79,INR,SUCCESS,00,,254700655333,BRN2442778781,UPI,ANDROID,Delhi,PENDING,60,false
TXN_20260807_502239,2026-08-07T08:51:51+05:30,Paytm,UPI_PAYMENT,user314371@paytm,techsquaree280@iciciban,YES BANK,ICICI Bank,MER_711120,TechSquare Electronics,Electronics,5732,145.02,INR,SUCCESS,00,,583921585554,BRN6783871548,UPI,WEB,Madhya Pradesh,SETTLED,16,false
TXN_20260803_710975,2026-08-03T05:43:33+05:30,Paytm,UPI_PAYMENT,user547872@paytm,homebasket65@iciciban,IDFC FIRST Bank,ICICI Bank,MER_362976,HomeBasket,Home & Living,5712,295.48,INR,SUCCESS,00,,122256729361,BRN5561576455,UPI,ANDROID,Haryana,SETTLED,11,false
TXN_20260805_534585,2026-08-05T16:05:24+05:30,Paytm,UPI_PAYMENT,user956165@paytm,fitzonegym698@ucobank,State Bank of India,UCO Bank,MER_236553,FitZone Gym,Fitness,7997,445.26,INR,SUCCESS,00,,249546616047,BRN6219557953,UPI,ANDROID,Maharashtra,PENDING,26,false
TXN_20260804_694780,2026-08-04T08:23:12+05:30,Paytm,UPI_PAYMENT,user373865@paytm,fitzonegym355@bandhanb,HDFC Bank,Bandhan Bank,MER_327746,FitZone Gym,Fitness,7997,669.79,INR,SUCCESS,00,,597058565415,BRN3056946149,UPI,IOS,Haryana,SETTLED,24,false
TXN_20260802_508924,2026-08-02T01:09:39+05:30,Paytm,UPI_PAYMENT,user635765@paytm,homebasket183@stateban,ICICI Bank,State Bank of India,MER_333814,HomeBasket,Home & Living,5712,1072.68,INR,SUCCESS,00,,841260542536,BRN1378544754,UPI,IOS,Goa,SETTLED,52,false
TXN_20260801_436605,2026-08-01T05:40:12+05:30,Paytm,UPI_PAYMENT,user887577@paytm,homebasket293@hdfcbank,Federal Bank,HDFC Bank,MER_949169,HomeBasket,Home & Living,5712,343.05,INR,SUCCESS,00,,335740107043,BRN7886966550,UPI,ANDROID,Kerala,SETTLED,26,false
TXN_20260804_199157,2026-08-04T10:24:04+05:30,Paytm,UPI_PAYMENT,user195929@paytm,freshmartre200@yesbank,Canara Bank,YES BANK,MER_204314,FreshMart Retail,Grocery,5411,96.03,INR,SUCCESS,00,,639631238076,BRN8254852279,UPI,ANDROID,Jharkhand,SETTLED,47,false
TXN_20260809_145276,2026-08-09T13:42:30+05:30,Paytm,UPI_PAYMENT,user70630@paytm,mobilerecha346@bandhanb,Kotak Mahindra Bank,Bandhan Bank,MER_240958,Mobile Recharge Hub,Telecom,4814,334.68,INR,SUCCESS,00,,520215464088,BRN5673692613,UPI,WEB,Chhattisgarh,SETTLED,42,false
TXN_20260808_481354,2026-08-08T16:47:00+05:30,Paytm,UPI_PAYMENT,user389880@paytm,cafebrew818@punjabna,ICICI Bank,Punjab National Bank,MER_910938,Cafe Brew,Cafe,5814,315.94,INR,SUCCESS,00,,634241513395,BRN9415937073,UPI,ANDROID,West Bengal,SETTLED,33,false
TXN_20260803_449800,2026-08-03T04:23:00+05:30,Paytm,UPI_PAYMENT,user977569@paytm,quickfuelst125@unionban,IDFC FIRST Bank,Union Bank of India,MER_272938,QuickFuel Station,Fuel,5541,147.07,INR,SUCCESS,00,,147723267609,BRN4606479371,UPI,ANDROID,Maharashtra,SETTLED,46,false
TXN_20260806_455069,2026-08-06T07:06:17+05:30,Paytm,UPI_PAYMENT,user828169@paytm,techsquaree412@federalb,ICICI Bank,Federal Bank,MER_593567,TechSquare Electronics,Electronics,5732,162.95,INR,SUCCESS,00,,800907661840,BRN2129821692,UPI,ANDROID,Tamil Nadu,SETTLED,9,false
TXN_20260802_439155,2026-08-02T07:59:58+05:30,Paytm,UPI_PAYMENT,user689969@paytm,fitzonegym884@idfcfirs,Punjab National Bank,IDFC FIRST Bank,MER_140917,FitZone Gym,Fitness,7997,146.49,INR,SUCCESS,00,,830945682476,BRN9162170099,UPI,ANDROID,Odisha,SETTLED,53,false
TXN_20260807_503662,2026-08-07T06:31:14+05:30,Paytm,UPI_PAYMENT,user830836@paytm,freshmartre577@yesbank,HDFC Bank,YES BANK,MER_145426,FreshMart Retail,Grocery,5411,197.46,INR,SUCCESS,00,,526793246688,BRN4035381331,UPI,ANDROID,Bihar,SETTLED,36,false
TXN_20260803_751268,2026-08-03T20:52:38+05:30,Paytm,UPI_PAYMENT,user625125@paytm,cafebrew249@idfcfirs,ICICI Bank,IDFC FIRST Bank,MER_456427,Cafe Brew,Cafe,5814,162.89,INR,SUCCESS,00,,313025153085,BRN3486475750,UPI,IOS,Karnataka,SETTLED,5,false
TXN_20260807_893965,2026-08-07T20:25:29+05:30,Paytm,UPI_PAYMENT,user376721@paytm,freshmartre132@iciciban,YES BANK,ICICI Bank,MER_180852,FreshMart Retail,Grocery,5411,2324.48,INR,SUCCESS,00,,560190383660,BRN7739888682,UPI,IOS,Madhya Pradesh,SETTLED,28,false
TXN_20260808_905467,2026-08-08T02:29:19+05:30,Paytm,UPI_PAYMENT,user642848@paytm,medicarepha24@axisbank,HDFC Bank,Axis Bank,MER_650494,MediCare Pharmacy,Pharmacy,5912,723.25,INR,SUCCESS,00,,665567638433,BRN4874796719,UPI,ANDROID,Uttar Pradesh,SETTLED,32,false
TXN_20260804_203783,2026-08-04T12:06:11+05:30,Paytm,UPI_PAYMENT,user607548@paytm,techsquaree514@stateban,Central Bank of India,State Bank of India,MER_770351,TechSquare Electronics,Electronics,5732,237.37,INR,SUCCESS,00,,576287635849,BRN2859753235,UPI,ANDROID,Bihar,SETTLED,32,false
TXN_20260806_232787,2026-08-06T04:39:32+05:30,Paytm,UPI_PAYMENT,user888443@paytm,mobilerecha263@indianba,Punjab National Bank,Indian Bank,MER_216769,Mobile Recharge Hub,Telecom,4814,204.59,INR,SUCCESS,00,,829323906716,BRN4401042580,UPI,IOS,Haryana,SETTLED,53,false
TXN_20260808_188225,2026-08-08T01:24:07+05:30,Paytm,UPI_PAYMENT,user978902@paytm,cafebrew422@unionban,Canara Bank,Union Bank of India,MER_444373,Cafe Brew,Cafe,5814,36.32,INR,PENDING,P01,,632772619576,BRN1511199924,UPI,ANDROID,Delhi,PENDING,45,false
TXN_20260804_675173,2026-08-04T07:28:05+05:30,Paytm,UPI_PAYMENT,user12336@paytm,utilitypays701@punjabna,Punjab National Bank,Punjab National Bank,MER_308139,UtilityPay Services,Utilities,4900,253.04,INR,SUCCESS,00,,723100025902,BRN5572671355,UPI,ANDROID,Punjab,PENDING,53,false
TXN_20260808_245817,2026-08-08T07:25:49+05:30,Paytm,UPI_PAYMENT,user887373@paytm,cafebrew666@iciciban,HDFC Bank,ICICI Bank,MER_114744,Cafe Brew,Cafe,5814,162.98,INR,SUCCESS,00,,342367889954,BRN7162376196,UPI,ANDROID,Odisha,SETTLED,15,false
TXN_20260802_908429,2026-08-02T08:55:23+05:30,Paytm,UPI_PAYMENT,user163864@paytm,techsquaree826@stateban,IndusInd Bank,State Bank of India,MER_688122,TechSquare Electronics,Electronics,5732,208.67,INR,SUCCESS,00,,269899868667,BRN9096666824,UPI,ANDROID,Maharashtra,SETTLED,35,false
TXN_20260808_310687,2026-08-08T05:32:09+05:30,Paytm,UPI_PAYMENT,user104562@paytm,fitzonegym170@bankofin,ICICI Bank,Bank of India,MER_612665,FitZone Gym,Fitness,7997,255.60,INR,SUCCESS,00,,421891394191,BRN2608629766,UPI,IOS,Maharashtra,SETTLED,10,false
TXN_20260801_422169,2026-08-01T19:08:56+05:30,Paytm,UPI_PAYMENT,user780497@paytm,stylehubfas484@idfcfirs,HDFC Bank,IDFC FIRST Bank,MER_455341,StyleHub Fashion,Apparel,5651,40.94,INR,SUCCESS,00,,790192706321,BRN5187884193,UPI,ANDROID,Delhi,SETTLED,65,false
TXN_20260805_976164,2026-08-05T06:38:31+05:30,Paytm,UPI_PAYMENT,user949671@paytm,mobilerecha538@stateban,Indian Bank,State Bank of India,MER_612942,Mobile Recharge Hub,Telecom,4814,469.64,INR,SUCCESS,00,,667570755424,BRN1125430914,UPI,ANDROID,West Bengal,SETTLED,38,false
TXN_20260808_331659,2026-08-08T05:59:52+05:30,Paytm,UPI_PAYMENT,user312833@paytm,medicarepha621@idfcfirs,HDFC Bank,IDFC FIRST Bank,MER_752188,MediCare Pharmacy,Pharmacy,5912,2059.79,INR,SUCCESS,00,,963262829526,BRN1698651676,UPI,IOS,Delhi,SETTLED,54,false
TXN_20260804_898946,2026-08-04T16:04:23+05:30,Paytm,UPI_PAYMENT,user703966@paytm,utilitypays810@iciciban,State Bank of India,ICICI Bank,MER_561342,UtilityPay Services,Utilities,4900,294.61,INR,SUCCESS,00,,107917172522,BRN7775757452,UPI,ANDROID,Jharkhand,SETTLED,33,false
TXN_20260801_734624,2026-08-01T21:54:58+05:30,Paytm,UPI_PAYMENT,user959617@paytm,mobilerecha117@hdfcbank,Bank of Baroda,HDFC Bank,MER_329745,Mobile Recharge Hub,Telecom,4814,196.93,INR,SUCCESS,00,,572314908586,BRN8440242651,UPI,ANDROID,Andhra Pradesh,PENDING,60,false
TXN_20260805_166327,2026-08-05T08:15:50+05:30,Paytm,UPI_PAYMENT,user920345@paytm,quickfuelst423@iciciban,IndusInd Bank,ICICI Bank,MER_903716,QuickFuel Station,Fuel,5541,1403.74,INR,SUCCESS,00,,446499224719,BRN2946578455,UPI,ANDROID,Rajasthan,SETTLED,22,false
TXN_20260804_780737,2026-08-04T03:46:06+05:30,Paytm,UPI_PAYMENT,user19360@paytm,utilitypays418@hdfcbank,HDFC Bank,HDFC Bank,MER_114255,UtilityPay Services,Utilities,4900,271.87,INR,SUCCESS,00,,523269488972,BRN4351578829,UPI,ANDROID,Tamil Nadu,SETTLED,46,false
TXN_20260809_988335,2026-08-09T23:44:18+05:30,Paytm,UPI_PAYMENT,user564545@paytm,techsquaree767@punjabna,Federal Bank,Punjab National Bank,MER_166477,TechSquare Electronics,Electronics,5732,1531.17,INR,SUCCESS,00,,878407373795,BRN9865035682,UPI,IOS,Telangana,SETTLED,47,false
TXN_20260807_485946,2026-08-07T02:53:03+05:30,Paytm,UPI_PAYMENT,user759741@paytm,metromobili911@stateban,ICICI Bank,State Bank of India,MER_824148,Metro Mobility,Transport,4121,120.92,INR,SUCCESS,00,,210953303308,BRN3017144516,UPI,ANDROID,Punjab,SETTLED,25,false
TXN_20260809_595738,2026-08-09T16:17:41+05:30,Paytm,UPI_PAYMENT,user348333@paytm,freshmartre917@hdfcbank,State Bank of India,HDFC Bank,MER_609392,FreshMart Retail,Grocery,5411,399.22,INR,SUCCESS,00,,655321471428,BRN6687095867,UPI,ANDROID,Telangana,SETTLED,30,false
TXN_20260809_796051,2026-08-09T23:02:48+05:30,Paytm,UPI_PAYMENT,user876922@paytm,fitzonegym441@axisbank,Canara Bank,Axis Bank,MER_164774,FitZone Gym,Fitness,7997,173.46,INR,SUCCESS,00,,424010632039,BRN5789361303,UPI,ANDROID,Tamil Nadu,SETTLED,65,false
TXN_20260803_317823,2026-08-03T06:28:36+05:30,Paytm,UPI_PAYMENT,user670629@paytm,quickfuelst368@kotakmah,IndusInd Bank,Kotak Mahindra Bank,MER_447317,QuickFuel Station,Fuel,5541,188.64,INR,SUCCESS,00,,221476501182,BRN7536547020,UPI,ANDROID,Uttar Pradesh,PENDING,32,false
TXN_20260808_402980,2026-08-08T11:22:55+05:30,Paytm,UPI_PAYMENT,user537339@paytm,stylehubfas659@hdfcbank,Indian Overseas Bank,HDFC Bank,MER_738796,StyleHub Fashion,Apparel,5651,214.77,INR,SUCCESS,00,,942039232848,BRN6696255482,UPI,IOS,Telangana,SETTLED,24,false
TXN_20260802_672106,2026-08-02T09:32:44+05:30,Paytm,UPI_PAYMENT,user195191@paytm,booknest855@axisbank,Federal Bank,Axis Bank,MER_617351,BookNest,Books,5942,232.78,INR,SUCCESS,00,,159111928251,BRN3965332432,UPI,ANDROID,Assam,SETTLED,27,false
TXN_20260803_495179,2026-08-03T04:39:52+05:30,Paytm,UPI_PAYMENT,user578461@paytm,homebasket167@stateban,Federal Bank,State Bank of India,MER_754700,HomeBasket,Home & Living,5712,1208.19,INR,SUCCESS,00,,443681132030,BRN4135439897,UPI,IOS,Karnataka,PENDING,66,false
TXN_20260803_502305,2026-08-03T02:07:13+05:30,Paytm,UPI_PAYMENT,user177228@paytm,homebasket410@iciciban,Axis Bank,ICICI Bank,MER_130597,HomeBasket,Home & Living,5712,434.29,INR,SUCCESS,00,,868222354228,BRN6495976290,UPI,ANDROID,West Bengal,SETTLED,61,false
TXN_20260808_722215,2026-08-08T01:12:13+05:30,Paytm,UPI_PAYMENT,user553415@paytm,urbaneats524@hdfcbank,YES BANK,HDFC Bank,MER_299997,Urban Eats,Restaurant,5812,303.09,INR,SUCCESS,00,,219853864019,BRN2845783912,UPI,ANDROID,Karnataka,SETTLED,56,false
TXN_20260801_369554,2026-08-01T19:07:52+05:30,Paytm,UPI_PAYMENT,user190703@paytm,booknest979@axisbank,State Bank of India,Axis Bank,MER_736002,BookNest,Books,5942,84.08,INR,SUCCESS,00,,998931554485,BRN3056689498,UPI,ANDROID,Uttar Pradesh,SETTLED,48,false
TXN_20260805_722103,2026-08-05T01:13:16+05:30,Paytm,UPI_PAYMENT,user807623@paytm,stylehubfas736@punjabna,Axis Bank,Punjab National Bank,MER_236527,StyleHub Fashion,Apparel,5651,156.78,INR,SUCCESS,00,,216867461506,BRN9667941996,UPI,IOS,Bihar,PENDING,30,false
TXN_20260801_413375,2026-08-01T17:49:55+05:30,Paytm,UPI_PAYMENT,user967777@paytm,homebasket488@kotakmah,ICICI Bank,Kotak Mahindra Bank,MER_156803,HomeBasket,Home & Living,5712,571.96,INR,SUCCESS,00,,399772018795,BRN3063348750,UPI,IOS,Jharkhand,PENDING,35,false
TXN_20260801_775409,2026-08-01T11:48:58+05:30,Paytm,UPI_PAYMENT,user788523@paytm,medicarepha319@idfcfirs,Punjab National Bank,IDFC FIRST Bank,MER_403800,MediCare Pharmacy,Pharmacy,5912,429.62,INR,SUCCESS,00,,351386280435,BRN9159070778,UPI,ANDROID,Tamil Nadu,SETTLED,23,false
TXN_20260808_680345,2026-08-08T11:08:35+05:30,Paytm,UPI_PAYMENT,user950927@paytm,stylehubfas212@idfcfirs,Central Bank of India,IDFC FIRST Bank,MER_997327,StyleHub Fashion,Apparel,5651,2474.97,INR,SUCCESS,00,,996552190700,BRN1456947718,UPI,ANDROID,Rajasthan,SETTLED,30,false
TXN_20260808_731137,2026-08-08T19:52:36+05:30,Paytm,UPI_PAYMENT,user745563@paytm,quickfuelst591@punjabna,ICICI Bank,Punjab National Bank,MER_914501,QuickFuel Station,Fuel,5541,225.07,INR,SUCCESS,00,,496827046681,BRN1341407514,UPI,WEB,Uttar Pradesh,SETTLED,53,false
TXN_20260805_139812,2026-08-05T16:15:27+05:30,Paytm,UPI_PAYMENT,user706666@paytm,techsquaree375@stateban,ICICI Bank,State Bank of India,MER_555851,TechSquare Electronics,Electronics,5732,321.00,INR,SUCCESS,00,,373875209993,BRN9381301160,UPI,ANDROID,Bihar,SETTLED,16,false
TXN_20260803_357826,2026-08-03T20:20:59+05:30,Paytm,UPI_PAYMENT,user772407@paytm,homebasket751@federalb,Union Bank of India,Federal Bank,MER_334444,HomeBasket,Home & Living,5712,1042.70,INR,SUCCESS,00,,992460106985,BRN4177761289,UPI,ANDROID,Kerala,PENDING,14,false
TXN_20260808_569901,2026-08-08T16:54:08+05:30,Paytm,UPI_PAYMENT,user309090@paytm,medicarepha936@kotakmah,Punjab National Bank,Kotak Mahindra Bank,MER_575585,MediCare Pharmacy,Pharmacy,5912,807.23,INR,SUCCESS,00,,607577523857,BRN4032081529,UPI,IOS,Maharashtra,SETTLED,20,false
TXN_20260804_530398,2026-08-04T05:46:16+05:30,Paytm,UPI_PAYMENT,user940868@paytm,booknest667@hdfcbank,Axis Bank,HDFC Bank,MER_642407,BookNest,Books,5942,91.15,INR,SUCCESS,00,,261722187614,BRN6870238740,UPI,ANDROID,Bihar,SETTLED,16,false
TXN_20260804_871547,2026-08-04T22:27:45+05:30,Paytm,UPI_PAYMENT,user366983@paytm,techsquaree471@bankofba,HDFC Bank,Bank of Baroda,MER_792295,TechSquare Electronics,Electronics,5732,597.75,INR,SUCCESS,00,,437990581513,BRN1214647971,UPI,IOS,Chhattisgarh,PENDING,47,false
TXN_20260808_365947,2026-08-08T15:30:33+05:30,Paytm,UPI_PAYMENT,user583558@paytm,urbaneats562@canaraba,HDFC Bank,Canara Bank,MER_537894,Urban Eats,Restaurant,5812,47.28,INR,PENDING,P01,,954755581862,BRN1324465773,UPI,ANDROID,Bihar,PENDING,26,false
TXN_20260809_308259,2026-08-09T18:06:23+05:30,Paytm,UPI_PAYMENT,user911792@paytm,edulearnser158@kotakmah,HDFC Bank,Kotak Mahindra Bank,MER_135254,EduLearn Services,Education,8299,66.79,INR,SUCCESS,00,,560722044656,BRN9842738111,UPI,ANDROID,Karnataka,SETTLED,35,false
TXN_20260802_731023,2026-08-02T06:07:39+05:30,Paytm,UPI_PAYMENT,user978037@paytm,booknest602@punjabna,Kotak Mahindra Bank,Punjab National Bank,MER_504646,BookNest,Books,5942,1073.47,INR,SUCCESS,00,,189829867789,BRN4341734641,UPI,IOS,Tamil Nadu,SETTLED,30,false
TXN_20260808_390064,2026-08-08T18:52:36+05:30,Paytm,UPI_PAYMENT,user353483@paytm,utilitypays691@stateban,ICICI Bank,State Bank of India,MER_522047,UtilityPay Services,Utilities,4900,64.99,INR,SUCCESS,00,,671182534720,BRN2486026259,UPI,ANDROID,Haryana,SETTLED,14,false
TXN_20260805_868389,2026-08-05T15:15:07+05:30,Paytm,UPI_PAYMENT,user306317@paytm,edulearnser744@stateban,Canara Bank,State Bank of India,MER_244845,EduLearn Services,Education,8299,453.23,INR,SUCCESS,00,,843708245264,BRN9657932264,UPI,ANDROID,Maharashtra,SETTLED,7,false
TXN_20260804_149913,2026-08-04T23:50:08+05:30,Paytm,UPI_PAYMENT,user57712@paytm,quickfuelst550@hdfcbank,Bank of Baroda,HDFC Bank,MER_589678,QuickFuel Station,Fuel,5541,109.47,INR,SUCCESS,00,,960598467017,BRN6739801313,UPI,IOS,Tamil Nadu,SETTLED,21,false
TXN_20260805_507307,2026-08-05T08:36:47+05:30,Paytm,UPI_PAYMENT,user905679@paytm,metromobili360@ucobank,Punjab National Bank,UCO Bank,MER_137692,Metro Mobility,Transport,4121,510.49,INR,SUCCESS,00,,847475644592,BRN1106413947,UPI,ANDROID,Kerala,SETTLED,38,false
TXN_20260807_761404,2026-08-07T03:54:22+05:30,Paytm,UPI_PAYMENT,user433330@paytm,freshmartre80@bankofba,ICICI Bank,Bank of Baroda,MER_313176,FreshMart Retail,Grocery,5411,452.94,INR,SUCCESS,00,,329369491250,BRN8438371110,UPI,ANDROID,Maharashtra,SETTLED,46,false
TXN_20260802_401343,2026-08-02T05:27:37+05:30,Paytm,UPI_PAYMENT,user692885@paytm,freshmartre764@hdfcbank,Kotak Mahindra Bank,HDFC Bank,MER_492513,FreshMart Retail,Grocery,5411,2292.14,INR,SUCCESS,00,,473043354406,BRN9449587282,UPI,ANDROID,Bihar,SETTLED,72,false
TXN_20260804_531975,2026-08-04T09:04:04+05:30,Paytm,UPI_PAYMENT,user900850@paytm,booknest199@hdfcbank,IndusInd Bank,HDFC Bank,MER_172475,BookNest,Books,5942,68.09,INR,SUCCESS,00,,503001360415,BRN8105243115,UPI,ANDROID,Uttar Pradesh,SETTLED,61,false
TXN_20260808_364963,2026-08-08T10:49:32+05:30,Paytm,UPI_PAYMENT,user28205@paytm,stylehubfas62@punjabna,ICICI Bank,Punjab National Bank,MER_549003,StyleHub Fashion,Apparel,5651,746.65,INR,SUCCESS,00,,894146029533,BRN7199584466,UPI,ANDROID,Haryana,SETTLED,36,false
TXN_20260808_353805,2026-08-08T00:47:25+05:30,Paytm,UPI_PAYMENT,user46224@paytm,utilitypays613@indusind,State Bank of India,IndusInd Bank,MER_956226,UtilityPay Services,Utilities,4900,154.11,INR,SUCCESS,00,,495206248248,BRN6236839959,UPI,ANDROID,Tamil Nadu,PENDING,35,false
TXN_20260804_710902,2026-08-04T17:17:15+05:30,Paytm,UPI_PAYMENT,user806811@paytm,freshmartre333@idfcfirs,State Bank of India,IDFC FIRST Bank,MER_751780,FreshMart Retail,Grocery,5411,135.77,INR,SUCCESS,00,,354375909172,BRN4901956833,UPI,IOS,Assam,SETTLED,32,false
TXN_20260804_827173,2026-08-04T15:41:30+05:30,Paytm,UPI_PAYMENT,user313425@paytm,medicarepha903@hdfcbank,Bandhan Bank,HDFC Bank,MER_787404,MediCare Pharmacy,Pharmacy,5912,173.87,INR,SUCCESS,00,,720056480958,BRN9429635469,UPI,ANDROID,Karnataka,SETTLED,9,false
TXN_20260808_326967,2026-08-08T16:12:32+05:30,Paytm,UPI_PAYMENT,user168727@paytm,freshmartre812@yesbank,State Bank of India,YES BANK,MER_898626,FreshMart Retail,Grocery,5411,736.33,INR,SUCCESS,00,,319857264516,BRN6842812579,UPI,ANDROID,Uttar Pradesh,SETTLED,40,false
TXN_20260803_207216,2026-08-03T16:27:39+05:30,Paytm,UPI_PAYMENT,user967476@paytm,techsquaree333@canaraba,ICICI Bank,Canara Bank,MER_806850,TechSquare Electronics,Electronics,5732,96.43,INR,SUCCESS,00,,383955006844,BRN9229905169,UPI,ANDROID,West Bengal,SETTLED,76,false
TXN_20260802_797859,2026-08-02T18:33:47+05:30,Paytm,UPI_PAYMENT,user120320@paytm,techsquaree637@hdfcbank,ICICI Bank,HDFC Bank,MER_914042,TechSquare Electronics,Electronics,5732,116.63,INR,SUCCESS,00,,332818661396,BRN5900349857,UPI,ANDROID,Maharashtra,SETTLED,31,false
TXN_20260804_893477,2026-08-04T23:01:04+05:30,Paytm,UPI_PAYMENT,user150072@paytm,booknest863@federalb,Canara Bank,Federal Bank,MER_846253,BookNest,Books,5942,178.40,INR,SUCCESS,00,,465307375462,BRN7738051053,UPI,ANDROID,Punjab,SETTLED,69,false
TXN_20260802_242096,2026-08-02T18:45:09+05:30,Paytm,UPI_PAYMENT,user50651@paytm,fitzonegym853@hdfcbank,YES BANK,HDFC Bank,MER_868087,FitZone Gym,Fitness,7997,420.32,INR,SUCCESS,00,,130227975511,BRN5535900192,UPI,ANDROID,Rajasthan,SETTLED,10,false
TXN_20260807_584286,2026-08-07T11:47:53+05:30,Paytm,UPI_PAYMENT,user600497@paytm,cafebrew855@canaraba,State Bank of India,Canara Bank,MER_454108,Cafe Brew,Cafe,5814,502.23,INR,SUCCESS,00,,463005905286,BRN7759870588,UPI,ANDROID,Odisha,SETTLED,7,false
TXN_20260804_325519,2026-08-04T21:49:38+05:30,Paytm,UPI_PAYMENT,user824654@paytm,urbaneats318@kotakmah,State Bank of India,Kotak Mahindra Bank,MER_507969,Urban Eats,Restaurant,5812,159.78,INR,SUCCESS,00,,462769147892,BRN8772342147,UPI,ANDROID,West Bengal,SETTLED,11,false
TXN_20260808_376240,2026-08-08T01:23:41+05:30,Paytm,UPI_PAYMENT,user449351@paytm,urbaneats41@stateban,Kotak Mahindra Bank,State Bank of India,MER_299915,Urban Eats,Restaurant,5812,136.44,INR,SUCCESS,00,,989884971170,BRN8694904710,UPI,IOS,Kerala,SETTLED,1,false
TXN_20260809_437188,2026-08-09T00:58:32+05:30,Paytm,UPI_PAYMENT,user730589@paytm,techsquaree820@axisbank,State Bank of India,Axis Bank,MER_901638,TechSquare Electronics,Electronics,5732,1046.47,INR,SUCCESS,00,,687307488178,BRN6122150845,UPI,ANDROID,Andhra Pradesh,SETTLED,72,false
TXN_20260806_426374,2026-08-06T09:23:57+05:30,Paytm,UPI_PAYMENT,user933715@paytm,cafebrew699@bankofba,ICICI Bank,Bank of Baroda,MER_278017,Cafe Brew,Cafe,5814,718.39,INR,SUCCESS,00,,192177667232,BRN7133083879,UPI,ANDROID,Karnataka,SETTLED,1,false
TXN_20260806_401854,2026-08-06T05:54:30+05:30,Paytm,UPI_PAYMENT,user773336@paytm,urbaneats67@stateban,ICICI Bank,State Bank of India,MER_256231,Urban Eats,Restaurant,5812,49.71,INR,SUCCESS,00,,892779381903,BRN3651455174,UPI,ANDROID,Karnataka,PENDING,48,false
TXN_20260803_366530,2026-08-03T16:55:33+05:30,Paytm,UPI_PAYMENT,user341659@paytm,stylehubfas678@indianov,Axis Bank,Indian Overseas Bank,MER_598676,StyleHub Fashion,Apparel,5651,279.82,INR,SUCCESS,00,,594409657966,BRN8447672517,UPI,ANDROID,Tamil Nadu,SETTLED,11,false
TXN_20260802_269237,2026-08-02T06:28:03+05:30,Paytm,UPI_PAYMENT,user676356@paytm,urbaneats548@axisbank,HDFC Bank,Axis Bank,MER_955553,Urban Eats,Restaurant,5812,983.23,INR,SUCCESS,00,,785882581092,BRN4034609303,UPI,IOS,Karnataka,SETTLED,27,false
TXN_20260809_917667,2026-08-09T14:49:55+05:30,Paytm,UPI_PAYMENT,user361100@paytm,booknest917@punjabna,Bank of India,Punjab National Bank,MER_605352,BookNest,Books,5942,229.91,INR,SUCCESS,00,,400761742290,BRN6787829242,UPI,ANDROID,Maharashtra,SETTLED,29,false
TXN_20260809_131831,2026-08-09T07:47:26+05:30,Paytm,UPI_PAYMENT,user570324@paytm,quickfuelst928@stateban,Axis Bank,State Bank of India,MER_254732,QuickFuel Station,Fuel,5541,169.04,INR,SUCCESS,00,,112472724162,BRN7070159068,UPI,ANDROID,Bihar,SETTLED,24,false
TXN_20260803_181097,2026-08-03T17:52:50+05:30,Paytm,UPI_PAYMENT,user689295@paytm,stylehubfas700@stateban,HDFC Bank,State Bank of India,MER_151771,StyleHub Fashion,Apparel,5651,125.91,INR,SUCCESS,00,,862984017608,BRN5973144458,UPI,IOS,Karnataka,SETTLED,1,false
TXN_20260803_154126,2026-08-03T10:52:27+05:30,Paytm,UPI_PAYMENT,user920240@paytm,mobilerecha295@idfcfirs,State Bank of India,IDFC FIRST Bank,MER_638168,Mobile Recharge Hub,Telecom,4814,211.39,INR,SUCCESS,00,,904149535899,BRN5957684410,UPI,IOS,West Bengal,SETTLED,52,false
TXN_20260807_299661,2026-08-07T01:27:06+05:30,Paytm,UPI_PAYMENT,user777674@paytm,stylehubfas605@kotakmah,State Bank of India,Kotak Mahindra Bank,MER_122532,StyleHub Fashion,Apparel,5651,43.24,INR,SUCCESS,00,,981162177240,BRN4890399117,UPI,ANDROID,Karnataka,SETTLED,18,false
TXN_20260802_224146,2026-08-02T12:43:24+05:30,Paytm,UPI_PAYMENT,user997773@paytm,metromobili619@hdfcbank,Kotak Mahindra Bank,HDFC Bank,MER_611823,Metro Mobility,Transport,4121,442.18,INR,SUCCESS,00,,129735855596,BRN1092189593,UPI,IOS,Tamil Nadu,SETTLED,35,false
TXN_20260804_350032,2026-08-04T15:24:30+05:30,Paytm,UPI_PAYMENT,user2895@paytm,freshmartre216@iciciban,Punjab National Bank,ICICI Bank,MER_279334,FreshMart Retail,Grocery,5411,53.73,INR,SUCCESS,00,,990398417055,BRN4820375500,UPI,ANDROID,Uttarakhand,SETTLED,42,false
TXN_20260801_527354,2026-08-01T21:38:16+05:30,Paytm,UPI_PAYMENT,user84414@paytm,booknest493@kotakmah,Canara Bank,Kotak Mahindra Bank,MER_141160,BookNest,Books,5942,166.13,INR,SUCCESS,00,,513797131115,BRN4378836716,UPI,ANDROID,Kerala,SETTLED,23,false
TXN_20260806_922969,2026-08-06T12:34:34+05:30,Paytm,UPI_PAYMENT,user405959@paytm,quickfuelst94@hdfcbank,AU Small Finance Bank,HDFC Bank,MER_354752,QuickFuel Station,Fuel,5541,178.14,INR,SUCCESS,00,,165907512578,BRN5549307804,UPI,ANDROID,Madhya Pradesh,SETTLED,27,false
TXN_20260803_894510,2026-08-03T23:45:15+05:30,Paytm,UPI_PAYMENT,user291213@paytm,edulearnser136@indusind,ICICI Bank,IndusInd Bank,MER_381294,EduLearn Services,Education,8299,281.52,INR,SUCCESS,00,,591490205990,BRN5928747468,UPI,ANDROID,Karnataka,SETTLED,51,false
TXN_20260801_523018,2026-08-01T05:58:02+05:30,Paytm,UPI_PAYMENT,user651536@paytm,fitzonegym304@stateban,YES BANK,State Bank of India,MER_606469,FitZone Gym,Fitness,7997,1227.40,INR,SUCCESS,00,,439125655356,BRN7477247512,UPI,ANDROID,Karnataka,SETTLED,27,false
TXN_20260803_247941,2026-08-03T03:58:39+05:30,Paytm,UPI_PAYMENT,user815804@paytm,quickfuelst492@stateban,HDFC Bank,State Bank of India,MER_122027,QuickFuel Station,Fuel,5541,373.97,INR,SUCCESS,00,,136155914400,BRN3155876169,UPI,ANDROID,West Bengal,PENDING,7,false
TXN_20260809_503440,2026-08-09T09:09:40+05:30,Paytm,UPI_PAYMENT,user182786@paytm,stylehubfas698@hdfcbank,Canara Bank,HDFC Bank,MER_683851,StyleHub Fashion,Apparel,5651,87.54,INR,SUCCESS,00,,269633288172,BRN2707222675,UPI,ANDROID,Maharashtra,SETTLED,1,false
TXN_20260809_478509,2026-08-09T11:52:42+05:30,Paytm,UPI_PAYMENT,user177794@paytm,booknest799@hdfcbank,Bank of Baroda,HDFC Bank,MER_288553,BookNest,Books,5942,204.49,INR,SUCCESS,00,,632763903747,BRN2231488063,UPI,ANDROID,Rajasthan,SETTLED,12,false
TXN_20260805_434148,2026-08-05T02:54:44+05:30,Paytm,UPI_PAYMENT,user768946@paytm,edulearnser18@axisbank,Kotak Mahindra Bank,Axis Bank,MER_491741,EduLearn Services,Education,8299,154.37,INR,SUCCESS,00,,607524162488,BRN2668900614,UPI,IOS,Odisha,SETTLED,27,false
TXN_20260809_395843,2026-08-09T07:35:55+05:30,Paytm,UPI_PAYMENT,user537568@paytm,stylehubfas963@hdfcbank,State Bank of India,HDFC Bank,MER_989708,StyleHub Fashion,Apparel,5651,456.86,INR,SUCCESS,00,,325322105858,BRN2371193576,UPI,ANDROID,Jharkhand,SETTLED,26,false
TXN_20260808_215017,2026-08-08T09:51:28+05:30,Paytm,UPI_PAYMENT,user988228@paytm,booknest61@hdfcbank,HDFC Bank,HDFC Bank,MER_198637,BookNest,Books,5942,264.07,INR,SUCCESS,00,,359608972488,BRN3756010636,UPI,ANDROID,Jharkhand,SETTLED,57,false
TXN_20260809_408845,2026-08-09T14:35:54+05:30,Paytm,UPI_PAYMENT,user523542@paytm,homebasket149@iciciban,ICICI Bank,ICICI Bank,MER_682168,HomeBasket,Home & Living,5712,447.43,INR,SUCCESS,00,,781514023448,BRN7649277828,UPI,ANDROID,Uttar Pradesh,PENDING,28,false
TXN_20260805_394101,2026-08-05T16:33:14+05:30,Paytm,UPI_PAYMENT,user362051@paytm,metromobili535@iciciban,Bank of Baroda,ICICI Bank,MER_615436,Metro Mobility,Transport,4121,298.48,INR,SUCCESS,00,,907157233584,BRN4613411439,UPI,WEB,Chhattisgarh,SETTLED,28,false
TXN_20260804_922076,2026-08-04T17:31:50+05:30,Paytm,UPI_PAYMENT,user344692@paytm,freshmartre639@bankofba,ICICI Bank,Bank of Baroda,MER_900536,FreshMart Retail,Grocery,5411,275.43,INR,SUCCESS,00,,516611576489,BRN3905304365,UPI,IOS,Madhya Pradesh,SETTLED,26,false
TXN_20260801_655230,2026-08-01T01:43:47+05:30,Paytm,UPI_PAYMENT,user475665@paytm,booknest958@iciciban,ICICI Bank,ICICI Bank,MER_862566,BookNest,Books,5942,1229.21,INR,SUCCESS,00,,731193677457,BRN3031555886,UPI,ANDROID,Telangana,PENDING,37,false
TXN_20260805_532138,2026-08-05T17:21:12+05:30,Paytm,UPI_PAYMENT,user266462@paytm,fitzonegym545@axisbank,Axis Bank,Axis Bank,MER_996389,FitZone Gym,Fitness,7997,1472.73,INR,SUCCESS,00,,201140320270,BRN4484138678,UPI,WEB,Jharkhand,SETTLED,22,false
TXN_20260809_184061,2026-08-09T04:28:11+05:30,Paytm,UPI_PAYMENT,user839265@paytm,urbaneats954@stateban,Central Bank of India,State Bank of India,MER_223678,Urban Eats,Restaurant,5812,164.81,INR,SUCCESS,00,,209778605809,BRN6618534321,UPI,IOS,Maharashtra,SETTLED,37,false
TXN_20260809_682736,2026-08-09T13:54:37+05:30,Paytm,UPI_PAYMENT,user77057@paytm,quickfuelst505@indianba,Axis Bank,Indian Bank,MER_648805,QuickFuel Station,Fuel,5541,44.45,INR,SUCCESS,00,,629667282260,BRN1482898668,UPI,IOS,Rajasthan,SETTLED,82,false
TXN_20260803_949695,2026-08-03T10:23:57+05:30,Paytm,UPI_PAYMENT,user666807@paytm,fitzonegym136@indianba,Indian Bank,Indian Bank,MER_900135,FitZone Gym,Fitness,7997,482.89,INR,SUCCESS,00,,506658421960,BRN9970607788,UPI,IOS,Karnataka,SETTLED,44,false
TXN_20260805_358956,2026-08-05T04:23:36+05:30,Paytm,UPI_PAYMENT,user729287@paytm,medicarepha652@hdfcbank,Union Bank of India,HDFC Bank,MER_119027,MediCare Pharmacy,Pharmacy,5912,293.63,INR,SUCCESS,00,,709540653282,BRN7684204979,UPI,ANDROID,Haryana,SETTLED,4,false
TXN_20260803_850262,2026-08-03T01:20:54+05:30,Paytm,UPI_PAYMENT,user568899@paytm,fitzonegym643@iciciban,State Bank of India,ICICI Bank,MER_875850,FitZone Gym,Fitness,7997,32.05,INR,SUCCESS,00,,615697356084,BRN5256549392,UPI,ANDROID,Tamil Nadu,SETTLED,1,false
TXN_20260802_184358,2026-08-02T05:29:01+05:30,Paytm,UPI_PAYMENT,user46082@paytm,quickfuelst787@stateban,State Bank of India,State Bank of India,MER_449164,QuickFuel Station,Fuel,5541,132.73,INR,SUCCESS,00,,390128616227,BRN7964632265,UPI,ANDROID,West Bengal,SETTLED,52,false
TXN_20260804_133601,2026-08-04T11:49:57+05:30,Paytm,UPI_PAYMENT,user708359@paytm,freshmartre194@kotakmah,ICICI Bank,Kotak Mahindra Bank,MER_843989,FreshMart Retail,Grocery,5411,254.81,INR,SUCCESS,00,,397099950806,BRN5511206777,UPI,WEB,Andhra Pradesh,SETTLED,29,false
TXN_20260808_979633,2026-08-08T03:43:37+05:30,Paytm,UPI_PAYMENT,user597856@paytm,freshmartre995@hdfcbank,Bank of Baroda,HDFC Bank,MER_309536,FreshMart Retail,Grocery,5411,461.27,INR,SUCCESS,00,,963163714860,BRN5278836834,UPI,IOS,Rajasthan,SETTLED,21,false
TXN_20260801_373417,2026-08-01T04:28:02+05:30,Paytm,UPI_PAYMENT,user467946@paytm,stylehubfas574@idfcfirs,Axis Bank,IDFC FIRST Bank,MER_410598,StyleHub Fashion,Apparel,5651,103.02,INR,SUCCESS,00,,967261055463,BRN7214364883,UPI,ANDROID,Karnataka,SETTLED,13,false
TXN_20260805_826079,2026-08-05T00:14:49+05:30,Paytm,UPI_PAYMENT,user332553@paytm,stylehubfas321@unionban,Kotak Mahindra Bank,Union Bank of India,MER_301874,StyleHub Fashion,Apparel,5651,239.69,INR,SUCCESS,00,,463284630168,BRN5131829474,UPI,ANDROID,Kerala,SETTLED,8,false
TXN_20260808_416021,2026-08-08T17:29:26+05:30,Paytm,UPI_PAYMENT,user294250@paytm,urbaneats301@idfcfirs,ICICI Bank,IDFC FIRST Bank,MER_374639,Urban Eats,Restaurant,5812,401.41,INR,SUCCESS,00,,727417418336,BRN4319778726,UPI,ANDROID,Maharashtra,SETTLED,29,false
TXN_20260807_422517,2026-08-07T20:47:44+05:30,Paytm,UPI_PAYMENT,user367217@paytm,quickfuelst530@stateban,State Bank of India,State Bank of India,MER_550070,QuickFuel Station,Fuel,5541,173.95,INR,FAILED,U69,BENEFICIARY_BANK_OFFLINE,553492543997,,UPI,ANDROID,Karnataka,NOT_APPLICABLE,40,false
TXN_20260801_804520,2026-08-01T19:59:23+05:30,Paytm,UPI_PAYMENT,user537430@paytm,urbaneats240@idfcfirs,ICICI Bank,IDFC FIRST Bank,MER_397070,Urban Eats,Restaurant,5812,51.90,INR,SUCCESS,00,,135024116370,BRN9654440900,UPI,ANDROID,Tamil Nadu,PENDING,24,false
TXN_20260803_867608,2026-08-03T10:45:18+05:30,Paytm,UPI_PAYMENT,user1862@paytm,freshmartre963@centralb,Federal Bank,Central Bank of India,MER_375655,FreshMart Retail,Grocery,5411,7462.45,INR,SUCCESS,00,,676886201900,BRN8253435870,UPI,ANDROID,Haryana,SETTLED,2,false
TXN_20260803_454287,2026-08-03T14:04:27+05:30,Paytm,UPI_PAYMENT,user759765@paytm,mobilerecha209@hdfcbank,State Bank of India,HDFC Bank,MER_615309,Mobile Recharge Hub,Telecom,4814,66.81,INR,SUCCESS,00,,628231703905,BRN1874187752,UPI,ANDROID,Haryana,SETTLED,20,false
TXN_20260805_940373,2026-08-05T17:39:59+05:30,Paytm,UPI_PAYMENT,user671623@paytm,stylehubfas446@hdfcbank,Axis Bank,HDFC Bank,MER_791098,StyleHub Fashion,Apparel,5651,181.52,INR,SUCCESS,00,,287055186749,BRN4719744629,UPI,ANDROID,Karnataka,SETTLED,19,false
TXN_20260805_416355,2026-08-05T12:04:14+05:30,Paytm,UPI_PAYMENT,user343935@paytm,urbaneats394@axisbank,Punjab National Bank,Axis Bank,MER_730508,Urban Eats,Restaurant,5812,407.51,INR,SUCCESS,00,,725289498247,BRN2293956176,UPI,ANDROID,Kerala,SETTLED,18,false
TXN_20260808_937476,2026-08-08T07:48:57+05:30,Paytm,UPI_PAYMENT,user819889@paytm,mobilerecha860@kotakmah,State Bank of India,Kotak Mahindra Bank,MER_537749,Mobile Recharge Hub,Telecom,4814,271.68,INR,SUCCESS,00,,495613690322,BRN1835822402,UPI,ANDROID,Telangana,SETTLED,31,false
TXN_20260807_146416,2026-08-07T21:23:09+05:30,Paytm,UPI_PAYMENT,user342056@paytm,stylehubfas611@ucobank,Kotak Mahindra Bank,UCO Bank,MER_470899,StyleHub Fashion,Apparel,5651,850.28,INR,SUCCESS,00,,342544746094,BRN6633167383,UPI,ANDROID,Karnataka,SETTLED,1,false
TXN_20260804_317092,2026-08-04T05:38:21+05:30,Paytm,UPI_PAYMENT,user619377@paytm,utilitypays882@kotakmah,Kotak Mahindra Bank,Kotak Mahindra Bank,MER_324749,UtilityPay Services,Utilities,4900,2736.90,INR,SUCCESS,00,,827538149695,BRN5884674711,UPI,ANDROID,Delhi,SETTLED,1,false
TXN_20260802_992409,2026-08-02T21:39:44+05:30,Paytm,UPI_PAYMENT,user286247@paytm,metromobili98@stateban,YES BANK,State Bank of India,MER_355505,Metro Mobility,Transport,4121,462.46,INR,SUCCESS,00,,807783998333,BRN8725437172,UPI,IOS,Maharashtra,SETTLED,27,false
TXN_20260805_633170,2026-08-05T10:30:58+05:30,Paytm,UPI_PAYMENT,user336396@paytm,stylehubfas62@idfcfirs,Union Bank of India,IDFC FIRST Bank,MER_644377,StyleHub Fashion,Apparel,5651,960.25,INR,SUCCESS,00,,433283189101,BRN7437853773,UPI,ANDROID,West Bengal,SETTLED,52,false
TXN_20260806_494639,2026-08-06T05:33:36+05:30,Paytm,UPI_PAYMENT,user915376@paytm,quickfuelst350@iciciban,Indian Overseas Bank,ICICI Bank,MER_460315,QuickFuel Station,Fuel,5541,202.46,INR,SUCCESS,00,,932976048373,BRN9950198155,UPI,ANDROID,Andhra Pradesh,SETTLED,29,false
TXN_20260803_395069,2026-08-03T17:53:41+05:30,Paytm,UPI_PAYMENT,user769491@paytm,edulearnser814@iciciban,HDFC Bank,ICICI Bank,MER_263205,EduLearn Services,Education,8299,223.00,INR,SUCCESS,00,,486681388696,BRN2699498913,UPI,ANDROID,Uttar Pradesh,SETTLED,33,false
TXN_20260802_222361,2026-08-02T13:14:27+05:30,Paytm,UPI_PAYMENT,user799591@paytm,quickfuelst421@axisbank,YES BANK,Axis Bank,MER_472628,QuickFuel Station,Fuel,5541,661.81,INR,SUCCESS,00,,792552186030,BRN6862465738,UPI,ANDROID,Odisha,SETTLED,1,false
TXN_20260809_118640,2026-08-09T16:43:33+05:30,Paytm,UPI_PAYMENT,user612822@paytm,medicarepha977@iciciban,HDFC Bank,ICICI Bank,MER_673324,MediCare Pharmacy,Pharmacy,5912,410.90,INR,SUCCESS,00,,111049153939,BRN3042750321,UPI,IOS,Karnataka,PENDING,68,false
TXN_20260807_166160,2026-08-07T19:20:19+05:30,Paytm,UPI_PAYMENT,user719979@paytm,booknest944@ucobank,Union Bank of India,UCO Bank,MER_829369,BookNest,Books,5942,85.58,INR,SUCCESS,00,,427154435513,BRN3416743483,UPI,ANDROID,Assam,SETTLED,17,false
TXN_20260808_263089,2026-08-08T10:11:38+05:30,Paytm,UPI_PAYMENT,user81348@paytm,metromobili202@iciciban,Bank of Baroda,ICICI Bank,MER_269017,Metro Mobility,Transport,4121,209.43,INR,SUCCESS,00,,465531507306,BRN8385514332,UPI,ANDROID,Rajasthan,PENDING,29,false
TXN_20260806_148516,2026-08-06T16:23:51+05:30,Paytm,UPI_PAYMENT,user740212@paytm,freshmartre988@stateban,HDFC Bank,State Bank of India,MER_969724,FreshMart Retail,Grocery,5411,899.93,INR,SUCCESS,00,,920157779516,BRN2406653486,UPI,ANDROID,Maharashtra,SETTLED,25,false
TXN_20260807_262238,2026-08-07T18:16:33+05:30,Paytm,UPI_PAYMENT,user654325@paytm,fitzonegym103@stateban,ICICI Bank,State Bank of India,MER_142934,FitZone Gym,Fitness,7997,67.58,INR,SUCCESS,00,,847279558088,BRN3882013109,UPI,ANDROID,Bihar,SETTLED,42,false
TXN_20260808_198952,2026-08-08T10:34:13+05:30,Paytm,UPI_PAYMENT,user78505@paytm,urbaneats210@kotakmah,Canara Bank,Kotak Mahindra Bank,MER_883177,Urban Eats,Restaurant,5812,96.57,INR,SUCCESS,00,,890351126113,BRN4331403675,UPI,IOS,Andhra Pradesh,SETTLED,15,false
TXN_20260801_134084,2026-08-01T05:48:54+05:30,Paytm,UPI_PAYMENT,user221240@paytm,edulearnser381@yesbank,HDFC Bank,YES BANK,MER_626423,EduLearn Services,Education,8299,391.06,INR,SUCCESS,00,,728804112144,BRN9682571376,UPI,ANDROID,Maharashtra,SETTLED,67,false
TXN_20260804_328157,2026-08-04T10:03:48+05:30,Paytm,UPI_PAYMENT,user817737@paytm,quickfuelst734@hdfcbank,Kotak Mahindra Bank,HDFC Bank,MER_418922,QuickFuel Station,Fuel,5541,545.63,INR,SUCCESS,00,,987999083411,BRN1638199349,UPI,ANDROID,Rajasthan,SETTLED,17,false
TXN_20260808_950236,2026-08-08T21:04:31+05:30,Paytm,UPI_PAYMENT,user258624@paytm,freshmartre141@stateban,Axis Bank,State Bank of India,MER_510901,FreshMart Retail,Grocery,5411,65.56,INR,SUCCESS,00,,502920984233,BRN8605016733,UPI,ANDROID,Uttar Pradesh,SETTLED,46,false
TXN_20260808_392041,2026-08-08T18:03:38+05:30,Paytm,UPI_PAYMENT,user629874@paytm,mobilerecha474@bankofba,HDFC Bank,Bank of Baroda,MER_893017,Mobile Recharge Hub,Telecom,4814,426.77,INR,SUCCESS,00,,248519800510,BRN2999399826,UPI,IOS,Maharashtra,PENDING,1,false
TXN_20260808_334688,2026-08-08T05:28:57+05:30,Paytm,UPI_PAYMENT,user450060@paytm,fitzonegym307@iciciban,Bandhan Bank,ICICI Bank,MER_924071,FitZone Gym,Fitness,7997,159.88,INR,SUCCESS,00,,248337711059,BRN7416277371,UPI,WEB,West Bengal,SETTLED,17,false
TXN_20260807_682336,2026-08-07T08:17:04+05:30,Paytm,UPI_PAYMENT,user541876@paytm,edulearnser53@canaraba,State Bank of India,Canara Bank,MER_182353,EduLearn Services,Education,8299,807.61,INR,SUCCESS,00,,591473413149,BRN8355741971,UPI,IOS,Tamil Nadu,SETTLED,45,false
TXN_20260801_438704,2026-08-01T08:50:06+05:30,Paytm,UPI_PAYMENT,user407396@paytm,freshmartre177@hdfcbank,HDFC Bank,HDFC Bank,MER_887395,FreshMart Retail,Grocery,5411,2894.81,INR,SUCCESS,00,,317962145004,BRN7128973175,UPI,IOS,Maharashtra,SETTLED,58,false
TXN_20260805_157570,2026-08-05T15:12:37+05:30,Paytm,UPI_PAYMENT,user488917@paytm,stylehubfas276@iciciban,State Bank of India,ICICI Bank,MER_915416,StyleHub Fashion,Apparel,5651,26.82,INR,SUCCESS,00,,522235146510,BRN2500670225,UPI,ANDROID,Uttar Pradesh,SETTLED,44,false
TXN_20260805_117158,2026-08-05T23:31:48+05:30,Paytm,UPI_PAYMENT,user35527@paytm,homebasket295@idfcfirs,ICICI Bank,IDFC FIRST Bank,MER_651465,HomeBasket,Home & Living,5712,464.21,INR,SUCCESS,00,,900214777188,BRN1382484282,UPI,ANDROID,Haryana,SETTLED,23,false
TXN_20260802_539033,2026-08-02T02:44:41+05:30,Paytm,UPI_PAYMENT,user891021@paytm,fitzonegym749@stateban,Canara Bank,State Bank of India,MER_140769,FitZone Gym,Fitness,7997,56.18,INR,SUCCESS,00,,713861312368,BRN9551213716,UPI,ANDROID,Tamil Nadu,SETTLED,1,false
TXN_20260807_357047,2026-08-07T18:29:45+05:30,Paytm,UPI_PAYMENT,user344775@paytm,metromobili657@axisbank,Axis Bank,Axis Bank,MER_326566,Metro Mobility,Transport,4121,83.48,INR,SUCCESS,00,,686820321803,BRN9897984909,UPI,ANDROID,Uttar Pradesh,SETTLED,22,false
TXN_20260806_410354,2026-08-06T03:55:40+05:30,Paytm,UPI_PAYMENT,user139445@paytm,urbaneats49@axisbank,HDFC Bank,Axis Bank,MER_637676,Urban Eats,Restaurant,5812,30.37,INR,SUCCESS,00,,204818612327,BRN7074692451,UPI,ANDROID,Bihar,SETTLED,26,false
TXN_20260801_595562,2026-08-01T08:40:14+05:30,Paytm,UPI_PAYMENT,user523484@paytm,booknest280@stateban,Punjab National Bank,State Bank of India,MER_543229,BookNest,Books,5942,173.56,INR,SUCCESS,00,,947876903238,BRN7818622987,UPI,ANDROID,Punjab,PENDING,63,false
TXN_20260808_129775,2026-08-08T16:49:36+05:30,Paytm,UPI_PAYMENT,user980378@paytm,urbaneats531@axisbank,Kotak Mahindra Bank,Axis Bank,MER_206582,Urban Eats,Restaurant,5812,166.31,INR,SUCCESS,00,,132536503594,BRN3885499649,UPI,ANDROID,Odisha,SETTLED,37,false
TXN_20260809_556770,2026-08-09T08:04:15+05:30,Paytm,UPI_PAYMENT,user202777@paytm,medicarepha651@hdfcbank,Indian Bank,HDFC Bank,MER_804362,MediCare Pharmacy,Pharmacy,5912,117.03,INR,SUCCESS,00,,586754163235,BRN7683575840,UPI,IOS,Uttar Pradesh,SETTLED,13,false
TXN_20260803_266107,2026-08-03T21:19:39+05:30,Paytm,UPI_PAYMENT,user517685@paytm,fitzonegym22@stateban,HDFC Bank,State Bank of India,MER_995145,FitZone Gym,Fitness,7997,188.72,INR,SUCCESS,00,,778112668236,BRN6071648884,UPI,ANDROID,Delhi,SETTLED,1,false
TXN_20260805_438999,2026-08-05T14:30:37+05:30,Paytm,UPI_PAYMENT,user615331@paytm,stylehubfas872@iciciban,HDFC Bank,ICICI Bank,MER_642281,StyleHub Fashion,Apparel,5651,94.53,INR,SUCCESS,00,,949871960836,BRN9909741860,UPI,ANDROID,Tamil Nadu,SETTLED,33,false
TXN_20260804_472856,2026-08-04T12:35:20+05:30,Paytm,UPI_PAYMENT,user605477@paytm,booknest853@hdfcbank,State Bank of India,HDFC Bank,MER_899573,BookNest,Books,5942,263.63,INR,SUCCESS,00,,201872393155,BRN5047016071,UPI,ANDROID,Telangana,SETTLED,26,false
TXN_20260807_450892,2026-08-07T17:47:21+05:30,Paytm,UPI_PAYMENT,user571670@paytm,homebasket134@yesbank,IDFC FIRST Bank,YES BANK,MER_657808,HomeBasket,Home & Living,5712,359.56,INR,SUCCESS,00,,744211977115,BRN8303068226,UPI,ANDROID,Telangana,SETTLED,18,false
TXN_20260801_282225,2026-08-01T03:32:44+05:30,Paytm,UPI_PAYMENT,user984327@paytm,cafebrew825@kotakmah,Union Bank of India,Kotak Mahindra Bank,MER_388610,Cafe Brew,Cafe,5814,75.57,INR,SUCCESS,00,,697766596201,BRN3301521412,UPI,ANDROID,Telangana,SETTLED,11,false
TXN_20260807_963787,2026-08-07T12:55:23+05:30,Paytm,UPI_PAYMENT,user320219@paytm,edulearnser612@punjabna,Canara Bank,Punjab National Bank,MER_616911,EduLearn Services,Education,8299,927.27,INR,SUCCESS,00,,152279419413,BRN3995762869,UPI,ANDROID,Bihar,SETTLED,29,false
TXN_20260803_455904,2026-08-03T17:15:38+05:30,Paytm,UPI_PAYMENT,user577939@paytm,cafebrew443@indianba,State Bank of India,Indian Bank,MER_101107,Cafe Brew,Cafe,5814,365.37,INR,SUCCESS,00,,989409743579,BRN8737654609,UPI,ANDROID,Kerala,PENDING,1,false
TXN_20260805_755919,2026-08-05T13:32:12+05:30,Paytm,UPI_PAYMENT,user420810@paytm,stylehubfas65@indusind,Punjab National Bank,IndusInd Bank,MER_656752,StyleHub Fashion,Apparel,5651,2055.71,INR,SUCCESS,00,,555772249352,BRN9132589556,UPI,ANDROID,Jharkhand,SETTLED,39,false
TXN_20260809_547062,2026-08-09T14:41:20+05:30,Paytm,UPI_PAYMENT,user570471@paytm,mobilerecha566@hdfcbank,HDFC Bank,HDFC Bank,MER_486684,Mobile Recharge Hub,Telecom,4814,293.32,INR,SUCCESS,00,,203510994233,BRN5315208065,UPI,IOS,Uttar Pradesh,SETTLED,43,false
TXN_20260809_732587,2026-08-09T15:11:36+05:30,Paytm,UPI_PAYMENT,user486368@paytm,techsquaree119@stateban,ICICI Bank,State Bank of India,MER_588117,TechSquare Electronics,Electronics,5732,52.15,INR,SUCCESS,00,,580472158101,BRN3523961394,UPI,ANDROID,Rajasthan,SETTLED,13,false
TXN_20260803_819406,2026-08-03T08:35:11+05:30,Paytm,UPI_PAYMENT,user50152@paytm,cafebrew565@idfcfirs,Union Bank of India,IDFC FIRST Bank,MER_651732,Cafe Brew,Cafe,5814,78.13,INR,SUCCESS,00,,806245452485,BRN5862377390,UPI,IOS,Punjab,SETTLED,13,false
TXN_20260803_249987,2026-08-03T22:05:52+05:30,Paytm,UPI_PAYMENT,user87314@paytm,metromobili15@punjabna,Punjab National Bank,Punjab National Bank,MER_122457,Metro Mobility,Transport,4121,6654.61,INR,SUCCESS,00,,316198750160,BRN9162191929,UPI,IOS,Uttar Pradesh,SETTLED,25,false
TXN_20260808_431502,2026-08-08T22:56:01+05:30,Paytm,UPI_PAYMENT,user370526@paytm,freshmartre396@unionban,HDFC Bank,Union Bank of India,MER_927799,FreshMart Retail,Grocery,5411,106.48,INR,SUCCESS,00,,573026856192,BRN7364709845,UPI,ANDROID,Andhra Pradesh,PENDING,13,false
TXN_20260804_198804,2026-08-04T02:54:00+05:30,Paytm,UPI_PAYMENT,user345607@paytm,techsquaree768@kotakmah,HDFC Bank,Kotak Mahindra Bank,MER_283938,TechSquare Electronics,Electronics,5732,102.36,INR,SUCCESS,00,,916275903257,BRN4172167517,UPI,ANDROID,Odisha,SETTLED,15,false
TXN_20260805_983997,2026-08-05T03:26:24+05:30,Paytm,UPI_PAYMENT,user206282@paytm,homebasket637@axisbank,HDFC Bank,Axis Bank,MER_277507,HomeBasket,Home & Living,5712,583.67,INR,SUCCESS,00,,193056607220,BRN9497519432,UPI,ANDROID,Karnataka,SETTLED,21,false
TXN_20260805_312947,2026-08-05T08:48:13+05:30,Paytm,UPI_PAYMENT,user428892@paytm,edulearnser333@punjabna,State Bank of India,Punjab National Bank,MER_507405,EduLearn Services,Education,8299,2174.40,INR,SUCCESS,00,,985552047999,BRN7645995090,UPI,ANDROID,Uttar Pradesh,SETTLED,12,false
TXN_20260806_400333,2026-08-06T20:47:43+05:30,Paytm,UPI_PAYMENT,user424309@paytm,freshmartre941@bankofba,Axis Bank,Bank of Baroda,MER_782743,FreshMart Retail,Grocery,5411,538.48,INR,SUCCESS,00,,356334421194,BRN3649318823,UPI,IOS,Uttar Pradesh,SETTLED,48,false
TXN_20260801_160806,2026-08-01T14:17:14+05:30,Paytm,UPI_PAYMENT,user389674@paytm,freshmartre151@punjabna,Axis Bank,Punjab National Bank,MER_705485,FreshMart Retail,Grocery,5411,1170.57,INR,SUCCESS,00,,321908905763,BRN2295536152,UPI,IOS,Madhya Pradesh,SETTLED,54,false
TXN_20260806_256251,2026-08-06T08:03:56+05:30,Paytm,UPI_PAYMENT,user841391@paytm,stylehubfas539@hdfcbank,State Bank of India,HDFC Bank,MER_443904,StyleHub Fashion,Apparel,5651,280.74,INR,SUCCESS,00,,324630226725,BRN5533011765,UPI,ANDROID,Delhi,PENDING,1,false
TXN_20260805_670751,2026-08-05T19:55:33+05:30,Paytm,UPI_PAYMENT,user776849@paytm,techsquaree214@unionban,Punjab National Bank,Union Bank of India,MER_793068,TechSquare Electronics,Electronics,5732,113.70,INR,SUCCESS,00,,271613185256,BRN7408907671,UPI,WEB,Karnataka,SETTLED,24,false
TXN_20260802_582945,2026-08-02T15:19:08+05:30,Paytm,UPI_PAYMENT,user406642@paytm,medicarepha987@kotakmah,HDFC Bank,Kotak Mahindra Bank,MER_998372,MediCare Pharmacy,Pharmacy,5912,138.04,INR,SUCCESS,00,,744699900574,BRN3878688677,UPI,ANDROID,Rajasthan,SETTLED,34,false
TXN_20260801_129053,2026-08-01T19:10:33+05:30,Paytm,UPI_PAYMENT,user813763@paytm,freshmartre616@axisbank,Punjab National Bank,Axis Bank,MER_882121,FreshMart Retail,Grocery,5411,1541.84,INR,SUCCESS,00,,470184961154,BRN3660713840,UPI,ANDROID,Jharkhand,SETTLED,18,false
TXN_20260805_202730,2026-08-05T07:32:24+05:30,Paytm,UPI_PAYMENT,user387806@paytm,mobilerecha194@hdfcbank,State Bank of India,HDFC Bank,MER_867095,Mobile Recharge Hub,Telecom,4814,625.41,INR,SUCCESS,00,,173422322209,BRN9544749732,UPI,ANDROID,Karnataka,SETTLED,33,false
TXN_20260801_724642,2026-08-01T21:55:35+05:30,Paytm,UPI_PAYMENT,user91770@paytm,mobilerecha32@iciciban,Axis Bank,ICICI Bank,MER_733441,Mobile Recharge Hub,Telecom,4814,910.33,INR,SUCCESS,00,,131747575768,BRN3257416526,UPI,IOS,Odisha,SETTLED,48,false
TXN_20260804_107569,2026-08-04T03:08:58+05:30,Paytm,UPI_PAYMENT,user689949@paytm,utilitypays955@ausmallf,Axis Bank,AU Small Finance Bank,MER_658606,UtilityPay Services,Utilities,4900,576.64,INR,SUCCESS,00,,355915397302,BRN9425122251,UPI,ANDROID,Delhi,SETTLED,9,false
TXN_20260803_587589,2026-08-03T01:43:28+05:30,Paytm,UPI_PAYMENT,user784107@paytm,techsquaree485@bankofba,HDFC Bank,Bank of Baroda,MER_121021,TechSquare Electronics,Electronics,5732,431.38,INR,SUCCESS,00,,938011201798,BRN2787271444,UPI,IOS,Maharashtra,SETTLED,35,false
TXN_20260808_554249,2026-08-08T01:54:22+05:30,Paytm,UPI_PAYMENT,user856071@paytm,mobilerecha281@iciciban,Bank of India,ICICI Bank,MER_784422,Mobile Recharge Hub,Telecom,4814,1272.04,INR,SUCCESS,00,,621972285584,BRN6845678917,UPI,ANDROID,Rajasthan,SETTLED,33,false
TXN_20260805_795769,2026-08-05T17:53:58+05:30,Paytm,UPI_PAYMENT,user399732@paytm,mobilerecha305@hdfcbank,HDFC Bank,HDFC Bank,MER_803669,Mobile Recharge Hub,Telecom,4814,229.33,INR,SUCCESS,00,,335331527062,BRN4544461522,UPI,WEB,Punjab,SETTLED,15,false
TXN_20260804_464666,2026-08-04T11:06:56+05:30,Paytm,UPI_PAYMENT,user42290@paytm,quickfuelst693@hdfcbank,HDFC Bank,HDFC Bank,MER_251509,QuickFuel Station,Fuel,5541,174.55,INR,SUCCESS,00,,419237304616,BRN3204868625,UPI,ANDROID,Rajasthan,SETTLED,46,false
TXN_20260803_919712,2026-08-03T05:35:52+05:30,Paytm,UPI_PAYMENT,user504012@paytm,homebasket744@hdfcbank,Axis Bank,HDFC Bank,MER_778834,HomeBasket,Home & Living,5712,222.29,INR,SUCCESS,00,,837210533084,BRN1938001644,UPI,ANDROID,Gujarat,SETTLED,26,false
TXN_20260804_692349,2026-08-04T06:35:47+05:30,Paytm,UPI_PAYMENT,user693163@paytm,freshmartre50@stateban,Axis Bank,State Bank of India,MER_210955,FreshMart Retail,Grocery,5411,364.39,INR,SUCCESS,00,,100273057578,BRN9834928413,UPI,IOS,Punjab,SETTLED,27,false
TXN_20260806_605309,2026-08-06T01:08:26+05:30,Paytm,UPI_PAYMENT,user338893@paytm,urbaneats226@yesbank,Punjab National Bank,YES BANK,MER_467599,Urban Eats,Restaurant,5812,380.30,INR,SUCCESS,00,,135721516127,BRN2181924223,UPI,ANDROID,Rajasthan,SETTLED,7,false
TXN_20260805_261150,2026-08-05T03:10:15+05:30,Paytm,UPI_PAYMENT,user456628@paytm,quickfuelst643@canaraba,State Bank of India,Canara Bank,MER_452629,QuickFuel Station,Fuel,5541,148.72,INR,SUCCESS,00,,462242285507,BRN9872625105,UPI,ANDROID,Haryana,SETTLED,40,false
TXN_20260801_927590,2026-08-01T12:11:47+05:30,Paytm,UPI_PAYMENT,user347314@paytm,booknest184@stateban,Punjab National Bank,State Bank of India,MER_758048,BookNest,Books,5942,177.04,INR,SUCCESS,00,,706968373926,BRN5956550417,UPI,ANDROID,Tamil Nadu,SETTLED,23,false
TXN_20260809_194180,2026-08-09T15:46:02+05:30,Paytm,UPI_PAYMENT,user599467@paytm,fitzonegym869@stateban,UCO Bank,State Bank of India,MER_389217,FitZone Gym,Fitness,7997,71.39,INR,SUCCESS,00,,411788028851,BRN2847869671,UPI,WEB,Uttar Pradesh,SETTLED,13,false
TXN_20260801_399016,2026-08-01T02:58:06+05:30,Paytm,UPI_PAYMENT,user681176@paytm,booknest923@axisbank,ICICI Bank,Axis Bank,MER_822907,BookNest,Books,5942,67.93,INR,SUCCESS,00,,438623711073,BRN1445570771,UPI,ANDROID,Uttar Pradesh,SETTLED,46,false
TXN_20260806_353269,2026-08-06T05:09:50+05:30,Paytm,UPI_PAYMENT,user634079@paytm,cafebrew576@axisbank,Punjab National Bank,Axis Bank,MER_538431,Cafe Brew,Cafe,5814,242.62,INR,SUCCESS,00,,848698059345,BRN1055606667,UPI,IOS,West Bengal,SETTLED,23,false
TXN_20260804_429448,2026-08-04T07:06:35+05:30,Paytm,UPI_PAYMENT,user558893@paytm,techsquaree101@hdfcbank,Punjab National Bank,HDFC Bank,MER_989334,TechSquare Electronics,Electronics,5732,265.64,INR,SUCCESS,00,,623353920271,BRN1011289160,UPI,ANDROID,West Bengal,PENDING,37,false
TXN_20260809_879913,2026-08-09T08:45:25+05:30,Paytm,UPI_PAYMENT,user815248@paytm,fitzonegym351@kotakmah,ICICI Bank,Kotak Mahindra Bank,MER_821305,FitZone Gym,Fitness,7997,495.11,INR,SUCCESS,00,,250750801624,BRN8399470941,UPI,IOS,Assam,SETTLED,39,false
TXN_20260806_439610,2026-08-06T20:28:09+05:30,Paytm,UPI_PAYMENT,user74595@paytm,edulearnser918@hdfcbank,State Bank of India,HDFC Bank,MER_180158,EduLearn Services,Education,8299,499.59,INR,SUCCESS,00,,458458953652,BRN9561778851,UPI,ANDROID,Maharashtra,SETTLED,35,false
TXN_20260801_630379,2026-08-01T02:09:26+05:30,Paytm,UPI_PAYMENT,user730420@paytm,techsquaree84@iciciban,HDFC Bank,ICICI Bank,MER_606274,TechSquare Electronics,Electronics,5732,4954.20,INR,SUCCESS,00,,971202330222,BRN1525382727,UPI,WEB,Delhi,SETTLED,1,false
TXN_20260805_975663,2026-08-05T10:21:34+05:30,Paytm,UPI_PAYMENT,user833752@paytm,techsquaree836@iciciban,Canara Bank,ICICI Bank,MER_907924,TechSquare Electronics,Electronics,5732,128.91,INR,SUCCESS,00,,549290483342,BRN3653435150,UPI,ANDROID,Rajasthan,SETTLED,54,false
TXN_20260805_589011,2026-08-05T18:29:40+05:30,Paytm,UPI_PAYMENT,user241018@paytm,quickfuelst371@idfcfirs,State Bank of India,IDFC FIRST Bank,MER_315636,QuickFuel Station,Fuel,5541,194.90,INR,SUCCESS,00,,748406808841,BRN8676099525,UPI,ANDROID,Karnataka,SETTLED,22,false
TXN_20260806_648987,2026-08-06T12:08:42+05:30,Paytm,UPI_PAYMENT,user509943@paytm,booknest737@yesbank,Canara Bank,YES BANK,MER_181901,BookNest,Books,5942,236.29,INR,SUCCESS,00,,215267170222,BRN4901643686,UPI,ANDROID,Tamil Nadu,SETTLED,21,false
TXN_20260809_198505,2026-08-09T00:58:16+05:30,Paytm,UPI_PAYMENT,user320770@paytm,techsquaree975@kotakmah,Axis Bank,Kotak Mahindra Bank,MER_220329,TechSquare Electronics,Electronics,5732,291.19,INR,SUCCESS,00,,853525856224,BRN5620889830,UPI,ANDROID,Kerala,SETTLED,34,false
TXN_20260809_912273,2026-08-09T09:43:59+05:30,Paytm,UPI_PAYMENT,user688351@paytm,urbaneats304@axisbank,AU Small Finance Bank,Axis Bank,MER_169606,Urban Eats,Restaurant,5812,210.58,INR,SUCCESS,00,,609193966205,BRN4943891159,UPI,ANDROID,Odisha,SETTLED,49,false
TXN_20260809_345849,2026-08-09T10:05:34+05:30,Paytm,UPI_PAYMENT,user677185@paytm,urbaneats50@indianba,YES BANK,Indian Bank,MER_786440,Urban Eats,Restaurant,5812,226.57,INR,SUCCESS,00,,538977027796,BRN2617716263,UPI,ANDROID,Uttar Pradesh,PENDING,49,false
TXN_20260808_738880,2026-08-08T10:07:01+05:30,Paytm,UPI_PAYMENT,user443743@paytm,freshmartre763@iciciban,State Bank of India,ICICI Bank,MER_495371,FreshMart Retail,Grocery,5411,241.71,INR,SUCCESS,00,,753825263804,BRN4325426789,UPI,IOS,Uttar Pradesh,SETTLED,39,false
TXN_20260802_741535,2026-08-02T21:22:02+05:30,Paytm,UPI_PAYMENT,user779682@paytm,homebasket912@unionban,Union Bank of India,Union Bank of India,MER_983382,HomeBasket,Home & Living,5712,1154.55,INR,SUCCESS,00,,620260317115,BRN3099566316,UPI,ANDROID,Maharashtra,SETTLED,25,false
TXN_20260802_135705,2026-08-02T04:41:30+05:30,Paytm,UPI_PAYMENT,user117105@paytm,urbaneats803@iciciban,Canara Bank,ICICI Bank,MER_327728,Urban Eats,Restaurant,5812,295.17,INR,SUCCESS,00,,655195498164,BRN2221116856,UPI,ANDROID,Assam,SETTLED,24,false
TXN_20260805_391108,2026-08-05T12:06:55+05:30,Paytm,UPI_PAYMENT,user43051@paytm,metromobili180@iciciban,Punjab National Bank,ICICI Bank,MER_269455,Metro Mobility,Transport,4121,910.19,INR,SUCCESS,00,,295875122052,BRN3370158636,UPI,ANDROID,Maharashtra,SETTLED,43,false
TXN_20260807_321444,2026-08-07T19:05:27+05:30,Paytm,UPI_PAYMENT,user91318@paytm,techsquaree304@hdfcbank,Federal Bank,HDFC Bank,MER_604994,TechSquare Electronics,Electronics,5732,926.76,INR,SUCCESS,00,,515931354109,BRN5098960574,UPI,IOS,Jharkhand,SETTLED,42,false
TXN_20260802_452539,2026-08-02T22:59:34+05:30,Paytm,UPI_PAYMENT,user422668@paytm,utilitypays968@stateban,HDFC Bank,State Bank of India,MER_229211,UtilityPay Services,Utilities,4900,676.46,INR,SUCCESS,00,,395344705084,BRN1986102232,UPI,ANDROID,Gujarat,SETTLED,25,false
TXN_20260801_728896,2026-08-01T14:16:57+05:30,Paytm,UPI_PAYMENT,user35421@paytm,cafebrew543@indianov,IDFC FIRST Bank,Indian Overseas Bank,MER_337190,Cafe Brew,Cafe,5814,1175.66,INR,SUCCESS,00,,545299042955,BRN5660685050,UPI,ANDROID,Jharkhand,SETTLED,4,false
TXN_20260803_824319,2026-08-03T23:45:33+05:30,Paytm,UPI_PAYMENT,user569735@paytm,fitzonegym776@stateban,Axis Bank,State Bank of India,MER_271428,FitZone Gym,Fitness,7997,182.72,INR,SUCCESS,00,,941672165863,BRN5243639123,UPI,ANDROID,Karnataka,SETTLED,40,false
TXN_20260801_751837,2026-08-01T06:06:28+05:30,Paytm,UPI_PAYMENT,user396580@paytm,booknest409@federalb,Punjab National Bank,Federal Bank,MER_264981,BookNest,Books,5942,237.48,INR,SUCCESS,00,,600187522958,BRN6781917399,UPI,ANDROID,Tamil Nadu,PENDING,20,false
TXN_20260801_147626,2026-08-01T13:01:12+05:30,Paytm,UPI_PAYMENT,user232351@paytm,utilitypays445@stateban,Federal Bank,State Bank of India,MER_592353,UtilityPay Services,Utilities,4900,397.50,INR,SUCCESS,00,,858710098595,BRN2042740369,UPI,ANDROID,Maharashtra,SETTLED,20,false
TXN_20260809_282616,2026-08-09T11:00:10+05:30,Paytm,UPI_PAYMENT,user887388@paytm,edulearnser41@axisbank,Union Bank of India,Axis Bank,MER_966464,EduLearn Services,Education,8299,60.14,INR,SUCCESS,00,,666674088691,BRN5038183448,UPI,IOS,Haryana,SETTLED,62,false
TXN_20260807_451500,2026-08-07T12:14:44+05:30,Paytm,UPI_PAYMENT,user457253@paytm,medicarepha200@punjabna,HDFC Bank,Punjab National Bank,MER_454344,MediCare Pharmacy,Pharmacy,5912,116.87,INR,SUCCESS,00,,401884104880,BRN1377992844,UPI,ANDROID,Madhya Pradesh,SETTLED,24,false
TXN_20260804_121377,2026-08-04T03:41:59+05:30,Paytm,UPI_PAYMENT,user404722@paytm,techsquaree550@hdfcbank,State Bank of India,HDFC Bank,MER_348944,TechSquare Electronics,Electronics,5732,629.14,INR,SUCCESS,00,,500358220594,BRN9781652012,UPI,ANDROID,Kerala,SETTLED,1,false
TXN_20260807_808136,2026-08-07T09:16:57+05:30,Paytm,UPI_PAYMENT,user846788@paytm,metromobili492@hdfcbank,State Bank of India,HDFC Bank,MER_297611,Metro Mobility,Transport,4121,244.88,INR,SUCCESS,00,,191504755194,BRN3006050488,UPI,ANDROID,West Bengal,PENDING,29,false
TXN_20260805_952303,2026-08-05T16:30:54+05:30,Paytm,UPI_PAYMENT,user761068@paytm,freshmartre814@unionban,Bank of Baroda,Union Bank of India,MER_290545,FreshMart Retail,Grocery,5411,16364.83,INR,SUCCESS,00,,453864515265,BRN1512258004,UPI,ANDROID,Jharkhand,PENDING,62,false
TXN_20260802_309291,2026-08-02T21:07:55+05:30,Paytm,UPI_PAYMENT,user487137@paytm,metromobili902@bankofba,State Bank of India,Bank of Baroda,MER_514288,Metro Mobility,Transport,4121,305.50,INR,SUCCESS,00,,922077542773,BRN8413713272,UPI,ANDROID,Rajasthan,SETTLED,11,false
TXN_20260807_172677,2026-08-07T19:29:21+05:30,Paytm,UPI_PAYMENT,user695482@paytm,quickfuelst966@kotakmah,Axis Bank,Kotak Mahindra Bank,MER_260447,QuickFuel Station,Fuel,5541,1302.72,INR,SUCCESS,00,,150067676649,BRN5078404037,UPI,ANDROID,Delhi,SETTLED,7,false
TXN_20260809_485707,2026-08-09T09:21:05+05:30,Paytm,UPI_PAYMENT,user562626@paytm,fitzonegym17@bankofin,HDFC Bank,Bank of India,MER_676842,FitZone Gym,Fitness,7997,55.31,INR,SUCCESS,00,,600709786109,BRN4104658664,UPI,ANDROID,Uttar Pradesh,SETTLED,40,false
TXN_20260807_896914,2026-08-07T01:32:57+05:30,Paytm,UPI_PAYMENT,user879418@paytm,metromobili982@bankofin,AU Small Finance Bank,Bank of India,MER_154934,Metro Mobility,Transport,4121,251.27,INR,SUCCESS,00,,350177684256,BRN8250797951,UPI,ANDROID,Uttar Pradesh,SETTLED,62,false
TXN_20260808_855497,2026-08-08T12:09:27+05:30,Paytm,UPI_PAYMENT,user275010@paytm,homebasket716@canaraba,State Bank of India,Canara Bank,MER_190302,HomeBasket,Home & Living,5712,88.53,INR,SUCCESS,00,,489424772796,BRN9370937646,UPI,ANDROID,Maharashtra,SETTLED,39,false
TXN_20260809_878905,2026-08-09T19:48:37+05:30,Paytm,UPI_PAYMENT,user250880@paytm,homebasket223@axisbank,State Bank of India,Axis Bank,MER_264054,HomeBasket,Home & Living,5712,130.20,INR,SUCCESS,00,,125811587746,BRN6087072155,UPI,IOS,Gujarat,SETTLED,49,false
TXN_20260801_434822,2026-08-01T03:02:10+05:30,Paytm,UPI_PAYMENT,user544450@paytm,freshmartre713@stateban,Axis Bank,State Bank of India,MER_141074,FreshMart Retail,Grocery,5411,1503.78,INR,SUCCESS,00,,847019412454,BRN3938741655,UPI,IOS,Odisha,SETTLED,48,false
TXN_20260806_857730,2026-08-06T16:35:48+05:30,Paytm,UPI_PAYMENT,user127663@paytm,edulearnser802@hdfcbank,IDFC FIRST Bank,HDFC Bank,MER_316063,EduLearn Services,Education,8299,37.49,INR,SUCCESS,00,,805497220831,BRN6840911944,UPI,ANDROID,Odisha,SETTLED,34,false
TXN_20260805_245084,2026-08-05T13:47:27+05:30,Paytm,UPI_PAYMENT,user81103@paytm,medicarepha842@stateban,IDFC FIRST Bank,State Bank of India,MER_877105,MediCare Pharmacy,Pharmacy,5912,870.49,INR,SUCCESS,00,,468681649015,BRN7010060425,UPI,ANDROID,Madhya Pradesh,SETTLED,9,false
TXN_20260801_841684,2026-08-01T00:53:11+05:30,Paytm,UPI_PAYMENT,user353572@paytm,metromobili719@kotakmah,Kotak Mahindra Bank,Kotak Mahindra Bank,MER_379884,Metro Mobility,Transport,4121,64.29,INR,SUCCESS,00,,229532538126,BRN6777864887,UPI,ANDROID,Bihar,SETTLED,45,false
TXN_20260805_483799,2026-08-05T22:21:13+05:30,Paytm,UPI_PAYMENT,user781597@paytm,cafebrew563@punjabna,State Bank of India,Punjab National Bank,MER_662877,Cafe Brew,Cafe,5814,1580.42,INR,SUCCESS,00,,970319496829,BRN8634633313,UPI,IOS,Bihar,SETTLED,21,false
TXN_20260804_589508,2026-08-04T06:28:54+05:30,Paytm,UPI_PAYMENT,user309948@paytm,quickfuelst37@hdfcbank,Kotak Mahindra Bank,HDFC Bank,MER_643930,QuickFuel Station,Fuel,5541,137.08,INR,SUCCESS,00,,643303004593,BRN5517891357,UPI,ANDROID,West Bengal,SETTLED,17,false
TXN_20260803_541564,2026-08-03T02:39:25+05:30,Paytm,UPI_PAYMENT,user736012@paytm,booknest484@axisbank,Canara Bank,Axis Bank,MER_294346,BookNest,Books,5942,263.56,INR,SUCCESS,00,,814649424836,BRN7688863923,UPI,ANDROID,Gujarat,SETTLED,35,false
TXN_20260807_537379,2026-08-07T20:20:08+05:30,Paytm,UPI_PAYMENT,user557273@paytm,metromobili82@hdfcbank,Canara Bank,HDFC Bank,MER_622284,Metro Mobility,Transport,4121,603.05,INR,SUCCESS,00,,779073705618,BRN4636448117,UPI,ANDROID,Punjab,PENDING,62,false
TXN_20260808_979391,2026-08-08T01:54:14+05:30,Paytm,UPI_PAYMENT,user433784@paytm,stylehubfas922@axisbank,ICICI Bank,Axis Bank,MER_919871,StyleHub Fashion,Apparel,5651,638.74,INR,SUCCESS,00,,611483602717,BRN9745110227,UPI,ANDROID,Uttar Pradesh,SETTLED,42,false
TXN_20260807_899864,2026-08-07T19:43:41+05:30,Paytm,UPI_PAYMENT,user302600@paytm,utilitypays855@hdfcbank,State Bank of India,HDFC Bank,MER_898538,UtilityPay Services,Utilities,4900,369.73,INR,SUCCESS,00,,561018737909,BRN9395926665,UPI,ANDROID,Maharashtra,SETTLED,19,false
TXN_20260803_581982,2026-08-03T16:03:54+05:30,Paytm,UPI_PAYMENT,user484642@paytm,utilitypays37@indusind,Bank of Baroda,IndusInd Bank,MER_463580,UtilityPay Services,Utilities,4900,262.38,INR,SUCCESS,00,,429575751342,BRN1458175879,UPI,IOS,Bihar,SETTLED,15,false
TXN_20260809_797930,2026-08-09T12:07:43+05:30,Paytm,UPI_PAYMENT,user193709@paytm,techsquaree534@stateban,Bank of Baroda,State Bank of India,MER_481065,TechSquare Electronics,Electronics,5732,133.33,INR,SUCCESS,00,,689640407535,BRN6465141835,UPI,IOS,Uttar Pradesh,SETTLED,40,false
TXN_20260803_437715,2026-08-03T11:40:59+05:30,Paytm,UPI_PAYMENT,user416421@paytm,fitzonegym796@iciciban,HDFC Bank,ICICI Bank,MER_299303,FitZone Gym,Fitness,7997,1522.95,INR,SUCCESS,00,,151272578115,BRN5049821060,UPI,ANDROID,Madhya Pradesh,SETTLED,7,false
TXN_20260805_769452,2026-08-05T21:03:10+05:30,Paytm,UPI_PAYMENT,user885235@paytm,homebasket744@axisbank,Punjab National Bank,Axis Bank,MER_903411,HomeBasket,Home & Living,5712,175.96,INR,SUCCESS,00,,277140329002,BRN9068596446,UPI,IOS,Karnataka,SETTLED,16,false
TXN_20260804_867703,2026-08-04T00:16:07+05:30,Paytm,UPI_PAYMENT,user810157@paytm,mobilerecha362@bankofin,ICICI Bank,Bank of India,MER_113987,Mobile Recharge Hub,Telecom,4814,734.86,INR,SUCCESS,00,,281466126510,BRN4721793415,UPI,ANDROID,Gujarat,SETTLED,41,false
TXN_20260805_294474,2026-08-05T14:24:23+05:30,Paytm,UPI_PAYMENT,user95830@paytm,medicarepha614@iciciban,YES BANK,ICICI Bank,MER_827032,MediCare Pharmacy,Pharmacy,5912,217.62,INR,SUCCESS,00,,781081158551,BRN9836474408,UPI,ANDROID,Tamil Nadu,SETTLED,47,false
TXN_20260805_256431,2026-08-05T07:56:31+05:30,Paytm,UPI_PAYMENT,user342838@paytm,urbaneats142@hdfcbank,HDFC Bank,HDFC Bank,MER_547014,Urban Eats,Restaurant,5812,349.90,INR,SUCCESS,00,,533456846631,BRN7317247319,UPI,ANDROID,Bihar,SETTLED,19,false
TXN_20260802_575002,2026-08-02T20:42:09+05:30,Paytm,UPI_PAYMENT,user845442@paytm,booknest104@hdfcbank,Bank of Baroda,HDFC Bank,MER_337241,BookNest,Books,5942,169.29,INR,SUCCESS,00,,228027749772,BRN6754115043,UPI,IOS,Maharashtra,SETTLED,53,false
TXN_20260808_896891,2026-08-08T09:10:26+05:30,Paytm,UPI_PAYMENT,user558999@paytm,homebasket342@canaraba,Axis Bank,Canara Bank,MER_246226,HomeBasket,Home & Living,5712,100.01,INR,SUCCESS,00,,777301690900,BRN1818425610,UPI,ANDROID,Delhi,SETTLED,1,false
TXN_20260809_168506,2026-08-09T00:25:17+05:30,Paytm,UPI_PAYMENT,user999228@paytm,homebasket895@unionban,YES BANK,Union Bank of India,MER_781017,HomeBasket,Home & Living,5712,867.85,INR,SUCCESS,00,,700529821018,BRN1075848153,UPI,ANDROID,Maharashtra,SETTLED,52,false
TXN_20260807_430634,2026-08-07T01:00:56+05:30,Paytm,UPI_PAYMENT,user215834@paytm,fitzonegym230@stateban,State Bank of India,State Bank of India,MER_125604,FitZone Gym,Fitness,7997,932.44,INR,SUCCESS,00,,211177739630,BRN1127483807,UPI,WEB,Gujarat,SETTLED,8,false
TXN_20260802_853172,2026-08-02T02:26:50+05:30,Paytm,UPI_PAYMENT,user464100@paytm,stylehubfas443@indusind,Union Bank of India,IndusInd Bank,MER_509644,StyleHub Fashion,Apparel,5651,97.63,INR,SUCCESS,00,,131194943060,BRN9733098911,UPI,IOS,Uttar Pradesh,SETTLED,35,false
TXN_20260805_671847,2026-08-05T13:27:16+05:30,Paytm,UPI_PAYMENT,user711258@paytm,medicarepha631@axisbank,HDFC Bank,Axis Bank,MER_617139,MediCare Pharmacy,Pharmacy,5912,689.45,INR,SUCCESS,00,,312360223343,BRN9269361867,UPI,ANDROID,Uttar Pradesh,SETTLED,45,false
TXN_20260809_661298,2026-08-09T02:25:55+05:30,Paytm,UPI_PAYMENT,user330419@paytm,utilitypays56@axisbank,ICICI Bank,Axis Bank,MER_724713,UtilityPay Services,Utilities,4900,135.96,INR,SUCCESS,00,,152689817601,BRN4428368140,UPI,ANDROID,Tamil Nadu,SETTLED,30,false
TXN_20260804_119052,2026-08-04T09:53:23+05:30,Paytm,UPI_PAYMENT,user537403@paytm,homebasket721@canaraba,HDFC Bank,Canara Bank,MER_357625,HomeBasket,Home & Living,5712,37.93,INR,SUCCESS,00,,663247293716,BRN2056893204,UPI,ANDROID,Uttar Pradesh,SETTLED,38,false
TXN_20260808_219588,2026-08-08T00:15:21+05:30,Paytm,UPI_PAYMENT,user303828@paytm,fitzonegym983@stateban,HDFC Bank,State Bank of India,MER_137412,FitZone Gym,Fitness,7997,190.48,INR,SUCCESS,00,,273267160447,BRN3348101992,UPI,ANDROID,Bihar,SETTLED,42,false
TXN_20260802_849767,2026-08-02T05:15:10+05:30,Paytm,UPI_PAYMENT,user805224@paytm,techsquaree869@stateban,State Bank of India,State Bank of India,MER_223720,TechSquare Electronics,Electronics,5732,200.93,INR,SUCCESS,00,,978114355805,BRN1415250560,UPI,ANDROID,Gujarat,SETTLED,46,false
TXN_20260808_310009,2026-08-08T11:23:26+05:30,Paytm,UPI_PAYMENT,user296966@paytm,quickfuelst389@kotakmah,Bank of Baroda,Kotak Mahindra Bank,MER_527956,QuickFuel Station,Fuel,5541,732.80,INR,SUCCESS,00,,736062352529,BRN4471201939,UPI,IOS,Maharashtra,SETTLED,14,false
TXN_20260809_659698,2026-08-09T11:05:10+05:30,Paytm,UPI_PAYMENT,user944925@paytm,homebasket806@canaraba,ICICI Bank,Canara Bank,MER_334365,HomeBasket,Home & Living,5712,315.75,INR,SUCCESS,00,,885130433171,BRN5403950977,UPI,IOS,Rajasthan,SETTLED,32,false
TXN_20260803_528694,2026-08-03T04:58:06+05:30,Paytm,UPI_PAYMENT,user444132@paytm,cafebrew472@canaraba,ICICI Bank,Canara Bank,MER_929722,Cafe Brew,Cafe,5814,234.04,INR,SUCCESS,00,,638926113606,BRN2021602330,UPI,ANDROID,Uttar Pradesh,SETTLED,54,false
TXN_20260806_492209,2026-08-06T14:32:09+05:30,Paytm,UPI_PAYMENT,user328805@paytm,cafebrew909@axisbank,State Bank of India,Axis Bank,MER_841911,Cafe Brew,Cafe,5814,1189.82,INR,SUCCESS,00,,603375083028,BRN9524160935,UPI,IOS,Gujarat,SETTLED,11,false
TXN_20260807_901318,2026-08-07T04:05:32+05:30,Paytm,UPI_PAYMENT,user829723@paytm,medicarepha763@kotakmah,ICICI Bank,Kotak Mahindra Bank,MER_253489,MediCare Pharmacy,Pharmacy,5912,139.12,INR,SUCCESS,00,,132798867789,BRN8093259995,UPI,WEB,Punjab,SETTLED,9,false
TXN_20260808_577084,2026-08-08T15:50:03+05:30,Paytm,UPI_PAYMENT,user41328@paytm,booknest952@canaraba,Axis Bank,Canara Bank,MER_331714,BookNest,Books,5942,294.71,INR,SUCCESS,00,,933332345855,BRN1995361648,UPI,ANDROID,Andhra Pradesh,SETTLED,55,false
TXN_20260803_355398,2026-08-03T07:40:09+05:30,Paytm,UPI_PAYMENT,user518866@paytm,techsquaree837@axisbank,HDFC Bank,Axis Bank,MER_697702,TechSquare Electronics,Electronics,5732,205.46,INR,SUCCESS,00,,782866226361,BRN2949364791,UPI,ANDROID,Chhattisgarh,SETTLED,8,false
TXN_20260801_692984,2026-08-01T19:59:07+05:30,Paytm,UPI_PAYMENT,user945762@paytm,stylehubfas601@bankofba,IndusInd Bank,Bank of Baroda,MER_214814,StyleHub Fashion,Apparel,5651,39.82,INR,SUCCESS,00,,281739390760,BRN8737644377,UPI,ANDROID,Rajasthan,SETTLED,12,false
TXN_20260809_675931,2026-08-09T16:59:04+05:30,Paytm,UPI_PAYMENT,user691306@paytm,quickfuelst422@hdfcbank,ICICI Bank,HDFC Bank,MER_688137,QuickFuel Station,Fuel,5541,282.30,INR,SUCCESS,00,,611850819138,BRN8505588083,UPI,ANDROID,Karnataka,SETTLED,37,false
TXN_20260804_549741,2026-08-04T13:42:04+05:30,Paytm,UPI_PAYMENT,user250044@paytm,utilitypays105@punjabna,State Bank of India,Punjab National Bank,MER_487349,UtilityPay Services,Utilities,4900,73.29,INR,SUCCESS,00,,201354277837,BRN9432579943,UPI,ANDROID,Delhi,SETTLED,39,false
TXN_20260808_511887,2026-08-08T15:16:42+05:30,Paytm,UPI_PAYMENT,user981389@paytm,techsquaree776@iciciban,Bank of Baroda,ICICI Bank,MER_355794,TechSquare Electronics,Electronics,5732,716.78,INR,SUCCESS,00,,669512879408,BRN9958527046,UPI,ANDROID,Goa,SETTLED,44,false
TXN_20260804_870407,2026-08-04T22:43:53+05:30,Paytm,UPI_PAYMENT,user815100@paytm,edulearnser635@iciciban,Axis Bank,ICICI Bank,MER_864270,EduLearn Services,Education,8299,42.79,INR,SUCCESS,00,,880167332707,BRN8018312430,UPI,ANDROID,Telangana,SETTLED,14,false
TXN_20260804_137679,2026-08-04T04:25:21+05:30,Paytm,UPI_PAYMENT,user362119@paytm,stylehubfas301@yesbank,ICICI Bank,YES BANK,MER_708060,StyleHub Fashion,Apparel,5651,645.49,INR,SUCCESS,00,,159210080319,BRN2384564116,UPI,ANDROID,Uttar Pradesh,SETTLED,40,false
TXN_20260809_664309,2026-08-09T05:21:28+05:30,Paytm,UPI_PAYMENT,user393792@paytm,freshmartre680@hdfcbank,Federal Bank,HDFC Bank,MER_906981,FreshMart Retail,Grocery,5411,646.69,INR,SUCCESS,00,,308021571958,BRN3773079008,UPI,ANDROID,Madhya Pradesh,SETTLED,18,false
TXN_20260802_803664,2026-08-02T04:31:29+05:30,Paytm,UPI_PAYMENT,user134587@paytm,urbaneats730@indianov,State Bank of India,Indian Overseas Bank,MER_966416,Urban Eats,Restaurant,5812,361.96,INR,SUCCESS,00,,468480058573,BRN5073751780,UPI,ANDROID,Karnataka,SETTLED,19,false
TXN_20260802_268913,2026-08-02T07:15:07+05:30,Paytm,UPI_PAYMENT,user866500@paytm,fitzonegym945@bankofba,Axis Bank,Bank of Baroda,MER_526706,FitZone Gym,Fitness,7997,433.36,INR,SUCCESS,00,,175742589923,BRN4902021207,UPI,ANDROID,Andhra Pradesh,SETTLED,25,false
TXN_20260802_489792,2026-08-02T07:03:59+05:30,Paytm,UPI_PAYMENT,user833975@paytm,techsquaree113@iciciban,Union Bank of India,ICICI Bank,MER_490060,TechSquare Electronics,Electronics,5732,184.09,INR,SUCCESS,00,,902531606113,BRN5088119782,UPI,IOS,Kerala,SETTLED,28,false
TXN_20260805_481540,2026-08-05T20:18:34+05:30,Paytm,UPI_PAYMENT,user420631@paytm,freshmartre161@idfcfirs,Bank of Baroda,IDFC FIRST Bank,MER_717317,FreshMart Retail,Grocery,5411,189.41,INR,SUCCESS,00,,535482096236,BRN8659917479,UPI,ANDROID,Delhi,SETTLED,28,false
TXN_20260809_113970,2026-08-09T11:10:26+05:30,Paytm,UPI_PAYMENT,user602825@paytm,urbaneats756@hdfcbank,Axis Bank,HDFC Bank,MER_460410,Urban Eats,Restaurant,5812,187.42,INR,SUCCESS,00,,194038330306,BRN2902718647,UPI,ANDROID,Karnataka,SETTLED,32,false
TXN_20260808_130138,2026-08-08T22:24:52+05:30,Paytm,UPI_PAYMENT,user946699@paytm,medicarepha413@axisbank,IndusInd Bank,Axis Bank,MER_234574,MediCare Pharmacy,Pharmacy,5912,828.68,INR,SUCCESS,00,,241702757659,BRN9617861450,UPI,ANDROID,Gujarat,SETTLED,26,false
TXN_20260805_270943,2026-08-05T18:02:11+05:30,Paytm,UPI_PAYMENT,user572343@paytm,techsquaree725@federalb,ICICI Bank,Federal Bank,MER_549823,TechSquare Electronics,Electronics,5732,717.49,INR,SUCCESS,00,,663423144663,BRN3763347759,UPI,ANDROID,West Bengal,SETTLED,23,false
TXN_20260809_591117,2026-08-09T13:15:48+05:30,Paytm,UPI_PAYMENT,user732477@paytm,cafebrew18@bankofin,ICICI Bank,Bank of India,MER_709186,Cafe Brew,Cafe,5814,147.69,INR,SUCCESS,00,,663928110511,BRN3654056931,UPI,ANDROID,Himachal Pradesh,SETTLED,14,false
TXN_20260808_135723,2026-08-08T23:38:31+05:30,Paytm,UPI_PAYMENT,user39329@paytm,homebasket743@canaraba,Punjab National Bank,Canara Bank,MER_628516,HomeBasket,Home & Living,5712,851.44,INR,SUCCESS,00,,601781981381,BRN4634016485,UPI,IOS,Uttar Pradesh,SETTLED,15,false
TXN_20260805_280132,2026-08-05T11:14:10+05:30,Paytm,UPI_PAYMENT,user2479@paytm,booknest626@iciciban,ICICI Bank,ICICI Bank,MER_627870,BookNest,Books,5942,81.20,INR,SUCCESS,00,,831045545825,BRN6735433560,UPI,ANDROID,Uttar Pradesh,SETTLED,60,false
TXN_20260807_914161,2026-08-07T15:08:21+05:30,Paytm,UPI_PAYMENT,user455075@paytm,stylehubfas349@bankofba,HDFC Bank,Bank of Baroda,MER_423198,StyleHub Fashion,Apparel,5651,432.86,INR,SUCCESS,00,,559960580688,BRN8529868435,UPI,IOS,Telangana,SETTLED,35,false
TXN_20260801_932354,2026-08-01T20:33:42+05:30,Paytm,UPI_PAYMENT,user302738@paytm,techsquaree804@kotakmah,ICICI Bank,Kotak Mahindra Bank,MER_612604,TechSquare Electronics,Electronics,5732,452.11,INR,SUCCESS,00,,951341196391,BRN2601575576,UPI,ANDROID,Maharashtra,SETTLED,23,false
TXN_20260808_725815,2026-08-08T14:09:53+05:30,Paytm,UPI_PAYMENT,user864770@paytm,urbaneats415@federalb,Canara Bank,Federal Bank,MER_482115,Urban Eats,Restaurant,5812,19.31,INR,SUCCESS,00,,736935189809,BRN4700018754,UPI,ANDROID,Delhi,SETTLED,39,false
TXN_20260808_929737,2026-08-08T21:47:16+05:30,Paytm,UPI_PAYMENT,user838414@paytm,techsquaree953@canaraba,Bank of Baroda,Canara Bank,MER_962530,TechSquare Electronics,Electronics,5732,41.36,INR,SUCCESS,00,,266199780093,BRN2867521302,UPI,WEB,Maharashtra,SETTLED,3,false
TXN_20260805_752225,2026-08-05T08:30:44+05:30,Paytm,UPI_PAYMENT,user154163@paytm,stylehubfas179@punjabna,Axis Bank,Punjab National Bank,MER_909924,StyleHub Fashion,Apparel,5651,517.33,INR,SUCCESS,00,,853211044025,BRN2677671634,UPI,ANDROID,Tamil Nadu,PENDING,15,false
TXN_20260802_759288,2026-08-02T12:56:07+05:30,Paytm,UPI_PAYMENT,user148943@paytm,utilitypays893@ausmallf,State Bank of India,AU Small Finance Bank,MER_648477,UtilityPay Services,Utilities,4900,4015.49,INR,SUCCESS,00,,327820281895,BRN3420945101,UPI,IOS,Bihar,PENDING,21,false
TXN_20260801_755501,2026-08-01T11:31:05+05:30,Paytm,UPI_PAYMENT,user653959@paytm,fitzonegym38@iciciban,Axis Bank,ICICI Bank,MER_131566,FitZone Gym,Fitness,7997,355.08,INR,SUCCESS,00,,856939489460,BRN9296343154,UPI,ANDROID,Tamil Nadu,SETTLED,9,false
TXN_20260805_817031,2026-08-05T07:41:48+05:30,Paytm,UPI_PAYMENT,user192121@paytm,booknest908@punjabna,HDFC Bank,Punjab National Bank,MER_294802,BookNest,Books,5942,906.13,INR,SUCCESS,00,,551298463058,BRN6727693917,UPI,ANDROID,Gujarat,PENDING,51,false
TXN_20260804_180396,2026-08-04T06:52:50+05:30,Paytm,UPI_PAYMENT,user101720@paytm,fitzonegym436@hdfcbank,State Bank of India,HDFC Bank,MER_175537,FitZone Gym,Fitness,7997,289.07,INR,SUCCESS,00,,637626450965,BRN6645707830,UPI,ANDROID,Haryana,SETTLED,12,false
TXN_20260808_146208,2026-08-08T10:43:34+05:30,Paytm,UPI_PAYMENT,user4335@paytm,cafebrew158@stateban,HDFC Bank,State Bank of India,MER_168235,Cafe Brew,Cafe,5814,1053.70,INR,SUCCESS,00,,435686287951,BRN7442917328,UPI,IOS,Jharkhand,SETTLED,19,false
TXN_20260807_953085,2026-08-07T01:56:57+05:30,Paytm,UPI_PAYMENT,user134009@paytm,cafebrew135@axisbank,HDFC Bank,Axis Bank,MER_988840,Cafe Brew,Cafe,5814,182.45,INR,SUCCESS,00,,459188342399,BRN8579708138,UPI,WEB,Tamil Nadu,SETTLED,30,false
TXN_20260801_798889,2026-08-01T09:46:04+05:30,Paytm,UPI_PAYMENT,user679458@paytm,fitzonegym180@stateban,ICICI Bank,State Bank of India,MER_244058,FitZone Gym,Fitness,7997,196.67,INR,FAILED,U69,BENEFICIARY_BANK_OFFLINE,186751151637,,UPI,ANDROID,Gujarat,NOT_APPLICABLE,45,false
TXN_20260808_849394,2026-08-08T09:14:25+05:30,Paytm,UPI_PAYMENT,user735250@paytm,fitzonegym171@kotakmah,ICICI Bank,Kotak Mahindra Bank,MER_300989,FitZone Gym,Fitness,7997,2699.31,INR,SUCCESS,00,,645950336043,BRN9909527860,UPI,ANDROID,Tamil Nadu,SETTLED,36,false
TXN_20260807_142674,2026-08-07T10:08:57+05:30,Paytm,UPI_PAYMENT,user276024@paytm,metromobili558@indianov,State Bank of India,Indian Overseas Bank,MER_139563,Metro Mobility,Transport,4121,37.32,INR,SUCCESS,00,,185658944859,BRN1483382620,UPI,ANDROID,Telangana,SETTLED,15,false
TXN_20260806_889238,2026-08-06T04:00:23+05:30,Paytm,UPI_PAYMENT,user263434@paytm,fitzonegym599@hdfcbank,HDFC Bank,HDFC Bank,MER_162661,FitZone Gym,Fitness,7997,134.71,INR,SUCCESS,00,,835423720751,BRN2039201068,UPI,ANDROID,Uttar Pradesh,SETTLED,23,false
TXN_20260805_796203,2026-08-05T20:38:51+05:30,Paytm,UPI_PAYMENT,user630672@paytm,cafebrew328@iciciban,Bank of India,ICICI Bank,MER_502764,Cafe Brew,Cafe,5814,229.36,INR,SUCCESS,00,,620044847641,BRN2962253892,UPI,ANDROID,Tamil Nadu,SETTLED,51,false
TXN_20260807_692402,2026-08-07T23:07:16+05:30,Paytm,UPI_PAYMENT,user293458@paytm,quickfuelst36@stateban,Bank of Baroda,State Bank of India,MER_489445,QuickFuel Station,Fuel,5541,733.53,INR,SUCCESS,00,,754383069238,BRN1858791116,UPI,ANDROID,West Bengal,SETTLED,26,false
TXN_20260806_646842,2026-08-06T07:14:02+05:30,Paytm,UPI_PAYMENT,user905557@paytm,edulearnser693@hdfcbank,HDFC Bank,HDFC Bank,MER_708815,EduLearn Services,Education,8299,673.73,INR,SUCCESS,00,,487990490406,BRN3950100970,UPI,ANDROID,Uttar Pradesh,SETTLED,33,false
TXN_20260808_258808,2026-08-08T12:55:03+05:30,Paytm,UPI_PAYMENT,user982026@paytm,cafebrew919@hdfcbank,Kotak Mahindra Bank,HDFC Bank,MER_520403,Cafe Brew,Cafe,5814,239.31,INR,SUCCESS,00,,528759446148,BRN5385545071,UPI,ANDROID,Bihar,SETTLED,26,false
TXN_20260803_352841,2026-08-03T02:37:53+05:30,Paytm,UPI_PAYMENT,user524009@paytm,mobilerecha963@stateban,HDFC Bank,State Bank of India,MER_318066,Mobile Recharge Hub,Telecom,4814,209.67,INR,SUCCESS,00,,864234366617,BRN7162953877,UPI,ANDROID,Uttar Pradesh,SETTLED,31,false
TXN_20260808_811072,2026-08-08T05:01:47+05:30,Paytm,UPI_PAYMENT,user500599@paytm,booknest791@bankofba,Kotak Mahindra Bank,Bank of Baroda,MER_138256,BookNest,Books,5942,207.45,INR,SUCCESS,00,,976017134395,BRN1414589819,UPI,ANDROID,Telangana,SETTLED,1,false
TXN_20260806_884884,2026-08-06T16:42:37+05:30,Paytm,UPI_PAYMENT,user525227@paytm,utilitypays579@stateban,Bank of Baroda,State Bank of India,MER_760950,UtilityPay Services,Utilities,4900,647.07,INR,SUCCESS,00,,217981736704,BRN6174009386,UPI,IOS,Karnataka,SETTLED,40,false
TXN_20260803_115904,2026-08-03T11:06:17+05:30,Paytm,UPI_PAYMENT,user222400@paytm,stylehubfas697@axisbank,HDFC Bank,Axis Bank,MER_198544,StyleHub Fashion,Apparel,5651,77.49,INR,SUCCESS,00,,896027388542,BRN1387168896,UPI,ANDROID,Jharkhand,SETTLED,29,false
TXN_20260802_430758,2026-08-02T05:14:35+05:30,Paytm,UPI_PAYMENT,user588728@paytm,metromobili613@iciciban,Union Bank of India,ICICI Bank,MER_436749,Metro Mobility,Transport,4121,411.26,INR,SUCCESS,00,,993744176924,BRN1884885421,UPI,ANDROID,Maharashtra,SETTLED,2,false
TXN_20260805_114861,2026-08-05T05:49:37+05:30,Paytm,UPI_PAYMENT,user12364@paytm,quickfuelst516@punjabna,Bank of Baroda,Punjab National Bank,MER_665889,QuickFuel Station,Fuel,5541,95.22,INR,SUCCESS,00,,308349408694,BRN6813136201,UPI,IOS,Rajasthan,SETTLED,27,false
TXN_20260803_701771,2026-08-03T05:40:53+05:30,Paytm,UPI_PAYMENT,user605256@paytm,homebasket157@hdfcbank,ICICI Bank,HDFC Bank,MER_386601,HomeBasket,Home & Living,5712,915.71,INR,SUCCESS,00,,125788885358,BRN1494424750,UPI,ANDROID,Gujarat,SETTLED,1,false
TXN_20260801_840001,2026-08-01T21:41:40+05:30,Paytm,UPI_PAYMENT,user345626@paytm,mobilerecha488@canaraba,Canara Bank,Canara Bank,MER_542638,Mobile Recharge Hub,Telecom,4814,37.46,INR,SUCCESS,00,,857143565346,BRN9602189308,UPI,IOS,Assam,PENDING,7,false
TXN_20260801_708538,2026-08-01T15:19:16+05:30,Paytm,UPI_PAYMENT,user929198@paytm,techsquaree978@hdfcbank,State Bank of India,HDFC Bank,MER_527292,TechSquare Electronics,Electronics,5732,110.14,INR,SUCCESS,00,,327741221380,BRN1015437255,UPI,ANDROID,Karnataka,SETTLED,31,false
TXN_20260804_919233,2026-08-04T19:43:52+05:30,Paytm,UPI_PAYMENT,user561249@paytm,booknest176@iciciban,Bank of Baroda,ICICI Bank,MER_280467,BookNest,Books,5942,32.26,INR,SUCCESS,00,,231631652598,BRN8252622898,UPI,IOS,West Bengal,PENDING,22,false
TXN_20260801_565518,2026-08-01T15:32:56+05:30,Paytm,UPI_PAYMENT,user697962@paytm,utilitypays578@hdfcbank,Federal Bank,HDFC Bank,MER_609282,UtilityPay Services,Utilities,4900,131.97,INR,SUCCESS,00,,358116785038,BRN6668011084,UPI,ANDROID,Uttar Pradesh,SETTLED,35,false
TXN_20260807_982459,2026-08-07T12:01:34+05:30,Paytm,UPI_PAYMENT,user598357@paytm,edulearnser997@yesbank,State Bank of India,YES BANK,MER_527099,EduLearn Services,Education,8299,180.47,INR,SUCCESS,00,,152640744396,BRN3000777758,UPI,IOS,Telangana,SETTLED,25,false
TXN_20260805_638203,2026-08-05T21:34:19+05:30,Paytm,UPI_PAYMENT,user874439@paytm,stylehubfas195@stateban,Bank of Baroda,State Bank of India,MER_820492,StyleHub Fashion,Apparel,5651,424.01,INR,SUCCESS,00,,169278028713,BRN4541172835,UPI,ANDROID,Maharashtra,PENDING,25,false
TXN_20260806_951448,2026-08-06T17:33:59+05:30,Paytm,UPI_PAYMENT,user413378@paytm,urbaneats812@kotakmah,Canara Bank,Kotak Mahindra Bank,MER_883167,Urban Eats,Restaurant,5812,751.73,INR,SUCCESS,00,,976375276440,BRN5720461099,UPI,IOS,Telangana,SETTLED,13,false
TXN_20260808_354067,2026-08-08T08:44:09+05:30,Paytm,UPI_PAYMENT,user820974@paytm,urbaneats823@kotakmah,HDFC Bank,Kotak Mahindra Bank,MER_679942,Urban Eats,Restaurant,5812,129.31,INR,SUCCESS,00,,584855344510,BRN5289648430,UPI,IOS,Kerala,SETTLED,13,false
TXN_20260807_419300,2026-08-07T01:20:42+05:30,Paytm,UPI_PAYMENT,user976970@paytm,edulearnser459@hdfcbank,ICICI Bank,HDFC Bank,MER_358334,EduLearn Services,Education,8299,569.72,INR,SUCCESS,00,,979923369765,BRN5798418189,UPI,ANDROID,Kerala,PENDING,77,false
TXN_20260801_648800,2026-08-01T01:16:21+05:30,Paytm,UPI_PAYMENT,user474746@paytm,quickfuelst961@iciciban,Kotak Mahindra Bank,ICICI Bank,MER_827167,QuickFuel Station,Fuel,5541,941.92,INR,SUCCESS,00,,602635797862,BRN9157601427,UPI,WEB,Delhi,PENDING,1,false
TXN_20260804_288947,2026-08-04T19:13:56+05:30,Paytm,UPI_PAYMENT,user286402@paytm,mobilerecha933@stateban,Axis Bank,State Bank of India,MER_725041,Mobile Recharge Hub,Telecom,4814,5692.56,INR,SUCCESS,00,,492301834202,BRN3226855250,UPI,IOS,Bihar,SETTLED,22,false
TXN_20260809_846492,2026-08-09T05:21:34+05:30,Paytm,UPI_PAYMENT,user472741@paytm,metromobili152@indianba,HDFC Bank,Indian Bank,MER_286926,Metro Mobility,Transport,4121,134.47,INR,SUCCESS,00,,577461741970,BRN2984403755,UPI,ANDROID,Delhi,SETTLED,16,false
TXN_20260801_600324,2026-08-01T11:22:52+05:30,Paytm,UPI_PAYMENT,user569261@paytm,stylehubfas952@unionban,ICICI Bank,Union Bank of India,MER_523008,StyleHub Fashion,Apparel,5651,168.26,INR,SUCCESS,00,,142456096821,BRN7293141822,UPI,WEB,Andhra Pradesh,PENDING,39,false
TXN_20260809_874545,2026-08-09T11:08:01+05:30,Paytm,UPI_PAYMENT,user899766@paytm,techsquaree826@stateban,ICICI Bank,State Bank of India,MER_539646,TechSquare Electronics,Electronics,5732,482.28,INR,SUCCESS,00,,705757404317,BRN7796440441,UPI,ANDROID,Tamil Nadu,SETTLED,33,false
TXN_20260802_653539,2026-08-02T22:23:49+05:30,Paytm,UPI_PAYMENT,user241090@paytm,homebasket826@stateban,State Bank of India,State Bank of India,MER_281557,HomeBasket,Home & Living,5712,159.52,INR,SUCCESS,00,,512015824242,BRN6430971042,UPI,ANDROID,Maharashtra,SETTLED,24,false
TXN_20260805_164929,2026-08-05T06:56:05+05:30,Paytm,UPI_PAYMENT,user626300@paytm,edulearnser798@stateban,Axis Bank,State Bank of India,MER_151396,EduLearn Services,Education,8299,111.73,INR,SUCCESS,00,,342359756335,BRN9393326939,UPI,IOS,Maharashtra,SETTLED,17,false
TXN_20260803_732486,2026-08-03T10:17:08+05:30,Paytm,UPI_PAYMENT,user159120@paytm,edulearnser426@unionban,IndusInd Bank,Union Bank of India,MER_396321,EduLearn Services,Education,8299,650.09,INR,SUCCESS,00,,430692281839,BRN2886094085,UPI,IOS,Telangana,SETTLED,8,false
TXN_20260807_671485,2026-08-07T15:45:58+05:30,Paytm,UPI_PAYMENT,user236489@paytm,fitzonegym119@yesbank,Bank of Baroda,YES BANK,MER_505234,FitZone Gym,Fitness,7997,1187.89,INR,SUCCESS,00,,210868036755,BRN6466258382,UPI,ANDROID,Haryana,SETTLED,53,false
TXN_20260805_719284,2026-08-05T09:03:19+05:30,Paytm,UPI_PAYMENT,user792671@paytm,edulearnser616@stateban,Axis Bank,State Bank of India,MER_968773,EduLearn Services,Education,8299,153.04,INR,SUCCESS,00,,667002405998,BRN4781892282,UPI,ANDROID,Rajasthan,SETTLED,37,false
TXN_20260808_772183,2026-08-08T23:54:39+05:30,Paytm,UPI_PAYMENT,user320283@paytm,medicarepha26@idfcfirs,YES BANK,IDFC FIRST Bank,MER_320705,MediCare Pharmacy,Pharmacy,5912,157.58,INR,SUCCESS,00,,423380777543,BRN4111833298,UPI,ANDROID,Telangana,PENDING,16,false
TXN_20260808_147133,2026-08-08T05:16:52+05:30,Paytm,UPI_PAYMENT,user119394@paytm,homebasket230@punjabna,YES BANK,Punjab National Bank,MER_973659,HomeBasket,Home & Living,5712,801.70,INR,SUCCESS,00,,202109416201,BRN3562074226,UPI,ANDROID,Uttarakhand,SETTLED,17,false
TXN_20260803_353023,2026-08-03T14:03:07+05:30,Paytm,UPI_PAYMENT,user601952@paytm,techsquaree586@hdfcbank,YES BANK,HDFC Bank,MER_177004,TechSquare Electronics,Electronics,5732,54.86,INR,SUCCESS,00,,226830079857,BRN9794729133,UPI,ANDROID,Andhra Pradesh,SETTLED,15,false
TXN_20260804_206774,2026-08-04T13:32:25+05:30,Paytm,UPI_PAYMENT,user377520@paytm,medicarepha704@unionban,ICICI Bank,Union Bank of India,MER_991169,MediCare Pharmacy,Pharmacy,5912,676.85,INR,SUCCESS,00,,707786436622,BRN9427734502,UPI,ANDROID,Maharashtra,SETTLED,33,false
TXN_20260807_482031,2026-08-07T11:49:58+05:30,Paytm,UPI_PAYMENT,user966221@paytm,mobilerecha248@punjabna,IDFC FIRST Bank,Punjab National Bank,MER_915016,Mobile Recharge Hub,Telecom,4814,11.32,INR,SUCCESS,00,,400300921698,BRN8105536167,UPI,ANDROID,Gujarat,SETTLED,9,false
TXN_20260805_191432,2026-08-05T11:29:10+05:30,Paytm,UPI_PAYMENT,user674410@paytm,fitzonegym684@iciciban,Axis Bank,ICICI Bank,MER_381819,FitZone Gym,Fitness,7997,990.38,INR,SUCCESS,00,,613420338723,BRN1998092870,UPI,ANDROID,Tamil Nadu,SETTLED,3,false
TXN_20260803_683324,2026-08-03T06:56:39+05:30,Paytm,UPI_PAYMENT,user150229@paytm,metromobili613@iciciban,State Bank of India,ICICI Bank,MER_949141,Metro Mobility,Transport,4121,120.73,INR,SUCCESS,00,,172926395021,BRN6760427589,UPI,ANDROID,Chhattisgarh,SETTLED,18,false
TXN_20260804_606937,2026-08-04T21:15:51+05:30,Paytm,UPI_PAYMENT,user746995@paytm,utilitypays301@bankofba,Punjab National Bank,Bank of Baroda,MER_837047,UtilityPay Services,Utilities,4900,65.76,INR,SUCCESS,00,,355698335938,BRN8167695513,UPI,IOS,Haryana,SETTLED,34,false
TXN_20260804_664126,2026-08-04T06:50:52+05:30,Paytm,UPI_PAYMENT,user611638@paytm,stylehubfas216@axisbank,HDFC Bank,Axis Bank,MER_104292,StyleHub Fashion,Apparel,5651,692.99,INR,SUCCESS,00,,901984578820,BRN4633051907,UPI,ANDROID,Andhra Pradesh,SETTLED,60,false
TXN_20260801_414928,2026-08-01T07:29:48+05:30,Paytm,UPI_PAYMENT,user434597@paytm,urbaneats488@axisbank,Canara Bank,Axis Bank,MER_887031,Urban Eats,Restaurant,5812,133.17,INR,SUCCESS,00,,785698557535,BRN3688865728,UPI,IOS,Uttar Pradesh,PENDING,32,false
TXN_20260803_228780,2026-08-03T20:07:55+05:30,Paytm,UPI_PAYMENT,user102160@paytm,fitzonegym57@hdfcbank,Axis Bank,HDFC Bank,MER_162025,FitZone Gym,Fitness,7997,507.75,INR,SUCCESS,00,,955502359434,BRN3127236565,UPI,ANDROID,Chhattisgarh,SETTLED,25,false
TXN_20260803_938066,2026-08-03T06:02:44+05:30,Paytm,UPI_PAYMENT,user96030@paytm,urbaneats693@hdfcbank,Kotak Mahindra Bank,HDFC Bank,MER_878606,Urban Eats,Restaurant,5812,130.99,INR,SUCCESS,00,,285680437950,BRN4147866631,UPI,IOS,Bihar,SETTLED,19,false
TXN_20260801_471126,2026-08-01T00:02:04+05:30,Paytm,UPI_PAYMENT,user900372@paytm,edulearnser818@indusind,Central Bank of India,IndusInd Bank,MER_572136,EduLearn Services,Education,8299,46.18,INR,SUCCESS,00,,325535122876,BRN8889290721,UPI,IOS,Tamil Nadu,SETTLED,17,false
TXN_20260807_910928,2026-08-07T12:02:39+05:30,Paytm,UPI_PAYMENT,user128705@paytm,quickfuelst245@stateban,Kotak Mahindra Bank,State Bank of India,MER_867444,QuickFuel Station,Fuel,5541,270.46,INR,SUCCESS,00,,469102257780,BRN9061289094,UPI,IOS,Andhra Pradesh,SETTLED,36,false
TXN_20260807_138419,2026-08-07T12:58:46+05:30,Paytm,UPI_PAYMENT,user72571@paytm,stylehubfas415@unionban,Kotak Mahindra Bank,Union Bank of India,MER_836800,StyleHub Fashion,Apparel,5651,51.90,INR,SUCCESS,00,,543543084542,BRN8133761904,UPI,ANDROID,Rajasthan,SETTLED,33,false
TXN_20260808_799852,2026-08-08T07:08:17+05:30,Paytm,UPI_PAYMENT,user330854@paytm,edulearnser412@yesbank,UCO Bank,YES BANK,MER_217146,EduLearn Services,Education,8299,274.62,INR,SUCCESS,00,,606432940602,BRN3047087642,UPI,ANDROID,Madhya Pradesh,SETTLED,63,false
TXN_20260805_566265,2026-08-05T10:27:09+05:30,Paytm,UPI_PAYMENT,user501729@paytm,edulearnser871@idfcfirs,ICICI Bank,IDFC FIRST Bank,MER_607916,EduLearn Services,Education,8299,193.11,INR,SUCCESS,00,,769384404456,BRN2332905052,UPI,IOS,Jharkhand,PENDING,20,false
TXN_20260803_977475,2026-08-03T23:50:31+05:30,Paytm,UPI_PAYMENT,user340222@paytm,urbaneats86@hdfcbank,HDFC Bank,HDFC Bank,MER_978464,Urban Eats,Restaurant,5812,936.59,INR,SUCCESS,00,,895643274433,BRN5097638851,UPI,ANDROID,Punjab,SETTLED,16,false
TXN_20260802_843349,2026-08-02T20:36:56+05:30,Paytm,UPI_PAYMENT,user302806@paytm,fitzonegym164@hdfcbank,Punjab National Bank,HDFC Bank,MER_375498,FitZone Gym,Fitness,7997,737.05,INR,SUCCESS,00,,462777431347,BRN5662000857,UPI,ANDROID,Assam,SETTLED,28,false
TXN_20260804_371555,2026-08-04T17:53:06+05:30,Paytm,UPI_PAYMENT,user32253@paytm,urbaneats789@axisbank,State Bank of India,Axis Bank,MER_236587,Urban Eats,Restaurant,5812,61.10,INR,SUCCESS,00,,802121609039,BRN7486775708,UPI,IOS,West Bengal,SETTLED,16,false
TXN_20260802_627819,2026-08-02T01:56:25+05:30,Paytm,UPI_PAYMENT,user265593@paytm,fitzonegym840@indianba,Axis Bank,Indian Bank,MER_404379,FitZone Gym,Fitness,7997,1998.18,INR,SUCCESS,00,,913491553688,BRN5178607440,UPI,ANDROID,Andhra Pradesh,SETTLED,22,false
TXN_20260808_314694,2026-08-08T08:44:57+05:30,Paytm,UPI_PAYMENT,user557183@paytm,quickfuelst305@iciciban,HDFC Bank,ICICI Bank,MER_958325,QuickFuel Station,Fuel,5541,106.28,INR,SUCCESS,00,,832287838375,BRN7496001159,UPI,WEB,Karnataka,PENDING,16,false
TXN_20260805_587135,2026-08-05T17:26:17+05:30,Paytm,UPI_PAYMENT,user48306@paytm,fitzonegym789@bankofba,ICICI Bank,Bank of Baroda,MER_202078,FitZone Gym,Fitness,7997,52.19,INR,SUCCESS,00,,133741290917,BRN7109226116,UPI,ANDROID,Delhi,SETTLED,2,false
TXN_20260808_925221,2026-08-08T14:04:49+05:30,Paytm,UPI_PAYMENT,user485275@paytm,booknest793@hdfcbank,State Bank of India,HDFC Bank,MER_241655,BookNest,Books,5942,551.24,INR,SUCCESS,00,,827818418076,BRN7716474886,UPI,ANDROID,West Bengal,SETTLED,1,false
TXN_20260802_823644,2026-08-02T04:06:50+05:30,Paytm,UPI_PAYMENT,user920556@paytm,booknest898@canaraba,Axis Bank,Canara Bank,MER_584114,BookNest,Books,5942,203.04,INR,SUCCESS,00,,730411422097,BRN6491302993,UPI,ANDROID,Kerala,SETTLED,45,false
TXN_20260806_993641,2026-08-06T17:38:58+05:30,Paytm,UPI_PAYMENT,user455272@paytm,edulearnser619@punjabna,ICICI Bank,Punjab National Bank,MER_682633,EduLearn Services,Education,8299,402.23,INR,SUCCESS,00,,735126239228,BRN9704493310,UPI,ANDROID,West Bengal,SETTLED,24,false
TXN_20260803_787582,2026-08-03T10:00:32+05:30,Paytm,UPI_PAYMENT,user520318@paytm,cafebrew171@hdfcbank,Union Bank of India,HDFC Bank,MER_316344,Cafe Brew,Cafe,5814,168.47,INR,SUCCESS,00,,677709100890,BRN4024270329,UPI,ANDROID,West Bengal,SETTLED,13,false
TXN_20260808_739576,2026-08-08T21:51:07+05:30,Paytm,UPI_PAYMENT,user435121@paytm,stylehubfas541@hdfcbank,Central Bank of India,HDFC Bank,MER_225432,StyleHub Fashion,Apparel,5651,609.67,INR,SUCCESS,00,,308878327347,BRN6062571309,UPI,IOS,Maharashtra,SETTLED,40,false
TXN_20260802_947508,2026-08-02T08:10:31+05:30,Paytm,UPI_PAYMENT,user344834@paytm,utilitypays704@punjabna,Axis Bank,Punjab National Bank,MER_594166,UtilityPay Services,Utilities,4900,461.57,INR,SUCCESS,00,,846072288168,BRN4533191947,UPI,ANDROID,Uttar Pradesh,SETTLED,22,false
TXN_20260801_738531,2026-08-01T05:39:49+05:30,Paytm,UPI_PAYMENT,user748332@paytm,fitzonegym685@iciciban,Axis Bank,ICICI Bank,MER_598718,FitZone Gym,Fitness,7997,453.72,INR,FAILED,91,BANK_UNAVAILABLE,484520052831,,UPI,ANDROID,Uttar Pradesh,NOT_APPLICABLE,2,false
TXN_20260808_246362,2026-08-08T22:24:13+05:30,Paytm,UPI_PAYMENT,user397251@paytm,fitzonegym753@axisbank,Indian Overseas Bank,Axis Bank,MER_874457,FitZone Gym,Fitness,7997,82.43,INR,SUCCESS,00,,255272013610,BRN9763312529,UPI,IOS,Himachal Pradesh,SETTLED,28,false
TXN_20260804_629012,2026-08-04T00:52:28+05:30,Paytm,UPI_PAYMENT,user901684@paytm,urbaneats550@axisbank,Kotak Mahindra Bank,Axis Bank,MER_121856,Urban Eats,Restaurant,5812,128.88,INR,SUCCESS,00,,808668231124,BRN6414478226,UPI,ANDROID,West Bengal,SETTLED,46,false
TXN_20260802_544770,2026-08-02T12:54:19+05:30,Paytm,UPI_PAYMENT,user893010@paytm,mobilerecha962@axisbank,ICICI Bank,Axis Bank,MER_489509,Mobile Recharge Hub,Telecom,4814,226.30,INR,SUCCESS,00,,836291329293,BRN8317042682,UPI,ANDROID,Karnataka,SETTLED,42,false
TXN_20260809_689785,2026-08-09T07:56:07+05:30,Paytm,UPI_PAYMENT,user957744@paytm,medicarepha333@stateban,Bank of India,State Bank of India,MER_585677,MediCare Pharmacy,Pharmacy,5912,249.88,INR,SUCCESS,00,,837818321533,BRN5864557529,UPI,ANDROID,Maharashtra,SETTLED,17,false
TXN_20260807_153113,2026-08-07T16:31:39+05:30,Paytm,UPI_PAYMENT,user859495@paytm,utilitypays913@hdfcbank,Union Bank of India,HDFC Bank,MER_335424,UtilityPay Services,Utilities,4900,160.99,INR,SUCCESS,00,,386397099737,BRN5847171502,UPI,ANDROID,Karnataka,SETTLED,24,false
TXN_20260801_420922,2026-08-01T18:30:37+05:30,Paytm,UPI_PAYMENT,user602794@paytm,stylehubfas501@hdfcbank,Central Bank of India,HDFC Bank,MER_522777,StyleHub Fashion,Apparel,5651,115.64,INR,SUCCESS,00,,390819822233,BRN8583285608,UPI,WEB,Tamil Nadu,SETTLED,63,false
TXN_20260801_435712,2026-08-01T12:57:58+05:30,Paytm,UPI_PAYMENT,user644297@paytm,metromobili51@stateban,IDFC FIRST Bank,State Bank of India,MER_693164,Metro Mobility,Transport,4121,321.61,INR,REVERSED,00,,152148789242,BRN7268931306,UPI,IOS,Gujarat,REVERSED,20,false
TXN_20260802_392430,2026-08-02T16:35:42+05:30,Paytm,UPI_PAYMENT,user246545@paytm,booknest213@kotakmah,Punjab National Bank,Kotak Mahindra Bank,MER_164176,BookNest,Books,5942,182.37,INR,SUCCESS,00,,355094850588,BRN5977328354,UPI,ANDROID,Himachal Pradesh,PENDING,28,false
TXN_20260805_804990,2026-08-05T12:59:34+05:30,Paytm,UPI_PAYMENT,user956676@paytm,fitzonegym622@stateban,ICICI Bank,State Bank of India,MER_185468,FitZone Gym,Fitness,7997,237.83,INR,SUCCESS,00,,939219434482,BRN1213763351,UPI,ANDROID,Kerala,SETTLED,21,false
TXN_20260809_626001,2026-08-09T11:27:46+05:30,Paytm,UPI_PAYMENT,user63369@paytm,fitzonegym708@iciciban,Central Bank of India,ICICI Bank,MER_796695,FitZone Gym,Fitness,7997,80.91,INR,SUCCESS,00,,897828877347,BRN4605540222,UPI,IOS,Himachal Pradesh,PENDING,22,false
TXN_20260801_222492,2026-08-01T22:41:13+05:30,Paytm,UPI_PAYMENT,user542180@paytm,homebasket970@stateban,Axis Bank,State Bank of India,MER_873618,HomeBasket,Home & Living,5712,248.39,INR,SUCCESS,00,,159848063534,BRN1532240523,UPI,ANDROID,Andhra Pradesh,SETTLED,4,false
TXN_20260803_969109,2026-08-03T14:21:49+05:30,Paytm,UPI_PAYMENT,user190336@paytm,freshmartre774@kotakmah,Kotak Mahindra Bank,Kotak Mahindra Bank,MER_574154,FreshMart Retail,Grocery,5411,24.99,INR,SUCCESS,00,,788503102706,BRN1525531401,UPI,IOS,Maharashtra,SETTLED,83,false
TXN_20260803_255131,2026-08-03T01:54:43+05:30,Paytm,UPI_PAYMENT,user810162@paytm,techsquaree712@iciciban,HDFC Bank,ICICI Bank,MER_897301,TechSquare Electronics,Electronics,5732,1423.39,INR,SUCCESS,00,,973193432592,BRN6885996601,UPI,ANDROID,Haryana,SETTLED,38,false
TXN_20260803_134075,2026-08-03T14:23:32+05:30,Paytm,UPI_PAYMENT,user980607@paytm,techsquaree421@punjabna,Indian Bank,Punjab National Bank,MER_461338,TechSquare Electronics,Electronics,5732,519.06,INR,SUCCESS,00,,495692478223,BRN5379300123,UPI,ANDROID,Tamil Nadu,SETTLED,6,false
TXN_20260809_639980,2026-08-09T14:47:35+05:30,Paytm,UPI_PAYMENT,user554296@paytm,booknest75@iciciban,Indian Bank,ICICI Bank,MER_885517,BookNest,Books,5942,272.42,INR,FAILED,91,BANK_UNAVAILABLE,486441044367,,UPI,IOS,Uttar Pradesh,NOT_APPLICABLE,25,false
TXN_20260802_567397,2026-08-02T20:16:02+05:30,Paytm,UPI_PAYMENT,user46738@paytm,quickfuelst837@iciciban,IndusInd Bank,ICICI Bank,MER_159787,QuickFuel Station,Fuel,5541,186.14,INR,SUCCESS,00,,925184359303,BRN1409409254,UPI,ANDROID,Assam,SETTLED,42,false
TXN_20260804_950461,2026-08-04T23:12:27+05:30,Paytm,UPI_PAYMENT,user590611@paytm,stylehubfas712@bankofba,IndusInd Bank,Bank of Baroda,MER_913792,StyleHub Fashion,Apparel,5651,104.58,INR,SUCCESS,00,,240238867376,BRN8964869500,UPI,ANDROID,Haryana,SETTLED,38,false
TXN_20260802_913937,2026-08-02T09:45:32+05:30,Paytm,UPI_PAYMENT,user387577@paytm,cafebrew50@iciciban,Bank of India,ICICI Bank,MER_958707,Cafe Brew,Cafe,5814,566.08,INR,SUCCESS,00,,621747600678,BRN5620074733,UPI,IOS,Maharashtra,SETTLED,9,false
TXN_20260807_646779,2026-08-07T01:53:30+05:30,Paytm,UPI_PAYMENT,user881493@paytm,urbaneats210@punjabna,ICICI Bank,Punjab National Bank,MER_440561,Urban Eats,Restaurant,5812,698.01,INR,SUCCESS,00,,320141316099,BRN2612604374,UPI,ANDROID,Tamil Nadu,SETTLED,1,false
TXN_20260807_489677,2026-08-07T17:53:43+05:30,Paytm,UPI_PAYMENT,user661092@paytm,edulearnser354@iciciban,Canara Bank,ICICI Bank,MER_984231,EduLearn Services,Education,8299,303.55,INR,SUCCESS,00,,936357139421,BRN5875080686,UPI,ANDROID,Maharashtra,SETTLED,28,false
TXN_20260805_641683,2026-08-05T23:48:12+05:30,Paytm,UPI_PAYMENT,user178454@paytm,cafebrew813@hdfcbank,Canara Bank,HDFC Bank,MER_468784,Cafe Brew,Cafe,5814,2862.03,INR,SUCCESS,00,,210344328231,BRN3706732854,UPI,ANDROID,Tamil Nadu,SETTLED,17,false
TXN_20260806_973283,2026-08-06T05:42:42+05:30,Paytm,UPI_PAYMENT,user209604@paytm,quickfuelst895@kotakmah,Indian Bank,Kotak Mahindra Bank,MER_209874,QuickFuel Station,Fuel,5541,198.22,INR,SUCCESS,00,,310658558112,BRN9222255354,UPI,ANDROID,Tamil Nadu,SETTLED,42,false
TXN_20260802_584491,2026-08-02T22:23:34+05:30,Paytm,UPI_PAYMENT,user797382@paytm,fitzonegym743@hdfcbank,HDFC Bank,HDFC Bank,MER_487500,FitZone Gym,Fitness,7997,2626.44,INR,SUCCESS,00,,114095175406,BRN8051918097,UPI,ANDROID,Andhra Pradesh,SETTLED,36,false
TXN_20260803_663067,2026-08-03T00:08:01+05:30,Paytm,UPI_PAYMENT,user364707@paytm,urbaneats45@axisbank,HDFC Bank,Axis Bank,MER_475669,Urban Eats,Restaurant,5812,1167.21,INR,SUCCESS,00,,990270934650,BRN4641470103,UPI,ANDROID,Chhattisgarh,SETTLED,18,false
TXN_20260803_960412,2026-08-03T17:43:37+05:30,Paytm,UPI_PAYMENT,user305039@paytm,cafebrew413@federalb,Kotak Mahindra Bank,Federal Bank,MER_633678,Cafe Brew,Cafe,5814,332.44,INR,SUCCESS,00,,628261264326,BRN6450109016,UPI,IOS,Madhya Pradesh,SETTLED,25,false
TXN_20260806_341967,2026-08-06T23:24:11+05:30,Paytm,UPI_PAYMENT,user380350@paytm,metromobili768@stateban,Bank of Baroda,State Bank of India,MER_328484,Metro Mobility,Transport,4121,398.92,INR,SUCCESS,00,,145516807381,BRN8123615293,UPI,WEB,Jharkhand,SETTLED,10,false
TXN_20260801_324789,2026-08-01T06:43:30+05:30,Paytm,UPI_PAYMENT,user103411@paytm,cafebrew742@hdfcbank,Kotak Mahindra Bank,HDFC Bank,MER_428732,Cafe Brew,Cafe,5814,217.36,INR,SUCCESS,00,,201917629124,BRN7761682371,UPI,ANDROID,Delhi,SETTLED,26,false
TXN_20260808_812291,2026-08-08T09:40:42+05:30,Paytm,UPI_PAYMENT,user252160@paytm,edulearnser985@yesbank,Canara Bank,YES BANK,MER_804814,EduLearn Services,Education,8299,370.83,INR,SUCCESS,00,,912907408397,BRN7472292992,UPI,IOS,West Bengal,SETTLED,20,false
TXN_20260804_517782,2026-08-04T16:29:20+05:30,Paytm,UPI_PAYMENT,user260365@paytm,medicarepha768@stateban,ICICI Bank,State Bank of India,MER_538829,MediCare Pharmacy,Pharmacy,5912,465.29,INR,SUCCESS,00,,269556989343,BRN2904589658,UPI,ANDROID,Gujarat,SETTLED,1,false
TXN_20260802_858472,2026-08-02T15:09:25+05:30,Paytm,UPI_PAYMENT,user295137@paytm,booknest179@stateban,IndusInd Bank,State Bank of India,MER_832237,BookNest,Books,5942,626.11,INR,SUCCESS,00,,433794621250,BRN4833019046,UPI,ANDROID,Telangana,SETTLED,47,false
TXN_20260807_678881,2026-08-07T23:36:02+05:30,Paytm,UPI_PAYMENT,user82858@paytm,stylehubfas707@hdfcbank,HDFC Bank,HDFC Bank,MER_653363,StyleHub Fashion,Apparel,5651,373.72,INR,SUCCESS,00,,780204001538,BRN6702979719,UPI,ANDROID,Telangana,PENDING,21,false
TXN_20260804_798313,2026-08-04T18:41:00+05:30,Paytm,UPI_PAYMENT,user924259@paytm,urbaneats597@bankofin,Kotak Mahindra Bank,Bank of India,MER_759966,Urban Eats,Restaurant,5812,384.29,INR,SUCCESS,00,,923730893865,BRN4586771395,UPI,ANDROID,Andhra Pradesh,SETTLED,32,false
TXN_20260803_504292,2026-08-03T19:11:36+05:30,Paytm,UPI_PAYMENT,user447044@paytm,urbaneats626@kotakmah,ICICI Bank,Kotak Mahindra Bank,MER_107030,Urban Eats,Restaurant,5812,100.97,INR,SUCCESS,00,,776147093763,BRN6357642496,UPI,ANDROID,West Bengal,SETTLED,35,false
TXN_20260806_588516,2026-08-06T12:31:48+05:30,Paytm,UPI_PAYMENT,user339021@paytm,urbaneats61@unionban,ICICI Bank,Union Bank of India,MER_215126,Urban Eats,Restaurant,5812,476.48,INR,SUCCESS,00,,423812579892,BRN1374234068,UPI,WEB,Telangana,SETTLED,36,false
TXN_20260803_726702,2026-08-03T17:45:11+05:30,Paytm,UPI_PAYMENT,user446158@paytm,booknest715@hdfcbank,Axis Bank,HDFC Bank,MER_391831,BookNest,Books,5942,124.42,INR,SUCCESS,00,,883247883456,BRN4379232758,UPI,ANDROID,Madhya Pradesh,PENDING,35,false
TXN_20260807_409946,2026-08-07T00:44:01+05:30,Paytm,UPI_PAYMENT,user559174@paytm,techsquaree558@axisbank,Axis Bank,Axis Bank,MER_737120,TechSquare Electronics,Electronics,5732,61.66,INR,SUCCESS,00,,442594534181,BRN1288531782,UPI,IOS,Bihar,SETTLED,32,false
TXN_20260801_265636,2026-08-01T10:03:08+05:30,Paytm,UPI_PAYMENT,user409732@paytm,stylehubfas497@unionban,Canara Bank,Union Bank of India,MER_606353,StyleHub Fashion,Apparel,5651,77.89,INR,SUCCESS,00,,957378829037,BRN8823354361,UPI,ANDROID,Bihar,SETTLED,27,false
TXN_20260804_955417,2026-08-04T18:52:21+05:30,Paytm,UPI_PAYMENT,user147209@paytm,edulearnser175@hdfcbank,HDFC Bank,HDFC Bank,MER_431010,EduLearn Services,Education,8299,155.98,INR,SUCCESS,00,,234199271797,BRN7230379239,UPI,ANDROID,Madhya Pradesh,SETTLED,37,false
TXN_20260805_163745,2026-08-05T05:11:58+05:30,Paytm,UPI_PAYMENT,user489019@paytm,medicarepha873@iciciban,HDFC Bank,ICICI Bank,MER_280106,MediCare Pharmacy,Pharmacy,5912,915.12,INR,SUCCESS,00,,415321949259,BRN6852158328,UPI,ANDROID,Andhra Pradesh,SETTLED,51,false
TXN_20260808_756399,2026-08-08T05:11:13+05:30,Paytm,UPI_PAYMENT,user594202@paytm,fitzonegym534@hdfcbank,State Bank of India,HDFC Bank,MER_988267,FitZone Gym,Fitness,7997,134.40,INR,SUCCESS,00,,987496302787,BRN7172117869,UPI,ANDROID,Uttar Pradesh,SETTLED,32,false
TXN_20260807_290218,2026-08-07T23:02:58+05:30,Paytm,UPI_PAYMENT,user957921@paytm,metromobili668@kotakmah,State Bank of India,Kotak Mahindra Bank,MER_167661,Metro Mobility,Transport,4121,703.08,INR,SUCCESS,00,,509443312698,BRN4711721475,UPI,IOS,Punjab,SETTLED,14,false
TXN_20260801_222017,2026-08-01T19:45:55+05:30,Paytm,UPI_PAYMENT,user575947@paytm,freshmartre230@hdfcbank,Axis Bank,HDFC Bank,MER_290928,FreshMart Retail,Grocery,5411,3619.05,INR,SUCCESS,00,,420677374953,BRN3293225814,UPI,ANDROID,Karnataka,SETTLED,29,false
TXN_20260802_104871,2026-08-02T11:34:03+05:30,Paytm,UPI_PAYMENT,user247897@paytm,stylehubfas623@unionban,Kotak Mahindra Bank,Union Bank of India,MER_703955,StyleHub Fashion,Apparel,5651,163.21,INR,SUCCESS,00,,802774797806,BRN1046976413,UPI,ANDROID,Bihar,SETTLED,20,false
TXN_20260808_383973,2026-08-08T02:30:23+05:30,Paytm,UPI_PAYMENT,user462161@paytm,metromobili649@iciciban,Kotak Mahindra Bank,ICICI Bank,MER_818212,Metro Mobility,Transport,4121,578.32,INR,SUCCESS,00,,242991571604,BRN8965336570,UPI,ANDROID,Uttar Pradesh,SETTLED,1,false
TXN_20260808_267400,2026-08-08T17:13:04+05:30,Paytm,UPI_PAYMENT,user848946@paytm,techsquaree467@iciciban,HDFC Bank,ICICI Bank,MER_539078,TechSquare Electronics,Electronics,5732,105.00,INR,SUCCESS,00,,467564595898,BRN9198159775,UPI,IOS,Telangana,SETTLED,67,false
TXN_20260803_847844,2026-08-03T10:03:27+05:30,Paytm,UPI_PAYMENT,user183238@paytm,booknest849@stateban,HDFC Bank,State Bank of India,MER_470301,BookNest,Books,5942,423.77,INR,SUCCESS,00,,486656662015,BRN2746128522,UPI,ANDROID,Delhi,SETTLED,6,false
TXN_20260802_115543,2026-08-02T11:04:36+05:30,Paytm,UPI_PAYMENT,user577487@paytm,freshmartre824@unionban,HDFC Bank,Union Bank of India,MER_107660,FreshMart Retail,Grocery,5411,107.90,INR,SUCCESS,00,,382757102373,BRN7331233141,UPI,ANDROID,West Bengal,SETTLED,34,false
TXN_20260805_755240,2026-08-05T15:15:54+05:30,Paytm,UPI_PAYMENT,user417532@paytm,urbaneats71@stateban,Punjab National Bank,State Bank of India,MER_833470,Urban Eats,Restaurant,5812,364.70,INR,SUCCESS,00,,639999633546,BRN7129249645,UPI,ANDROID,Tamil Nadu,PENDING,53,false
TXN_20260803_275144,2026-08-03T07:17:42+05:30,Paytm,UPI_PAYMENT,user198940@paytm,stylehubfas497@yesbank,Canara Bank,YES BANK,MER_649737,StyleHub Fashion,Apparel,5651,260.44,INR,SUCCESS,00,,388263657270,BRN2949525476,UPI,ANDROID,Jharkhand,SETTLED,22,false
TXN_20260809_587520,2026-08-09T19:03:09+05:30,Paytm,UPI_PAYMENT,user476256@paytm,quickfuelst79@stateban,Axis Bank,State Bank of India,MER_396782,QuickFuel Station,Fuel,5541,154.79,INR,SUCCESS,00,,312181158207,BRN8795246417,UPI,WEB,Haryana,SETTLED,47,false
TXN_20260808_845925,2026-08-08T01:30:58+05:30,Paytm,UPI_PAYMENT,user287538@paytm,homebasket391@bankofba,IndusInd Bank,Bank of Baroda,MER_310008,HomeBasket,Home & Living,5712,41.19,INR,SUCCESS,00,,799415790079,BRN1485340813,UPI,ANDROID,Karnataka,SETTLED,25,false
TXN_20260804_663114,2026-08-04T01:39:59+05:30,Paytm,UPI_PAYMENT,user241006@paytm,utilitypays297@punjabna,State Bank of India,Punjab National Bank,MER_789801,UtilityPay Services,Utilities,4900,982.20,INR,SUCCESS,00,,173812805479,BRN7932276737,UPI,ANDROID,Tamil Nadu,SETTLED,20,false
TXN_20260807_398229,2026-08-07T13:12:52+05:30,Paytm,UPI_PAYMENT,user464777@paytm,cafebrew142@indianba,Kotak Mahindra Bank,Indian Bank,MER_382999,Cafe Brew,Cafe,5814,692.54,INR,PENDING,P01,,169577382163,BRN5337237005,UPI,WEB,Punjab,PENDING,12,false
TXN_20260801_633559,2026-08-01T16:44:53+05:30,Paytm,UPI_PAYMENT,user984043@paytm,medicarepha871@idfcfirs,ICICI Bank,IDFC FIRST Bank,MER_267704,MediCare Pharmacy,Pharmacy,5912,364.03,INR,SUCCESS,00,,223417403873,BRN3858722886,UPI,IOS,Jharkhand,SETTLED,47,false
TXN_20260802_204103,2026-08-02T18:43:01+05:30,Paytm,UPI_PAYMENT,user31081@paytm,booknest338@kotakmah,Canara Bank,Kotak Mahindra Bank,MER_446159,BookNest,Books,5942,64.13,INR,SUCCESS,00,,200415120598,BRN6593001582,UPI,ANDROID,Gujarat,SETTLED,28,false
TXN_20260807_577395,2026-08-07T00:01:37+05:30,Paytm,UPI_PAYMENT,user548052@paytm,booknest796@federalb,Union Bank of India,Federal Bank,MER_486871,BookNest,Books,5942,576.68,INR,SUCCESS,00,,632990293258,BRN2825870766,UPI,IOS,Delhi,SETTLED,18,false
TXN_20260808_884239,2026-08-08T06:05:17+05:30,Paytm,UPI_PAYMENT,user590254@paytm,metromobili451@indianov,State Bank of India,Indian Overseas Bank,MER_376585,Metro Mobility,Transport,4121,308.41,INR,SUCCESS,00,,289399494671,BRN3507113841,UPI,ANDROID,Rajasthan,SETTLED,31,false
TXN_20260809_975257,2026-08-09T22:28:13+05:30,Paytm,UPI_PAYMENT,user349305@paytm,stylehubfas19@hdfcbank,Axis Bank,HDFC Bank,MER_906254,StyleHub Fashion,Apparel,5651,502.39,INR,SUCCESS,00,,646457381108,BRN5624863076,UPI,ANDROID,Tamil Nadu,SETTLED,2,false
TXN_20260807_260488,2026-08-07T16:51:35+05:30,Paytm,UPI_PAYMENT,user96626@paytm,stylehubfas818@centralb,Axis Bank,Central Bank of India,MER_819770,StyleHub Fashion,Apparel,5651,2402.69,INR,SUCCESS,00,,274298742455,BRN4788319204,UPI,ANDROID,Karnataka,SETTLED,1,false
TXN_20260803_531345,2026-08-03T16:46:11+05:30,Paytm,UPI_PAYMENT,user442685@paytm,medicarepha132@axisbank,ICICI Bank,Axis Bank,MER_580613,MediCare Pharmacy,Pharmacy,5912,2182.13,INR,SUCCESS,00,,453652850071,BRN8596166054,UPI,ANDROID,Assam,PENDING,49,false
TXN_20260803_553848,2026-08-03T04:13:48+05:30,Paytm,UPI_PAYMENT,user94897@paytm,urbaneats520@yesbank,State Bank of India,YES BANK,MER_672935,Urban Eats,Restaurant,5812,632.30,INR,SUCCESS,00,,234829679645,BRN1445047057,UPI,ANDROID,Uttarakhand,PENDING,42,false
TXN_20260807_191995,2026-08-07T09:12:50+05:30,Paytm,UPI_PAYMENT,user402835@paytm,booknest868@stateban,State Bank of India,State Bank of India,MER_579976,BookNest,Books,5942,107.46,INR,SUCCESS,00,,894630812316,BRN1802207008,UPI,ANDROID,Rajasthan,SETTLED,42,false
TXN_20260805_275854,2026-08-05T04:13:02+05:30,Paytm,UPI_PAYMENT,user290516@paytm,freshmartre936@hdfcbank,Axis Bank,HDFC Bank,MER_377439,FreshMart Retail,Grocery,5411,178.52,INR,SUCCESS,00,,116810411538,BRN5627721493,UPI,ANDROID,Madhya Pradesh,SETTLED,41,false
TXN_20260809_740144,2026-08-09T07:25:37+05:30,Paytm,UPI_PAYMENT,user211497@paytm,fitzonegym728@stateban,Canara Bank,State Bank of India,MER_803793,FitZone Gym,Fitness,7997,130.32,INR,SUCCESS,00,,918635401051,BRN7259192862,UPI,ANDROID,Tamil Nadu,SETTLED,34,false
TXN_20260809_416422,2026-08-09T06:37:55+05:30,Paytm,UPI_PAYMENT,user286003@paytm,edulearnser109@punjabna,Kotak Mahindra Bank,Punjab National Bank,MER_867733,EduLearn Services,Education,8299,224.72,INR,REVERSED,00,,637375445890,BRN1226746368,UPI,IOS,Telangana,REVERSED,33,false
TXN_20260808_726723,2026-08-08T00:44:53+05:30,Paytm,UPI_PAYMENT,user884829@paytm,techsquaree787@kotakmah,ICICI Bank,Kotak Mahindra Bank,MER_440138,TechSquare Electronics,Electronics,5732,39.61,INR,SUCCESS,00,,205396625695,BRN2476098692,UPI,ANDROID,West Bengal,SETTLED,55,false
TXN_20260809_841032,2026-08-09T12:40:47+05:30,Paytm,UPI_PAYMENT,user178797@paytm,cafebrew539@kotakmah,Kotak Mahindra Bank,Kotak Mahindra Bank,MER_872432,Cafe Brew,Cafe,5814,210.80,INR,SUCCESS,00,,389425259375,BRN2036178340,UPI,ANDROID,Tamil Nadu,SETTLED,17,false
TXN_20260801_134546,2026-08-01T21:13:59+05:30,Paytm,UPI_PAYMENT,user832402@paytm,medicarepha66@stateban,Punjab National Bank,State Bank of India,MER_812815,MediCare Pharmacy,Pharmacy,5912,219.18,INR,SUCCESS,00,,560915953236,BRN2118169126,UPI,ANDROID,Telangana,SETTLED,62,false
TXN_20260809_674906,2026-08-09T06:31:05+05:30,Paytm,UPI_PAYMENT,user891288@paytm,edulearnser596@iciciban,Kotak Mahindra Bank,ICICI Bank,MER_274937,EduLearn Services,Education,8299,517.97,INR,SUCCESS,00,,501268977304,BRN2443314242,UPI,IOS,Kerala,SETTLED,12,false
TXN_20260804_635668,2026-08-04T17:13:36+05:30,Paytm,UPI_PAYMENT,user454881@paytm,booknest179@iciciban,Axis Bank,ICICI Bank,MER_791880,BookNest,Books,5942,239.37,INR,SUCCESS,00,,765630387686,BRN7893823383,UPI,ANDROID,Uttar Pradesh,SETTLED,1,false
TXN_20260809_567208,2026-08-09T13:06:58+05:30,Paytm,UPI_PAYMENT,user523573@paytm,quickfuelst560@axisbank,HDFC Bank,Axis Bank,MER_523736,QuickFuel Station,Fuel,5541,378.08,INR,SUCCESS,00,,600845780739,BRN4681501898,UPI,ANDROID,Uttar Pradesh,SETTLED,33,false
TXN_20260808_733511,2026-08-08T09:35:58+05:30,Paytm,UPI_PAYMENT,user535781@paytm,metromobili974@federalb,HDFC Bank,Federal Bank,MER_512848,Metro Mobility,Transport,4121,447.53,INR,SUCCESS,00,,293014307893,BRN7888646719,UPI,ANDROID,Andhra Pradesh,SETTLED,18,false
TXN_20260808_902036,2026-08-08T20:22:00+05:30,Paytm,UPI_PAYMENT,user6206@paytm,edulearnser497@stateban,State Bank of India,State Bank of India,MER_251500,EduLearn Services,Education,8299,14.67,INR,SUCCESS,00,,720977665834,BRN7271488980,UPI,ANDROID,West Bengal,PENDING,31,false
TXN_20260806_428096,2026-08-06T10:49:57+05:30,Paytm,UPI_PAYMENT,user329438@paytm,cafebrew477@axisbank,ICICI Bank,Axis Bank,MER_961560,Cafe Brew,Cafe,5814,538.38,INR,SUCCESS,00,,231187402686,BRN7597175829,UPI,ANDROID,Bihar,SETTLED,50,false
TXN_20260801_711172,2026-08-01T07:38:25+05:30,Paytm,UPI_PAYMENT,user316678@paytm,urbaneats167@stateban,Punjab National Bank,State Bank of India,MER_265961,Urban Eats,Restaurant,5812,159.44,INR,SUCCESS,00,,867793805029,BRN3271534369,UPI,ANDROID,Bihar,SETTLED,20,false
TXN_20260805_268740,2026-08-05T14:49:33+05:30,Paytm,UPI_PAYMENT,user58484@paytm,metromobili861@iciciban,Federal Bank,ICICI Bank,MER_460194,Metro Mobility,Transport,4121,150.41,INR,SUCCESS,00,,463695717479,BRN3262197754,UPI,IOS,Himachal Pradesh,SETTLED,35,false
TXN_20260803_650807,2026-08-03T14:24:51+05:30,Paytm,UPI_PAYMENT,user416111@paytm,techsquaree202@punjabna,ICICI Bank,Punjab National Bank,MER_608289,TechSquare Electronics,Electronics,5732,279.30,INR,SUCCESS,00,,280638512929,BRN6102113311,UPI,ANDROID,Gujarat,PENDING,5,false
TXN_20260809_246836,2026-08-09T03:53:13+05:30,Paytm,UPI_PAYMENT,user298339@paytm,edulearnser412@punjabna,State Bank of India,Punjab National Bank,MER_666168,EduLearn Services,Education,8299,937.55,INR,SUCCESS,00,,115475550905,BRN3174378655,UPI,ANDROID,Telangana,SETTLED,30,false
TXN_20260803_122335,2026-08-03T14:51:39+05:30,Paytm,UPI_PAYMENT,user903494@paytm,mobilerecha240@stateban,Axis Bank,State Bank of India,MER_265902,Mobile Recharge Hub,Telecom,4814,124.12,INR,SUCCESS,00,,219105567990,BRN2107822764,UPI,IOS,Delhi,SETTLED,15,false
TXN_20260802_415406,2026-08-02T04:28:20+05:30,Paytm,UPI_PAYMENT,user694021@paytm,stylehubfas634@hdfcbank,Canara Bank,HDFC Bank,MER_606771,StyleHub Fashion,Apparel,5651,139.93,INR,SUCCESS,00,,420477591236,BRN1539764481,UPI,WEB,Telangana,SETTLED,16,false
TXN_20260804_874785,2026-08-04T21:21:03+05:30,Paytm,UPI_PAYMENT,user392524@paytm,urbaneats526@hdfcbank,Kotak Mahindra Bank,HDFC Bank,MER_667895,Urban Eats,Restaurant,5812,1433.52,INR,SUCCESS,00,,891089441779,BRN1190668478,UPI,ANDROID,Rajasthan,SETTLED,55,false
TXN_20260803_828725,2026-08-03T03:40:29+05:30,Paytm,UPI_PAYMENT,user437385@paytm,metromobili505@iciciban,HDFC Bank,ICICI Bank,MER_713740,Metro Mobility,Transport,4121,131.31,INR,SUCCESS,00,,807838210000,BRN9635159494,UPI,IOS,Madhya Pradesh,SETTLED,7,false
TXN_20260809_379720,2026-08-09T16:49:00+05:30,Paytm,UPI_PAYMENT,user785226@paytm,freshmartre573@iciciban,Axis Bank,ICICI Bank,MER_682786,FreshMart Retail,Grocery,5411,129.51,INR,SUCCESS,00,,492098434915,BRN6425345173,UPI,IOS,Uttar Pradesh,SETTLED,34,false
TXN_20260803_381173,2026-08-03T01:34:38+05:30,Paytm,UPI_PAYMENT,user958690@paytm,mobilerecha354@iciciban,HDFC Bank,ICICI Bank,MER_434209,Mobile Recharge Hub,Telecom,4814,123.44,INR,SUCCESS,00,,682978350487,BRN5184392283,UPI,ANDROID,Jharkhand,SETTLED,21,false
TXN_20260805_864313,2026-08-05T19:02:36+05:30,Paytm,UPI_PAYMENT,user456050@paytm,fitzonegym916@bankofba,Bank of India,Bank of Baroda,MER_554788,FitZone Gym,Fitness,7997,333.13,INR,SUCCESS,00,,915105074944,BRN1181307595,UPI,ANDROID,Punjab,SETTLED,33,false
TXN_20260805_661537,2026-08-05T12:18:04+05:30,Paytm,UPI_PAYMENT,user621369@paytm,stylehubfas662@hdfcbank,UCO Bank,HDFC Bank,MER_521246,StyleHub Fashion,Apparel,5651,428.47,INR,SUCCESS,00,,560074253710,BRN1955183394,UPI,ANDROID,Chhattisgarh,PENDING,14,false
TXN_20260806_403399,2026-08-06T06:19:13+05:30,Paytm,UPI_PAYMENT,user901175@paytm,techsquaree824@kotakmah,Bank of Baroda,Kotak Mahindra Bank,MER_752901,TechSquare Electronics,Electronics,5732,437.85,INR,SUCCESS,00,,572555705429,BRN7592898546,UPI,ANDROID,Tamil Nadu,SETTLED,51,false
TXN_20260806_962483,2026-08-06T09:51:57+05:30,Paytm,UPI_PAYMENT,user506291@paytm,quickfuelst424@hdfcbank,HDFC Bank,HDFC Bank,MER_706585,QuickFuel Station,Fuel,5541,184.87,INR,SUCCESS,00,,187930177720,BRN8372530796,UPI,ANDROID,Tamil Nadu,PENDING,31,false
TXN_20260804_164286,2026-08-04T03:54:10+05:30,Paytm,UPI_PAYMENT,user271723@paytm,freshmartre312@hdfcbank,Axis Bank,HDFC Bank,MER_568993,FreshMart Retail,Grocery,5411,1331.90,INR,SUCCESS,00,,710581584233,BRN7449197267,UPI,ANDROID,Gujarat,SETTLED,15,false
TXN_20260801_158079,2026-08-01T16:50:19+05:30,Paytm,UPI_PAYMENT,user186139@paytm,edulearnser760@kotakmah,Bank of Baroda,Kotak Mahindra Bank,MER_478571,EduLearn Services,Education,8299,136.07,INR,SUCCESS,00,,463110955176,BRN8092734052,UPI,ANDROID,Tamil Nadu,SETTLED,46,false
TXN_20260803_698871,2026-08-03T11:02:25+05:30,Paytm,UPI_PAYMENT,user583806@paytm,utilitypays645@centralb,IndusInd Bank,Central Bank of India,MER_704425,UtilityPay Services,Utilities,4900,661.25,INR,SUCCESS,00,,550812026388,BRN7213798868,UPI,WEB,Assam,PENDING,29,false
TXN_20260808_278243,2026-08-08T03:44:30+05:30,Paytm,UPI_PAYMENT,user263589@paytm,booknest301@axisbank,Canara Bank,Axis Bank,MER_605488,BookNest,Books,5942,788.93,INR,SUCCESS,00,,739674764751,BRN1431256527,UPI,IOS,Rajasthan,SETTLED,1,false
TXN_20260807_569377,2026-08-07T14:59:28+05:30,Paytm,UPI_PAYMENT,user281362@paytm,cafebrew300@stateban,ICICI Bank,State Bank of India,MER_141844,Cafe Brew,Cafe,5814,19.80,INR,SUCCESS,00,,728219973907,BRN2439500389,UPI,ANDROID,West Bengal,SETTLED,26,false
TXN_20260808_748007,2026-08-08T16:18:31+05:30,Paytm,UPI_PAYMENT,user489468@paytm,edulearnser475@axisbank,Canara Bank,Axis Bank,MER_225244,EduLearn Services,Education,8299,56.08,INR,SUCCESS,00,,158468955079,BRN2095188257,UPI,ANDROID,Karnataka,SETTLED,24,false
TXN_20260809_106766,2026-08-09T15:17:21+05:30,Paytm,UPI_PAYMENT,user372187@paytm,urbaneats221@hdfcbank,Kotak Mahindra Bank,HDFC Bank,MER_773144,Urban Eats,Restaurant,5812,269.02,INR,SUCCESS,00,,635833622838,BRN5250597049,UPI,ANDROID,Rajasthan,SETTLED,27,false
TXN_20260809_989701,2026-08-09T05:23:49+05:30,Paytm,UPI_PAYMENT,user24644@paytm,stylehubfas406@canaraba,ICICI Bank,Canara Bank,MER_955004,StyleHub Fashion,Apparel,5651,581.79,INR,SUCCESS,00,,541738663426,BRN5842630457,UPI,ANDROID,Maharashtra,SETTLED,25,false
TXN_20260802_890048,2026-08-02T13:59:54+05:30,Paytm,UPI_PAYMENT,user535057@paytm,edulearnser82@stateban,State Bank of India,State Bank of India,MER_414877,EduLearn Services,Education,8299,1212.86,INR,SUCCESS,00,,571850672870,BRN8271948628,UPI,ANDROID,West Bengal,SETTLED,3,false
TXN_20260803_467700,2026-08-03T04:52:25+05:30,Paytm,UPI_PAYMENT,user421358@paytm,techsquaree882@axisbank,Kotak Mahindra Bank,Axis Bank,MER_898826,TechSquare Electronics,Electronics,5732,590.26,INR,SUCCESS,00,,622739941262,BRN9753542398,UPI,ANDROID,Telangana,SETTLED,28,false
TXN_20260807_459855,2026-08-07T00:01:23+05:30,Paytm,UPI_PAYMENT,user258998@paytm,quickfuelst277@canaraba,IndusInd Bank,Canara Bank,MER_153528,QuickFuel Station,Fuel,5541,64.88,INR,SUCCESS,00,,629679865077,BRN8576279173,UPI,ANDROID,West Bengal,SETTLED,1,false
TXN_20260806_838804,2026-08-06T13:00:21+05:30,Paytm,UPI_PAYMENT,user3019@paytm,techsquaree109@iciciban,HDFC Bank,ICICI Bank,MER_936814,TechSquare Electronics,Electronics,5732,64.55,INR,SUCCESS,00,,125780285644,BRN1455693812,UPI,IOS,Maharashtra,SETTLED,45,false
TXN_20260809_496736,2026-08-09T06:14:14+05:30,Paytm,UPI_PAYMENT,user766041@paytm,homebasket977@indusind,Kotak Mahindra Bank,IndusInd Bank,MER_965114,HomeBasket,Home & Living,5712,396.93,INR,SUCCESS,00,,392006005960,BRN7081968941,UPI,ANDROID,Karnataka,SETTLED,34,false
TXN_20260805_458130,2026-08-05T11:12:06+05:30,Paytm,UPI_PAYMENT,user821921@paytm,edulearnser440@axisbank,HDFC Bank,Axis Bank,MER_582028,EduLearn Services,Education,8299,331.43,INR,SUCCESS,00,,767548960956,BRN5398118018,UPI,ANDROID,Maharashtra,SETTLED,18,false
TXN_20260808_218976,2026-08-08T19:26:43+05:30,Paytm,UPI_PAYMENT,user997339@paytm,edulearnser803@iciciban,State Bank of India,ICICI Bank,MER_641614,EduLearn Services,Education,8299,1560.09,INR,SUCCESS,00,,254591750867,BRN8695255987,UPI,IOS,Uttar Pradesh,SETTLED,10,false
TXN_20260806_443411,2026-08-06T22:28:44+05:30,Paytm,UPI_PAYMENT,user707270@paytm,mobilerecha551@iciciban,HDFC Bank,ICICI Bank,MER_483575,Mobile Recharge Hub,Telecom,4814,484.80,INR,SUCCESS,00,,340672446911,BRN4737909560,UPI,ANDROID,Maharashtra,SETTLED,37,false
TXN_20260806_351926,2026-08-06T06:23:59+05:30,Paytm,UPI_PAYMENT,user563653@paytm,mobilerecha77@bankofin,Punjab National Bank,Bank of India,MER_821011,Mobile Recharge Hub,Telecom,4814,298.37,INR,SUCCESS,00,,346725060271,BRN6997115233,UPI,ANDROID,Telangana,SETTLED,13,false
TXN_20260807_355441,2026-08-07T11:56:29+05:30,Paytm,UPI_PAYMENT,user311193@paytm,fitzonegym287@iciciban,HDFC Bank,ICICI Bank,MER_800063,FitZone Gym,Fitness,7997,284.99,INR,SUCCESS,00,,816322707356,BRN2284729193,UPI,ANDROID,Assam,SETTLED,22,false
TXN_20260806_565847,2026-08-06T11:38:18+05:30,Paytm,UPI_PAYMENT,user704068@paytm,booknest414@idfcfirs,State Bank of India,IDFC FIRST Bank,MER_263185,BookNest,Books,5942,337.43,INR,SUCCESS,00,,699014930013,BRN7744706855,UPI,ANDROID,Karnataka,PENDING,1,false
TXN_20260808_770714,2026-08-08T21:30:24+05:30,Paytm,UPI_PAYMENT,user85375@paytm,freshmartre832@kotakmah,Bank of Baroda,Kotak Mahindra Bank,MER_108590,FreshMart Retail,Grocery,5411,218.88,INR,SUCCESS,00,,106680556491,BRN2685967389,UPI,ANDROID,Karnataka,SETTLED,60,false
TXN_20260802_921192,2026-08-02T15:54:39+05:30,Paytm,UPI_PAYMENT,user257788@paytm,metromobili965@iciciban,Punjab National Bank,ICICI Bank,MER_631873,Metro Mobility,Transport,4121,50.46,INR,SUCCESS,00,,389820715514,BRN1626191067,UPI,ANDROID,Tamil Nadu,SETTLED,14,false
TXN_20260803_422034,2026-08-03T13:37:41+05:30,Paytm,UPI_PAYMENT,user267040@paytm,techsquaree422@stateban,ICICI Bank,State Bank of India,MER_633480,TechSquare Electronics,Electronics,5732,98.42,INR,SUCCESS,00,,892394934456,BRN2400688748,UPI,IOS,West Bengal,SETTLED,43,false
TXN_20260809_588932,2026-08-09T07:59:47+05:30,Paytm,UPI_PAYMENT,user727917@paytm,medicarepha352@axisbank,State Bank of India,Axis Bank,MER_898200,MediCare Pharmacy,Pharmacy,5912,621.35,INR,SUCCESS,00,,620880885080,BRN6445597164,UPI,ANDROID,Uttar Pradesh,SETTLED,1,false
TXN_20260806_678893,2026-08-06T20:50:26+05:30,Paytm,UPI_PAYMENT,user27038@paytm,metromobili525@hdfcbank,Axis Bank,HDFC Bank,MER_519798,Metro Mobility,Transport,4121,357.95,INR,FAILED,U17,INVALID_VPA,555522146229,,UPI,ANDROID,Delhi,NOT_APPLICABLE,16,false
TXN_20260803_343662,2026-08-03T07:02:18+05:30,Paytm,UPI_PAYMENT,user558386@paytm,cafebrew549@kotakmah,ICICI Bank,Kotak Mahindra Bank,MER_128986,Cafe Brew,Cafe,5814,97.49,INR,SUCCESS,00,,930936832296,BRN8206005098,UPI,ANDROID,West Bengal,SETTLED,11,false
TXN_20260809_468471,2026-08-09T14:49:31+05:30,Paytm,UPI_PAYMENT,user521690@paytm,urbaneats957@punjabna,State Bank of India,Punjab National Bank,MER_635281,Urban Eats,Restaurant,5812,92.02,INR,SUCCESS,00,,336112471626,BRN1400425212,UPI,ANDROID,Madhya Pradesh,SETTLED,35,false
TXN_20260806_156738,2026-08-06T13:41:42+05:30,Paytm,UPI_PAYMENT,user809830@paytm,urbaneats441@canaraba,Axis Bank,Canara Bank,MER_290507,Urban Eats,Restaurant,5812,315.76,INR,SUCCESS,00,,602017500378,BRN2178324616,UPI,ANDROID,Uttar Pradesh,SETTLED,46,false
TXN_20260809_257861,2026-08-09T09:21:35+05:30,Paytm,UPI_PAYMENT,user585789@paytm,urbaneats500@iciciban,Kotak Mahindra Bank,ICICI Bank,MER_665723,Urban Eats,Restaurant,5812,138.10,INR,SUCCESS,00,,434966954480,BRN1297845455,UPI,ANDROID,Madhya Pradesh,SETTLED,46,false
TXN_20260806_775574,2026-08-06T07:51:43+05:30,Paytm,UPI_PAYMENT,user258829@paytm,mobilerecha62@iciciban,Punjab National Bank,ICICI Bank,MER_343027,Mobile Recharge Hub,Telecom,4814,157.84,INR,SUCCESS,00,,669764196293,BRN4465891981,UPI,ANDROID,Punjab,SETTLED,40,false
TXN_20260807_228926,2026-08-07T12:33:38+05:30,Paytm,UPI_PAYMENT,user474171@paytm,booknest802@ucobank,HDFC Bank,UCO Bank,MER_732447,BookNest,Books,5942,430.81,INR,SUCCESS,00,,245041738227,BRN7667284983,UPI,ANDROID,Punjab,SETTLED,53,false
TXN_20260807_223743,2026-08-07T08:44:59+05:30,Paytm,UPI_PAYMENT,user883365@paytm,booknest228@idfcfirs,Punjab National Bank,IDFC FIRST Bank,MER_961403,BookNest,Books,5942,147.30,INR,SUCCESS,00,,204580909273,BRN6074427801,UPI,ANDROID,West Bengal,SETTLED,27,false
TXN_20260809_969281,2026-08-09T12:56:10+05:30,Paytm,UPI_PAYMENT,user835675@paytm,mobilerecha583@iciciban,Bank of Baroda,ICICI Bank,MER_139713,Mobile Recharge Hub,Telecom,4814,1102.93,INR,SUCCESS,00,,603919212306,BRN5658456603,UPI,ANDROID,Uttar Pradesh,SETTLED,18,false
TXN_20260804_305965,2026-08-04T09:43:18+05:30,Paytm,UPI_PAYMENT,user301570@paytm,utilitypays229@ausmallf,State Bank of India,AU Small Finance Bank,MER_177104,UtilityPay Services,Utilities,4900,263.01,INR,SUCCESS,00,,231129930546,BRN1889681462,UPI,ANDROID,Gujarat,PENDING,52,false
TXN_20260807_380121,2026-08-07T07:09:48+05:30,Paytm,UPI_PAYMENT,user862647@paytm,techsquaree267@kotakmah,Bank of India,Kotak Mahindra Bank,MER_268409,TechSquare Electronics,Electronics,5732,2343.58,INR,SUCCESS,00,,696654054656,BRN7803559698,UPI,IOS,Karnataka,SETTLED,38,false
TXN_20260808_360243,2026-08-08T12:29:45+05:30,Paytm,UPI_PAYMENT,user997109@paytm,fitzonegym292@punjabna,IDFC FIRST Bank,Punjab National Bank,MER_100658,FitZone Gym,Fitness,7997,174.84,INR,SUCCESS,00,,178489668693,BRN1693086212,UPI,ANDROID,Bihar,SETTLED,1,false
TXN_20260804_287233,2026-08-04T21:31:47+05:30,Paytm,UPI_PAYMENT,user966293@paytm,urbaneats633@federalb,ICICI Bank,Federal Bank,MER_502787,Urban Eats,Restaurant,5812,619.84,INR,SUCCESS,00,,760795251988,BRN6376021494,UPI,ANDROID,Uttar Pradesh,SETTLED,29,false
TXN_20260808_762521,2026-08-08T16:20:14+05:30,Paytm,UPI_PAYMENT,user323404@paytm,stylehubfas101@hdfcbank,Federal Bank,HDFC Bank,MER_777804,StyleHub Fashion,Apparel,5651,184.06,INR,SUCCESS,00,,865239964892,BRN8986631733,UPI,ANDROID,Maharashtra,SETTLED,42,false
TXN_20260801_901765,2026-08-01T00:40:27+05:30,Paytm,UPI_PAYMENT,user402915@paytm,medicarepha960@punjabna,Punjab National Bank,Punjab National Bank,MER_747926,MediCare Pharmacy,Pharmacy,5912,718.08,INR,SUCCESS,00,,695518273249,BRN1303698476,UPI,ANDROID,Gujarat,SETTLED,40,false
TXN_20260802_811080,2026-08-02T22:10:05+05:30,Paytm,UPI_PAYMENT,user881526@paytm,booknest851@punjabna,Bank of Baroda,Punjab National Bank,MER_767378,BookNest,Books,5942,1524.65,INR,SUCCESS,00,,694796476533,BRN9987259295,UPI,WEB,Uttar Pradesh,SETTLED,11,false
TXN_20260802_405480,2026-08-02T18:43:50+05:30,Paytm,UPI_PAYMENT,user59695@paytm,fitzonegym992@canaraba,HDFC Bank,Canara Bank,MER_513008,FitZone Gym,Fitness,7997,190.88,INR,SUCCESS,00,,893610869739,BRN3553542343,UPI,ANDROID,Odisha,SETTLED,29,false
TXN_20260807_413980,2026-08-07T23:31:45+05:30,Paytm,UPI_PAYMENT,user895288@paytm,medicarepha730@hdfcbank,HDFC Bank,HDFC Bank,MER_605199,MediCare Pharmacy,Pharmacy,5912,46.62,INR,SUCCESS,00,,261355019362,BRN6877593104,UPI,ANDROID,Telangana,SETTLED,8,false
TXN_20260809_396653,2026-08-09T15:36:44+05:30,Paytm,UPI_PAYMENT,user353668@paytm,stylehubfas791@federalb,State Bank of India,Federal Bank,MER_412649,StyleHub Fashion,Apparel,5651,178.18,INR,SUCCESS,00,,757448598261,BRN4786915308,UPI,ANDROID,Andhra Pradesh,SETTLED,33,false
TXN_20260804_250950,2026-08-04T15:27:14+05:30,Paytm,UPI_PAYMENT,user522897@paytm,fitzonegym987@hdfcbank,Union Bank of India,HDFC Bank,MER_467515,FitZone Gym,Fitness,7997,72.27,INR,SUCCESS,00,,659201270814,BRN9691033975,UPI,ANDROID,Kerala,SETTLED,34,false
TXN_20260809_361108,2026-08-09T00:01:51+05:30,Paytm,UPI_PAYMENT,user705903@paytm,urbaneats690@iciciban,State Bank of India,ICICI Bank,MER_948884,Urban Eats,Restaurant,5812,169.98,INR,SUCCESS,00,,905227029800,BRN5965377842,UPI,ANDROID,Jharkhand,PENDING,17,false
TXN_20260804_609715,2026-08-04T14:16:28+05:30,Paytm,UPI_PAYMENT,user371958@paytm,fitzonegym767@iciciban,IDFC FIRST Bank,ICICI Bank,MER_245951,FitZone Gym,Fitness,7997,44.93,INR,SUCCESS,00,,738693210929,BRN9084625029,UPI,IOS,Gujarat,PENDING,20,false
TXN_20260802_477571,2026-08-02T04:30:38+05:30,Paytm,UPI_PAYMENT,user80917@paytm,homebasket908@punjabna,ICICI Bank,Punjab National Bank,MER_170492,HomeBasket,Home & Living,5712,119.92,INR,SUCCESS,00,,398884321045,BRN4286178656,UPI,ANDROID,Maharashtra,SETTLED,38,false
TXN_20260807_804810,2026-08-07T06:28:26+05:30,Paytm,UPI_PAYMENT,user371867@paytm,booknest886@kotakmah,State Bank of India,Kotak Mahindra Bank,MER_351688,BookNest,Books,5942,328.36,INR,SUCCESS,00,,289331909174,BRN3619799155,UPI,ANDROID,Karnataka,SETTLED,42,false
TXN_20260803_900136,2026-08-03T18:39:00+05:30,Paytm,UPI_PAYMENT,user730339@paytm,utilitypays111@stateban,State Bank of India,State Bank of India,MER_274607,UtilityPay Services,Utilities,4900,302.05,INR,SUCCESS,00,,106610695581,BRN7850714825,UPI,IOS,Karnataka,SETTLED,13,false
TXN_20260804_813760,2026-08-04T13:17:09+05:30,Paytm,UPI_PAYMENT,user829765@paytm,fitzonegym245@axisbank,Indian Overseas Bank,Axis Bank,MER_598218,FitZone Gym,Fitness,7997,142.79,INR,SUCCESS,00,,477026979383,BRN8502353817,UPI,ANDROID,Rajasthan,PENDING,20,false
TXN_20260802_581132,2026-08-02T14:42:18+05:30,Paytm,UPI_PAYMENT,user902544@paytm,urbaneats837@bankofba,HDFC Bank,Bank of Baroda,MER_964599,Urban Eats,Restaurant,5812,796.49,INR,SUCCESS,00,,886977294539,BRN4029353571,UPI,ANDROID,Gujarat,SETTLED,11,false
TXN_20260808_181515,2026-08-08T11:05:52+05:30,Paytm,UPI_PAYMENT,user739034@paytm,edulearnser613@bandhanb,Canara Bank,Bandhan Bank,MER_161494,EduLearn Services,Education,8299,374.73,INR,SUCCESS,00,,496045964532,BRN9118304527,UPI,ANDROID,Bihar,SETTLED,22,false
TXN_20260807_844265,2026-08-07T18:51:14+05:30,Paytm,UPI_PAYMENT,user130501@paytm,mobilerecha999@iciciban,ICICI Bank,ICICI Bank,MER_221042,Mobile Recharge Hub,Telecom,4814,1514.10,INR,SUCCESS,00,,731103164875,BRN4755254184,UPI,ANDROID,Tamil Nadu,SETTLED,47,false
TXN_20260803_530529,2026-08-03T10:11:59+05:30,Paytm,UPI_PAYMENT,user207944@paytm,homebasket306@hdfcbank,State Bank of India,HDFC Bank,MER_603145,HomeBasket,Home & Living,5712,222.97,INR,SUCCESS,00,,348918991749,BRN6423924664,UPI,ANDROID,Bihar,SETTLED,16,false
TXN_20260805_274781,2026-08-05T00:05:45+05:30,Paytm,UPI_PAYMENT,user896942@paytm,homebasket162@bankofba,Canara Bank,Bank of Baroda,MER_644003,HomeBasket,Home & Living,5712,249.06,INR,SUCCESS,00,,951069597266,BRN9308125243,UPI,ANDROID,Bihar,SETTLED,12,false
TXN_20260803_865237,2026-08-03T10:46:03+05:30,Paytm,UPI_PAYMENT,user94719@paytm,utilitypays140@hdfcbank,IndusInd Bank,HDFC Bank,MER_391296,UtilityPay Services,Utilities,4900,728.14,INR,SUCCESS,00,,922415502495,BRN9569665296,UPI,IOS,Assam,SETTLED,10,false
TXN_20260805_106292,2026-08-05T14:14:34+05:30,Paytm,UPI_PAYMENT,user151538@paytm,freshmartre14@canaraba,Bank of Baroda,Canara Bank,MER_311164,FreshMart Retail,Grocery,5411,705.39,INR,SUCCESS,00,,974914545332,BRN2915950637,UPI,ANDROID,Rajasthan,SETTLED,9,false
TXN_20260804_274979,2026-08-04T03:07:04+05:30,Paytm,UPI_PAYMENT,user750771@paytm,quickfuelst83@indusind,Axis Bank,IndusInd Bank,MER_256563,QuickFuel Station,Fuel,5541,1797.70,INR,SUCCESS,00,,921170129905,BRN1942835771,UPI,ANDROID,West Bengal,SETTLED,27,false
TXN_20260806_387594,2026-08-06T00:30:41+05:30,Paytm,UPI_PAYMENT,user601180@paytm,booknest20@iciciban,ICICI Bank,ICICI Bank,MER_681524,BookNest,Books,5942,166.95,INR,SUCCESS,00,,210883349148,BRN9449139451,UPI,ANDROID,Telangana,SETTLED,55,false
TXN_20260801_857556,2026-08-01T05:21:53+05:30,Paytm,UPI_PAYMENT,user101951@paytm,booknest570@stateban,ICICI Bank,State Bank of India,MER_367793,BookNest,Books,5942,790.01,INR,SUCCESS,00,,896698744617,BRN8063850719,UPI,ANDROID,Jharkhand,SETTLED,44,false
TXN_20260805_844204,2026-08-05T20:05:55+05:30,Paytm,UPI_PAYMENT,user470962@paytm,utilitypays644@stateban,Punjab National Bank,State Bank of India,MER_371769,UtilityPay Services,Utilities,4900,224.04,INR,PENDING,P01,,184405128110,BRN4009912516,UPI,ANDROID,Delhi,PENDING,23,false
TXN_20260803_605097,2026-08-03T03:01:56+05:30,Paytm,UPI_PAYMENT,user732291@paytm,medicarepha441@hdfcbank,HDFC Bank,HDFC Bank,MER_321110,MediCare Pharmacy,Pharmacy,5912,121.67,INR,SUCCESS,00,,659685823377,BRN6240281968,UPI,ANDROID,Karnataka,SETTLED,21,false
TXN_20260806_173911,2026-08-06T12:20:26+05:30,Paytm,UPI_PAYMENT,user362507@paytm,homebasket169@bankofba,Kotak Mahindra Bank,Bank of Baroda,MER_534181,HomeBasket,Home & Living,5712,1952.19,INR,SUCCESS,00,,238203403648,BRN9843089194,UPI,ANDROID,Telangana,SETTLED,43,false
TXN_20260801_582904,2026-08-01T20:44:38+05:30,Paytm,UPI_PAYMENT,user806481@paytm,urbaneats22@idfcfirs,HDFC Bank,IDFC FIRST Bank,MER_328819,Urban Eats,Restaurant,5812,240.69,INR,SUCCESS,00,,328260885642,BRN2384132576,UPI,ANDROID,Madhya Pradesh,SETTLED,48,false
TXN_20260801_646602,2026-08-01T16:27:27+05:30,Paytm,UPI_PAYMENT,user140630@paytm,techsquaree514@canaraba,State Bank of India,Canara Bank,MER_609281,TechSquare Electronics,Electronics,5732,155.21,INR,SUCCESS,00,,864514986369,BRN5982329464,UPI,ANDROID,Bihar,SETTLED,32,false
TXN_20260804_377007,2026-08-04T06:11:06+05:30,Paytm,UPI_PAYMENT,user28900@paytm,booknest344@federalb,Federal Bank,Federal Bank,MER_497888,BookNest,Books,5942,94.27,INR,SUCCESS,00,,900022865928,BRN6796608363,UPI,ANDROID,Tamil Nadu,SETTLED,30,false
TXN_20260801_934084,2026-08-01T12:46:33+05:30,Paytm,UPI_PAYMENT,user523359@paytm,freshmartre671@hdfcbank,HDFC Bank,HDFC Bank,MER_430874,FreshMart Retail,Grocery,5411,57.48,INR,SUCCESS,00,,594021773180,BRN8994201865,UPI,ANDROID,Delhi,SETTLED,15,false
TXN_20260808_968482,2026-08-08T12:21:33+05:30,Paytm,UPI_PAYMENT,user568806@paytm,urbaneats107@axisbank,ICICI Bank,Axis Bank,MER_421407,Urban Eats,Restaurant,5812,191.73,INR,SUCCESS,00,,473749886038,BRN7444035835,UPI,ANDROID,Jharkhand,SETTLED,22,false
TXN_20260802_195014,2026-08-02T21:22:26+05:30,Paytm,UPI_PAYMENT,user547516@paytm,fitzonegym753@canaraba,IDFC FIRST Bank,Canara Bank,MER_157038,FitZone Gym,Fitness,7997,495.35,INR,SUCCESS,00,,539504335012,BRN1608094265,UPI,IOS,Tamil Nadu,SETTLED,22,false
TXN_20260801_809462,2026-08-01T02:42:32+05:30,Paytm,UPI_PAYMENT,user200003@paytm,mobilerecha567@indianba,IDFC FIRST Bank,Indian Bank,MER_207461,Mobile Recharge Hub,Telecom,4814,179.20,INR,SUCCESS,00,,998398962545,BRN2586599803,UPI,ANDROID,Maharashtra,SETTLED,47,false
TXN_20260802_845802,2026-08-02T15:33:26+05:30,Paytm,UPI_PAYMENT,user309600@paytm,stylehubfas821@bankofba,AU Small Finance Bank,Bank of Baroda,MER_357411,StyleHub Fashion,Apparel,5651,413.14,INR,SUCCESS,00,,804274712438,BRN9064588654,UPI,IOS,Haryana,SETTLED,23,false
TXN_20260803_647548,2026-08-03T18:46:50+05:30,Paytm,UPI_PAYMENT,user255022@paytm,metromobili148@axisbank,Canara Bank,Axis Bank,MER_421768,Metro Mobility,Transport,4121,600.83,INR,SUCCESS,00,,633819579476,BRN3976514870,UPI,IOS,Tamil Nadu,SETTLED,35,false
TXN_20260803_493131,2026-08-03T23:43:39+05:30,Paytm,UPI_PAYMENT,user830433@paytm,stylehubfas499@stateban,IDFC FIRST Bank,State Bank of India,MER_700052,StyleHub Fashion,Apparel,5651,82.49,INR,SUCCESS,00,,667600612439,BRN3813116914,UPI,ANDROID,Karnataka,PENDING,8,false
TXN_20260802_439185,2026-08-02T03:32:26+05:30,Paytm,UPI_PAYMENT,user935447@paytm,utilitypays993@hdfcbank,State Bank of India,HDFC Bank,MER_690188,UtilityPay Services,Utilities,4900,298.81,INR,SUCCESS,00,,563445367390,BRN2890266295,UPI,ANDROID,West Bengal,SETTLED,22,false
TXN_20260808_231015,2026-08-08T10:59:24+05:30,Paytm,UPI_PAYMENT,user833593@paytm,edulearnser276@unionban,Union Bank of India,Union Bank of India,MER_376586,EduLearn Services,Education,8299,198.81,INR,SUCCESS,00,,260379752707,BRN1418826542,UPI,IOS,Telangana,SETTLED,17,false
TXN_20260801_501058,2026-08-01T13:39:35+05:30,Paytm,UPI_PAYMENT,user918724@paytm,medicarepha141@axisbank,Bank of Baroda,Axis Bank,MER_327862,MediCare Pharmacy,Pharmacy,5912,230.93,INR,SUCCESS,00,,634513222487,BRN3925090429,UPI,ANDROID,Tamil Nadu,SETTLED,5,false
TXN_20260806_626843,2026-08-06T18:58:39+05:30,Paytm,UPI_PAYMENT,user50840@paytm,techsquaree115@axisbank,State Bank of India,Axis Bank,MER_296049,TechSquare Electronics,Electronics,5732,390.12,INR,SUCCESS,00,,667910428335,BRN2626746498,UPI,IOS,Uttar Pradesh,SETTLED,46,false
TXN_20260804_880891,2026-08-04T22:47:32+05:30,Paytm,UPI_PAYMENT,user220245@paytm,homebasket740@idfcfirs,HDFC Bank,IDFC FIRST Bank,MER_187134,HomeBasket,Home & Living,5712,639.29,INR,SUCCESS,00,,416822106691,BRN6967521812,UPI,IOS,Rajasthan,SETTLED,19,false
TXN_20260808_475121,2026-08-08T10:16:20+05:30,Paytm,UPI_PAYMENT,user804380@paytm,cafebrew71@bankofin,State Bank of India,Bank of India,MER_306134,Cafe Brew,Cafe,5814,415.60,INR,SUCCESS,00,,312185535949,BRN9160577056,UPI,ANDROID,Uttar Pradesh,SETTLED,37,false
TXN_20260802_129850,2026-08-02T02:51:26+05:30,Paytm,UPI_PAYMENT,user995588@paytm,techsquaree984@kotakmah,Axis Bank,Kotak Mahindra Bank,MER_973094,TechSquare Electronics,Electronics,5732,95.21,INR,SUCCESS,00,,776564983836,BRN9808826394,UPI,ANDROID,Gujarat,SETTLED,36,false
TXN_20260806_289931,2026-08-06T06:26:43+05:30,Paytm,UPI_PAYMENT,user18999@paytm,metromobili741@iciciban,AU Small Finance Bank,ICICI Bank,MER_191218,Metro Mobility,Transport,4121,275.60,INR,SUCCESS,00,,196706008541,BRN9431038658,UPI,ANDROID,Andhra Pradesh,PENDING,57,false
TXN_20260806_137213,2026-08-06T15:05:42+05:30,Paytm,UPI_PAYMENT,user608715@paytm,urbaneats812@axisbank,IDFC FIRST Bank,Axis Bank,MER_883413,Urban Eats,Restaurant,5812,83.63,INR,SUCCESS,00,,631587956292,BRN3925678384,UPI,WEB,Karnataka,SETTLED,3,false
TXN_20260801_544419,2026-08-01T11:27:35+05:30,Paytm,UPI_PAYMENT,user393309@paytm,metromobili782@stateban,HDFC Bank,State Bank of India,MER_753146,Metro Mobility,Transport,4121,145.40,INR,SUCCESS,00,,932104396281,BRN4508863260,UPI,ANDROID,Maharashtra,SETTLED,23,false
TXN_20260807_768838,2026-08-07T00:04:09+05:30,Paytm,UPI_PAYMENT,user327526@paytm,freshmartre948@stateban,HDFC Bank,State Bank of India,MER_573317,FreshMart Retail,Grocery,5411,254.86,INR,SUCCESS,00,,654017581150,BRN6510183378,UPI,ANDROID,Jharkhand,PENDING,42,false
TXN_20260809_739043,2026-08-09T02:02:02+05:30,Paytm,UPI_PAYMENT,user578441@paytm,urbaneats128@idfcfirs,Bank of Baroda,IDFC FIRST Bank,MER_571885,Urban Eats,Restaurant,5812,537.00,INR,SUCCESS,00,,895906558644,BRN6796881991,UPI,ANDROID,Uttar Pradesh,PENDING,11,false
TXN_20260801_977899,2026-08-01T09:36:51+05:30,Paytm,UPI_PAYMENT,user572629@paytm,utilitypays958@iciciban,Axis Bank,ICICI Bank,MER_857781,UtilityPay Services,Utilities,4900,1755.16,INR,SUCCESS,00,,420267329749,BRN5926429805,UPI,ANDROID,Tamil Nadu,SETTLED,32,false
TXN_20260801_925520,2026-08-01T20:47:22+05:30,Paytm,UPI_PAYMENT,user387409@paytm,urbaneats881@hdfcbank,Punjab National Bank,HDFC Bank,MER_729786,Urban Eats,Restaurant,5812,310.83,INR,SUCCESS,00,,579816797025,BRN4334154478,UPI,ANDROID,Assam,SETTLED,36,false
TXN_20260804_831355,2026-08-04T18:46:32+05:30,Paytm,UPI_PAYMENT,user921650@paytm,fitzonegym314@canaraba,Axis Bank,Canara Bank,MER_804047,FitZone Gym,Fitness,7997,2202.37,INR,SUCCESS,00,,414166767498,BRN4292873938,UPI,ANDROID,Uttar Pradesh,SETTLED,14,false
TXN_20260809_442813,2026-08-09T15:17:03+05:30,Paytm,UPI_PAYMENT,user773749@paytm,freshmartre223@hdfcbank,Punjab National Bank,HDFC Bank,MER_289122,FreshMart Retail,Grocery,5411,243.18,INR,SUCCESS,00,,717164622132,BRN8461743732,UPI,ANDROID,Madhya Pradesh,SETTLED,7,false
TXN_20260801_788286,2026-08-01T05:15:37+05:30,Paytm,UPI_PAYMENT,user637990@paytm,stylehubfas754@punjabna,State Bank of India,Punjab National Bank,MER_907208,StyleHub Fashion,Apparel,5651,54.88,INR,SUCCESS,00,,125943065829,BRN5807509742,UPI,ANDROID,Madhya Pradesh,SETTLED,28,false
TXN_20260801_860915,2026-08-01T08:03:07+05:30,Paytm,UPI_PAYMENT,user243118@paytm,fitzonegym946@unionban,HDFC Bank,Union Bank of India,MER_308785,FitZone Gym,Fitness,7997,22.85,INR,SUCCESS,00,,435946713242,BRN5870056090,UPI,ANDROID,Uttar Pradesh,SETTLED,28,false
TXN_20260804_143310,2026-08-04T20:53:09+05:30,Paytm,UPI_PAYMENT,user605848@paytm,mobilerecha849@bankofba,Axis Bank,Bank of Baroda,MER_597954,Mobile Recharge Hub,Telecom,4814,199.48,INR,SUCCESS,00,,269225588588,BRN2038055793,UPI,ANDROID,Kerala,SETTLED,21,false
TXN_20260808_187350,2026-08-08T15:18:38+05:30,Paytm,UPI_PAYMENT,user141565@paytm,mobilerecha928@stateban,HDFC Bank,State Bank of India,MER_655282,Mobile Recharge Hub,Telecom,4814,180.11,INR,SUCCESS,00,,839954456832,BRN4924337386,UPI,ANDROID,Karnataka,SETTLED,30,false
TXN_20260803_495534,2026-08-03T05:29:26+05:30,Paytm,UPI_PAYMENT,user223798@paytm,utilitypays307@hdfcbank,Kotak Mahindra Bank,HDFC Bank,MER_908912,UtilityPay Services,Utilities,4900,184.71,INR,SUCCESS,00,,856370338226,BRN5623250440,UPI,IOS,Tamil Nadu,SETTLED,17,false
TXN_20260806_941422,2026-08-06T14:20:13+05:30,Paytm,UPI_PAYMENT,user222581@paytm,edulearnser398@idfcfirs,Punjab National Bank,IDFC FIRST Bank,MER_260265,EduLearn Services,Education,8299,883.09,INR,SUCCESS,00,,447504878115,BRN7486079726,UPI,IOS,Andhra Pradesh,SETTLED,63,false
TXN_20260801_627548,2026-08-01T20:12:43+05:30,Paytm,UPI_PAYMENT,user942885@paytm,urbaneats967@iciciban,Union Bank of India,ICICI Bank,MER_740126,Urban Eats,Restaurant,5812,256.43,INR,SUCCESS,00,,132868733575,BRN8487172768,UPI,IOS,Maharashtra,SETTLED,56,false
TXN_20260806_842424,2026-08-06T23:22:50+05:30,Paytm,UPI_PAYMENT,user389581@paytm,homebasket470@axisbank,Punjab National Bank,Axis Bank,MER_611106,HomeBasket,Home & Living,5712,785.34,INR,SUCCESS,00,,642311689667,BRN8867708021,UPI,ANDROID,Assam,SETTLED,35,false
TXN_20260807_331093,2026-08-07T20:33:59+05:30,Paytm,UPI_PAYMENT,user767969@paytm,techsquaree656@idfcfirs,HDFC Bank,IDFC FIRST Bank,MER_598316,TechSquare Electronics,Electronics,5732,210.43,INR,SUCCESS,00,,661329193877,BRN5981987548,UPI,ANDROID,Tamil Nadu,SETTLED,15,false
TXN_20260801_261162,2026-08-01T03:26:27+05:30,Paytm,UPI_PAYMENT,user843140@paytm,fitzonegym174@hdfcbank,State Bank of India,HDFC Bank,MER_853105,FitZone Gym,Fitness,7997,193.11,INR,SUCCESS,00,,232233627421,BRN4758179276,UPI,ANDROID,Maharashtra,SETTLED,44,false
TXN_20260809_950652,2026-08-09T06:00:55+05:30,Paytm,UPI_PAYMENT,user576431@paytm,quickfuelst858@yesbank,State Bank of India,YES BANK,MER_999589,QuickFuel Station,Fuel,5541,337.26,INR,SUCCESS,00,,185369393782,BRN4042026907,UPI,IOS,Himachal Pradesh,SETTLED,57,false
TXN_20260807_419169,2026-08-07T09:59:05+05:30,Paytm,UPI_PAYMENT,user847610@paytm,metromobili888@iciciban,Union Bank of India,ICICI Bank,MER_148500,Metro Mobility,Transport,4121,631.59,INR,SUCCESS,00,,735583740351,BRN5247880568,UPI,ANDROID,Uttar Pradesh,SETTLED,30,false
TXN_20260806_940776,2026-08-06T04:14:18+05:30,Paytm,UPI_PAYMENT,user687136@paytm,quickfuelst321@hdfcbank,State Bank of India,HDFC Bank,MER_447987,QuickFuel Station,Fuel,5541,401.52,INR,SUCCESS,00,,124483440879,BRN4853978554,UPI,ANDROID,Bihar,SETTLED,15,false
TXN_20260805_804251,2026-08-05T15:36:51+05:30,Paytm,UPI_PAYMENT,user854370@paytm,utilitypays902@iciciban,HDFC Bank,ICICI Bank,MER_163668,UtilityPay Services,Utilities,4900,5283.39,INR,SUCCESS,00,,991281652174,BRN2765679077,UPI,ANDROID,West Bengal,SETTLED,1,false
TXN_20260804_648446,2026-08-04T22:45:20+05:30,Paytm,UPI_PAYMENT,user473691@paytm,fitzonegym772@canaraba,State Bank of India,Canara Bank,MER_740144,FitZone Gym,Fitness,7997,257.22,INR,SUCCESS,00,,345985173812,BRN4342160275,UPI,ANDROID,Maharashtra,SETTLED,13,false
TXN_20260807_355165,2026-08-07T05:42:38+05:30,Paytm,UPI_PAYMENT,user837160@paytm,quickfuelst601@axisbank,State Bank of India,Axis Bank,MER_480714,QuickFuel Station,Fuel,5541,70.11,INR,SUCCESS,00,,910573301962,BRN2184008885,UPI,ANDROID,Tamil Nadu,SETTLED,50,false
TXN_20260808_996631,2026-08-08T09:32:03+05:30,Paytm,UPI_PAYMENT,user138868@paytm,homebasket637@bankofba,Canara Bank,Bank of Baroda,MER_669323,HomeBasket,Home & Living,5712,240.42,INR,SUCCESS,00,,900601441854,BRN3490037218,UPI,ANDROID,Karnataka,SETTLED,34,false
TXN_20260805_390288,2026-08-05T04:53:16+05:30,Paytm,UPI_PAYMENT,user178226@paytm,techsquaree335@indianov,ICICI Bank,Indian Overseas Bank,MER_700035,TechSquare Electronics,Electronics,5732,85.55,INR,SUCCESS,00,,645143887521,BRN8092820428,UPI,ANDROID,Bihar,PENDING,31,false
TXN_20260801_371739,2026-08-01T22:40:17+05:30,Paytm,UPI_PAYMENT,user453992@paytm,fitzonegym328@kotakmah,ICICI Bank,Kotak Mahindra Bank,MER_501391,FitZone Gym,Fitness,7997,150.74,INR,SUCCESS,00,,812146238384,BRN5591335366,UPI,IOS,Madhya Pradesh,PENDING,23,false
TXN_20260801_846720,2026-08-01T19:25:20+05:30,Paytm,UPI_PAYMENT,user867088@paytm,quickfuelst882@hdfcbank,Kotak Mahindra Bank,HDFC Bank,MER_280010,QuickFuel Station,Fuel,5541,152.37,INR,SUCCESS,00,,775466484600,BRN4986617708,UPI,ANDROID,Madhya Pradesh,PENDING,23,false
TXN_20260807_606193,2026-08-07T13:20:39+05:30,Paytm,UPI_PAYMENT,user941575@paytm,mobilerecha682@hdfcbank,AU Small Finance Bank,HDFC Bank,MER_679718,Mobile Recharge Hub,Telecom,4814,285.25,INR,SUCCESS,00,,176741416706,BRN8955510114,UPI,ANDROID,Karnataka,SETTLED,51,false
TXN_20260805_856739,2026-08-05T15:54:32+05:30,Paytm,UPI_PAYMENT,user365897@paytm,fitzonegym504@yesbank,HDFC Bank,YES BANK,MER_658409,FitZone Gym,Fitness,7997,1417.66,INR,SUCCESS,00,,397084485019,BRN4392659740,UPI,ANDROID,Uttar Pradesh,SETTLED,21,false
TXN_20260804_482501,2026-08-04T09:42:54+05:30,Paytm,UPI_PAYMENT,user798156@paytm,stylehubfas946@axisbank,Kotak Mahindra Bank,Axis Bank,MER_650182,StyleHub Fashion,Apparel,5651,625.90,INR,PENDING,P01,,606154505571,BRN2740592354,UPI,ANDROID,Odisha,PENDING,18,false
TXN_20260809_339193,2026-08-09T03:49:30+05:30,Paytm,UPI_PAYMENT,user907423@paytm,stylehubfas656@stateban,State Bank of India,State Bank of India,MER_284003,StyleHub Fashion,Apparel,5651,734.12,INR,SUCCESS,00,,651156641335,BRN4108785828,UPI,ANDROID,Maharashtra,SETTLED,12,false
TXN_20260807_946232,2026-08-07T20:21:21+05:30,Paytm,UPI_PAYMENT,user398298@paytm,stylehubfas19@ausmallf,Punjab National Bank,AU Small Finance Bank,MER_896058,StyleHub Fashion,Apparel,5651,51.51,INR,SUCCESS,00,,517659494884,BRN8128091859,UPI,ANDROID,Maharashtra,SETTLED,3,false
TXN_20260801_214215,2026-08-01T00:27:02+05:30,Paytm,UPI_PAYMENT,user708913@paytm,mobilerecha53@iciciban,Axis Bank,ICICI Bank,MER_600530,Mobile Recharge Hub,Telecom,4814,76.36,INR,SUCCESS,00,,819871416894,BRN8563778040,UPI,ANDROID,Jharkhand,SETTLED,29,false
TXN_20260801_710949,2026-08-01T02:46:56+05:30,Paytm,UPI_PAYMENT,user687055@paytm,edulearnser62@axisbank,State Bank of India,Axis Bank,MER_334318,EduLearn Services,Education,8299,257.64,INR,SUCCESS,00,,418543027902,BRN9451481491,UPI,WEB,Rajasthan,SETTLED,41,false
TXN_20260807_587218,2026-08-07T01:08:59+05:30,Paytm,UPI_PAYMENT,user609881@paytm,fitzonegym226@hdfcbank,Federal Bank,HDFC Bank,MER_366391,FitZone Gym,Fitness,7997,338.72,INR,SUCCESS,00,,281355978549,BRN6457747254,UPI,ANDROID,Haryana,SETTLED,27,false
TXN_20260808_916245,2026-08-08T18:19:15+05:30,Paytm,UPI_PAYMENT,user775806@paytm,cafebrew144@hdfcbank,HDFC Bank,HDFC Bank,MER_968338,Cafe Brew,Cafe,5814,512.73,INR,SUCCESS,00,,103905394362,BRN9264526797,UPI,IOS,Odisha,SETTLED,16,false
TXN_20260804_722403,2026-08-04T03:17:36+05:30,Paytm,UPI_PAYMENT,user928163@paytm,stylehubfas208@stateban,Bank of Baroda,State Bank of India,MER_118595,StyleHub Fashion,Apparel,5651,89.42,INR,SUCCESS,00,,948484392111,BRN9507548886,UPI,ANDROID,Odisha,SETTLED,1,false
TXN_20260801_926804,2026-08-01T10:58:16+05:30,Paytm,UPI_PAYMENT,user55226@paytm,booknest420@axisbank,Bank of Baroda,Axis Bank,MER_790603,BookNest,Books,5942,377.25,INR,SUCCESS,00,,773003875166,BRN5178608933,UPI,ANDROID,Haryana,SETTLED,40,false
TXN_20260801_967483,2026-08-01T03:22:03+05:30,Paytm,UPI_PAYMENT,user1162@paytm,techsquaree829@iciciban,State Bank of India,ICICI Bank,MER_807890,TechSquare Electronics,Electronics,5732,370.08,INR,SUCCESS,00,,817432710272,BRN7763647617,UPI,ANDROID,Karnataka,SETTLED,1,false
TXN_20260807_760933,2026-08-07T04:00:18+05:30,Paytm,UPI_PAYMENT,user601615@paytm,techsquaree446@axisbank,ICICI Bank,Axis Bank,MER_480033,TechSquare Electronics,Electronics,5732,328.12,INR,SUCCESS,00,,264988071665,BRN5788439146,UPI,IOS,Maharashtra,SETTLED,44,false
TXN_20260809_914788,2026-08-09T00:11:15+05:30,Paytm,UPI_PAYMENT,user99300@paytm,booknest822@stateban,State Bank of India,State Bank of India,MER_219780,BookNest,Books,5942,187.73,INR,SUCCESS,00,,162302668684,BRN7988785475,UPI,ANDROID,West Bengal,SETTLED,27,false
TXN_20260807_450632,2026-08-07T23:16:25+05:30,Paytm,UPI_PAYMENT,user501757@paytm,homebasket628@iciciban,Bank of Baroda,ICICI Bank,MER_785391,HomeBasket,Home & Living,5712,46.23,INR,SUCCESS,00,,500277177807,BRN1450832944,UPI,ANDROID,Gujarat,SETTLED,1,false
TXN_20260808_274369,2026-08-08T00:05:09+05:30,Paytm,UPI_PAYMENT,user245112@paytm,medicarepha579@idfcfirs,HDFC Bank,IDFC FIRST Bank,MER_870847,MediCare Pharmacy,Pharmacy,5912,508.15,INR,SUCCESS,00,,381833801977,BRN8797611668,UPI,ANDROID,Uttar Pradesh,SETTLED,38,false
TXN_20260806_772881,2026-08-06T00:08:22+05:30,Paytm,UPI_PAYMENT,user731539@paytm,quickfuelst482@unionban,Kotak Mahindra Bank,Union Bank of India,MER_226835,QuickFuel Station,Fuel,5541,2303.95,INR,SUCCESS,00,,881299888988,BRN3749189292,UPI,ANDROID,Rajasthan,SETTLED,28,false
TXN_20260805_936830,2026-08-05T10:32:12+05:30,Paytm,UPI_PAYMENT,user323175@paytm,quickfuelst39@indusind,HDFC Bank,IndusInd Bank,MER_401455,QuickFuel Station,Fuel,5541,97.70,INR,SUCCESS,00,,529340494375,BRN2804230127,UPI,ANDROID,Gujarat,SETTLED,1,false
TXN_20260805_889487,2026-08-05T22:13:27+05:30,Paytm,UPI_PAYMENT,user614456@paytm,utilitypays418@centralb,State Bank of India,Central Bank of India,MER_600240,UtilityPay Services,Utilities,4900,454.42,INR,SUCCESS,00,,751352363142,BRN7897404468,UPI,ANDROID,Punjab,SETTLED,56,false
TXN_20260803_787299,2026-08-03T19:16:37+05:30,Paytm,UPI_PAYMENT,user142710@paytm,cafebrew132@stateban,Indian Overseas Bank,State Bank of India,MER_381836,Cafe Brew,Cafe,5814,1402.27,INR,SUCCESS,00,,680376635768,BRN2986729630,UPI,ANDROID,Delhi,SETTLED,32,false
TXN_20260802_426485,2026-08-02T22:59:42+05:30,Paytm,UPI_PAYMENT,user776903@paytm,quickfuelst815@punjabna,IndusInd Bank,Punjab National Bank,MER_553828,QuickFuel Station,Fuel,5541,230.23,INR,SUCCESS,00,,874218862872,BRN7972895365,UPI,ANDROID,Delhi,SETTLED,38,false
TXN_20260801_476334,2026-08-01T08:58:01+05:30,Paytm,UPI_PAYMENT,user667583@paytm,urbaneats498@hdfcbank,HDFC Bank,HDFC Bank,MER_600562,Urban Eats,Restaurant,5812,980.01,INR,SUCCESS,00,,122330593160,BRN5702723199,UPI,IOS,Uttar Pradesh,SETTLED,6,false
TXN_20260805_120208,2026-08-05T16:15:26+05:30,Paytm,UPI_PAYMENT,user25768@paytm,urbaneats923@iciciban,ICICI Bank,ICICI Bank,MER_708769,Urban Eats,Restaurant,5812,88.45,INR,SUCCESS,00,,448176863860,BRN9507021408,UPI,ANDROID,Uttar Pradesh,SETTLED,67,false
TXN_20260805_223808,2026-08-05T08:19:37+05:30,Paytm,UPI_PAYMENT,user767973@paytm,techsquaree197@axisbank,Central Bank of India,Axis Bank,MER_542766,TechSquare Electronics,Electronics,5732,164.93,INR,SUCCESS,00,,921351305499,BRN1209882066,UPI,ANDROID,West Bengal,SETTLED,20,false
TXN_20260803_418212,2026-08-03T15:54:54+05:30,Paytm,UPI_PAYMENT,user467828@paytm,edulearnser655@hdfcbank,AU Small Finance Bank,HDFC Bank,MER_980301,EduLearn Services,Education,8299,325.06,INR,SUCCESS,00,,465281088295,BRN5300740656,UPI,ANDROID,Madhya Pradesh,SETTLED,4,false
TXN_20260804_834841,2026-08-04T05:18:05+05:30,Paytm,UPI_PAYMENT,user426687@paytm,freshmartre517@indianba,ICICI Bank,Indian Bank,MER_288147,FreshMart Retail,Grocery,5411,433.61,INR,SUCCESS,00,,758180891436,BRN4710111316,UPI,IOS,Haryana,SETTLED,19,false
TXN_20260801_372535,2026-08-01T11:31:04+05:30,Paytm,UPI_PAYMENT,user746605@paytm,utilitypays341@kotakmah,Indian Overseas Bank,Kotak Mahindra Bank,MER_259052,UtilityPay Services,Utilities,4900,1381.15,INR,SUCCESS,00,,103276493925,BRN5800266750,UPI,ANDROID,Himachal Pradesh,SETTLED,58,false
TXN_20260802_198263,2026-08-02T00:09:18+05:30,Paytm,UPI_PAYMENT,user507274@paytm,utilitypays459@hdfcbank,Canara Bank,HDFC Bank,MER_253712,UtilityPay Services,Utilities,4900,111.79,INR,SUCCESS,00,,974985173658,BRN6259572359,UPI,ANDROID,Tamil Nadu,SETTLED,39,false
TXN_20260801_206093,2026-08-01T11:22:22+05:30,Paytm,UPI_PAYMENT,user139837@paytm,stylehubfas359@yesbank,ICICI Bank,YES BANK,MER_695982,StyleHub Fashion,Apparel,5651,191.76,INR,SUCCESS,00,,379794189777,BRN4948557064,UPI,ANDROID,Jharkhand,PENDING,18,false
TXN_20260801_624267,2026-08-01T06:32:22+05:30,Paytm,UPI_PAYMENT,user918128@paytm,urbaneats290@unionban,Bank of India,Union Bank of India,MER_255222,Urban Eats,Restaurant,5812,774.71,INR,SUCCESS,00,,936144729251,BRN8394877579,UPI,IOS,Uttar Pradesh,SETTLED,39,false
TXN_20260802_788720,2026-08-02T05:56:20+05:30,Paytm,UPI_PAYMENT,user844982@paytm,cafebrew634@unionban,YES BANK,Union Bank of India,MER_121851,Cafe Brew,Cafe,5814,448.77,INR,SUCCESS,00,,477687830874,BRN7537336067,UPI,ANDROID,Delhi,SETTLED,29,false
TXN_20260808_288847,2026-08-08T08:37:11+05:30,Paytm,UPI_PAYMENT,user653669@paytm,edulearnser351@idfcfirs,Axis Bank,IDFC FIRST Bank,MER_560671,EduLearn Services,Education,8299,173.38,INR,SUCCESS,00,,774101280456,BRN1492364823,UPI,ANDROID,Uttar Pradesh,SETTLED,20,false
TXN_20260808_859638,2026-08-08T01:09:38+05:30,Paytm,UPI_PAYMENT,user629423@paytm,techsquaree70@bankofba,ICICI Bank,Bank of Baroda,MER_566459,TechSquare Electronics,Electronics,5732,967.87,INR,SUCCESS,00,,999795647511,BRN1715366616,UPI,IOS,Bihar,SETTLED,1,false
TXN_20260801_555794,2026-08-01T12:54:56+05:30,Paytm,UPI_PAYMENT,user426987@paytm,metromobili228@ausmallf,ICICI Bank,AU Small Finance Bank,MER_778927,Metro Mobility,Transport,4121,2461.00,INR,SUCCESS,00,,412920014339,BRN2032228612,UPI,ANDROID,Uttar Pradesh,SETTLED,41,false
TXN_20260808_279683,2026-08-08T16:56:01+05:30,Paytm,UPI_PAYMENT,user193645@paytm,quickfuelst871@hdfcbank,ICICI Bank,HDFC Bank,MER_271773,QuickFuel Station,Fuel,5541,188.94,INR,SUCCESS,00,,708501740897,BRN5924371902,UPI,IOS,Rajasthan,SETTLED,31,false
TXN_20260809_693599,2026-08-09T18:14:35+05:30,Paytm,UPI_PAYMENT,user388467@paytm,cafebrew610@hdfcbank,Axis Bank,HDFC Bank,MER_248874,Cafe Brew,Cafe,5814,93.04,INR,SUCCESS,00,,196294460142,BRN1243048396,UPI,IOS,Maharashtra,SETTLED,23,false
TXN_20260804_699736,2026-08-04T04:24:01+05:30,Paytm,UPI_PAYMENT,user966604@paytm,medicarepha142@hdfcbank,Bank of Baroda,HDFC Bank,MER_389871,MediCare Pharmacy,Pharmacy,5912,72.20,INR,REVERSED,00,,940180249728,BRN6043618750,UPI,IOS,Andhra Pradesh,REVERSED,12,false
TXN_20260809_984849,2026-08-09T06:45:43+05:30,Paytm,UPI_PAYMENT,user389977@paytm,medicarepha353@yesbank,HDFC Bank,YES BANK,MER_443739,MediCare Pharmacy,Pharmacy,5912,207.07,INR,SUCCESS,00,,714653201912,BRN5219255545,UPI,ANDROID,Maharashtra,SETTLED,23,false
TXN_20260801_648383,2026-08-01T18:28:04+05:30,Paytm,UPI_PAYMENT,user141767@paytm,utilitypays385@iciciban,HDFC Bank,ICICI Bank,MER_411318,UtilityPay Services,Utilities,4900,367.22,INR,FAILED,U69,BENEFICIARY_BANK_OFFLINE,326752852703,,UPI,ANDROID,Maharashtra,NOT_APPLICABLE,44,false
TXN_20260804_394945,2026-08-04T05:38:12+05:30,Paytm,UPI_PAYMENT,user21690@paytm,mobilerecha49@indianba,State Bank of India,Indian Bank,MER_986614,Mobile Recharge Hub,Telecom,4814,1264.16,INR,SUCCESS,00,,292636096945,BRN8061771229,UPI,ANDROID,Bihar,SETTLED,15,false
TXN_20260807_871298,2026-08-07T18:22:26+05:30,Paytm,UPI_PAYMENT,user565252@paytm,edulearnser697@iciciban,HDFC Bank,ICICI Bank,MER_106513,EduLearn Services,Education,8299,165.33,INR,SUCCESS,00,,949685610693,BRN5446788229,UPI,ANDROID,Haryana,SETTLED,24,false
TXN_20260803_854248,2026-08-03T21:24:58+05:30,Paytm,UPI_PAYMENT,user547259@paytm,edulearnser105@iciciban,Bank of Baroda,ICICI Bank,MER_429820,EduLearn Services,Education,8299,99.48,INR,SUCCESS,00,,811632250054,BRN8538677283,UPI,IOS,West Bengal,SETTLED,18,false
TXN_20260805_152219,2026-08-05T08:48:32+05:30,Paytm,UPI_PAYMENT,user907870@paytm,homebasket750@bankofba,Axis Bank,Bank of Baroda,MER_944630,HomeBasket,Home & Living,5712,220.32,INR,SUCCESS,00,,703640193458,BRN7508741720,UPI,ANDROID,Madhya Pradesh,SETTLED,18,false
TXN_20260806_290025,2026-08-06T20:07:53+05:30,Paytm,UPI_PAYMENT,user548614@paytm,medicarepha874@stateban,State Bank of India,State Bank of India,MER_104298,MediCare Pharmacy,Pharmacy,5912,160.56,INR,SUCCESS,00,,481887792809,BRN1992792909,UPI,ANDROID,Gujarat,SETTLED,1,false
TXN_20260806_200254,2026-08-06T03:56:42+05:30,Paytm,UPI_PAYMENT,user49291@paytm,stylehubfas289@hdfcbank,ICICI Bank,HDFC Bank,MER_326551,StyleHub Fashion,Apparel,5651,105.06,INR,SUCCESS,00,,615380004952,BRN3153170749,UPI,IOS,Andhra Pradesh,SETTLED,22,false
TXN_20260802_661932,2026-08-02T23:44:03+05:30,Paytm,UPI_PAYMENT,user877696@paytm,mobilerecha719@hdfcbank,Canara Bank,HDFC Bank,MER_622298,Mobile Recharge Hub,Telecom,4814,210.75,INR,SUCCESS,00,,567780255372,BRN2680119394,UPI,ANDROID,Madhya Pradesh,SETTLED,5,false
TXN_20260803_825862,2026-08-03T16:24:32+05:30,Paytm,UPI_PAYMENT,user23380@paytm,stylehubfas691@unionban,HDFC Bank,Union Bank of India,MER_282110,StyleHub Fashion,Apparel,5651,347.66,INR,SUCCESS,00,,683476393432,BRN5677131346,UPI,ANDROID,Punjab,PENDING,36,false
TXN_20260803_942353,2026-08-03T02:37:47+05:30,Paytm,UPI_PAYMENT,user867875@paytm,edulearnser96@hdfcbank,Central Bank of India,HDFC Bank,MER_118119,EduLearn Services,Education,8299,20.57,INR,SUCCESS,00,,203110333453,BRN4798400841,UPI,IOS,Madhya Pradesh,SETTLED,34,false
TXN_20260802_133744,2026-08-02T20:17:51+05:30,Paytm,UPI_PAYMENT,user233686@paytm,fitzonegym480@hdfcbank,Bank of India,HDFC Bank,MER_331578,FitZone Gym,Fitness,7997,79.45,INR,SUCCESS,00,,125558948037,BRN1541163143,UPI,IOS,Gujarat,SETTLED,35,false
TXN_20260801_435325,2026-08-01T23:31:33+05:30,Paytm,UPI_PAYMENT,user629573@paytm,cafebrew738@indianov,Canara Bank,Indian Overseas Bank,MER_913108,Cafe Brew,Cafe,5814,11.17,INR,SUCCESS,00,,742319602919,BRN7344868823,UPI,ANDROID,Assam,SETTLED,14,false
TXN_20260805_275579,2026-08-05T08:25:31+05:30,Paytm,UPI_PAYMENT,user850373@paytm,mobilerecha63@stateban,State Bank of India,State Bank of India,MER_598823,Mobile Recharge Hub,Telecom,4814,239.01,INR,SUCCESS,00,,995329658841,BRN3594095786,UPI,ANDROID,Odisha,SETTLED,1,false
TXN_20260806_375092,2026-08-06T14:28:33+05:30,Paytm,UPI_PAYMENT,user355887@paytm,stylehubfas919@stateban,Bandhan Bank,State Bank of India,MER_691684,StyleHub Fashion,Apparel,5651,118.42,INR,SUCCESS,00,,858682015653,BRN2349121332,UPI,ANDROID,Delhi,SETTLED,10,false
TXN_20260805_635566,2026-08-05T19:59:51+05:30,Paytm,UPI_PAYMENT,user516580@paytm,freshmartre550@stateban,State Bank of India,State Bank of India,MER_722882,FreshMart Retail,Grocery,5411,190.95,INR,SUCCESS,00,,639080545918,BRN4534309916,UPI,IOS,Maharashtra,SETTLED,28,false
TXN_20260807_199453,2026-08-07T21:16:07+05:30,Paytm,UPI_PAYMENT,user733855@paytm,quickfuelst824@bankofba,State Bank of India,Bank of Baroda,MER_730257,QuickFuel Station,Fuel,5541,187.06,INR,SUCCESS,00,,118654541255,BRN8648507897,UPI,IOS,Maharashtra,SETTLED,45,false
TXN_20260808_595758,2026-08-08T22:52:57+05:30,Paytm,UPI_PAYMENT,user482975@paytm,fitzonegym196@stateban,YES BANK,State Bank of India,MER_199512,FitZone Gym,Fitness,7997,266.71,INR,SUCCESS,00,,534825144985,BRN4938883945,UPI,ANDROID,Telangana,SETTLED,31,false
TXN_20260806_410388,2026-08-06T13:48:52+05:30,Paytm,UPI_PAYMENT,user133300@paytm,fitzonegym767@hdfcbank,Axis Bank,HDFC Bank,MER_117424,FitZone Gym,Fitness,7997,576.77,INR,SUCCESS,00,,536826604536,BRN2513458037,UPI,IOS,Telangana,SETTLED,35,false
TXN_20260802_412892,2026-08-02T06:38:24+05:30,Paytm,UPI_PAYMENT,user891091@paytm,stylehubfas820@iciciban,Punjab National Bank,ICICI Bank,MER_140950,StyleHub Fashion,Apparel,5651,1205.98,INR,SUCCESS,00,,779388488662,BRN3473966059,UPI,ANDROID,Bihar,PENDING,43,false
TXN_20260805_627614,2026-08-05T21:35:44+05:30,Paytm,UPI_PAYMENT,user522472@paytm,utilitypays513@iciciban,ICICI Bank,ICICI Bank,MER_270348,UtilityPay Services,Utilities,4900,391.71,INR,SUCCESS,00,,458913304798,BRN8764504954,UPI,ANDROID,West Bengal,SETTLED,1,false
TXN_20260809_532116,2026-08-09T18:52:53+05:30,Paytm,UPI_PAYMENT,user703875@paytm,booknest500@iciciban,State Bank of India,ICICI Bank,MER_836621,BookNest,Books,5942,184.92,INR,SUCCESS,00,,907241769066,BRN2092768181,UPI,ANDROID,Karnataka,SETTLED,52,false
TXN_20260805_956547,2026-08-05T15:23:03+05:30,Paytm,UPI_PAYMENT,user946620@paytm,booknest440@hdfcbank,Bank of Baroda,HDFC Bank,MER_356294,BookNest,Books,5942,328.61,INR,SUCCESS,00,,449680522935,BRN2871606324,UPI,ANDROID,Bihar,SETTLED,52,false
TXN_20260809_362034,2026-08-09T09:24:40+05:30,Paytm,UPI_PAYMENT,user790107@paytm,mobilerecha534@indusind,Axis Bank,IndusInd Bank,MER_639310,Mobile Recharge Hub,Telecom,4814,48.93,INR,SUCCESS,00,,166433902540,BRN7469601920,UPI,ANDROID,Chhattisgarh,SETTLED,19,false
TXN_20260809_711289,2026-08-09T18:36:18+05:30,Paytm,UPI_PAYMENT,user504755@paytm,fitzonegym147@hdfcbank,ICICI Bank,HDFC Bank,MER_997543,FitZone Gym,Fitness,7997,184.65,INR,SUCCESS,00,,576528705451,BRN6416462370,UPI,ANDROID,Maharashtra,SETTLED,9,false
TXN_20260807_251056,2026-08-07T11:58:15+05:30,Paytm,UPI_PAYMENT,user362945@paytm,urbaneats332@punjabna,ICICI Bank,Punjab National Bank,MER_926357,Urban Eats,Restaurant,5812,1194.04,INR,SUCCESS,00,,421824661897,BRN9359835089,UPI,IOS,Karnataka,SETTLED,22,false
TXN_20260801_105921,2026-08-01T13:30:17+05:30,Paytm,UPI_PAYMENT,user554723@paytm,mobilerecha648@canaraba,Punjab National Bank,Canara Bank,MER_294942,Mobile Recharge Hub,Telecom,4814,159.88,INR,SUCCESS,00,,784037768507,BRN6381304891,UPI,ANDROID,Tamil Nadu,SETTLED,20,false
TXN_20260805_853914,2026-08-05T11:07:05+05:30,Paytm,UPI_PAYMENT,user461710@paytm,utilitypays467@hdfcbank,HDFC Bank,HDFC Bank,MER_561539,UtilityPay Services,Utilities,4900,635.05,INR,SUCCESS,00,,627486560497,BRN5165965407,UPI,ANDROID,Punjab,SETTLED,54,false
TXN_20260806_484790,2026-08-06T01:11:22+05:30,Paytm,UPI_PAYMENT,user198763@paytm,booknest186@hdfcbank,State Bank of India,HDFC Bank,MER_250559,BookNest,Books,5942,150.49,INR,SUCCESS,00,,235751909177,BRN9372588057,UPI,IOS,Tamil Nadu,SETTLED,60,false
TXN_20260801_292077,2026-08-01T15:14:54+05:30,Paytm,UPI_PAYMENT,user754471@paytm,techsquaree939@bankofba,Punjab National Bank,Bank of Baroda,MER_338769,TechSquare Electronics,Electronics,5732,126.05,INR,SUCCESS,00,,734010755971,BRN5695967244,UPI,IOS,Rajasthan,PENDING,38,false
TXN_20260807_475695,2026-08-07T08:25:26+05:30,Paytm,UPI_PAYMENT,user703682@paytm,medicarepha181@punjabna,AU Small Finance Bank,Punjab National Bank,MER_301969,MediCare Pharmacy,Pharmacy,5912,1024.13,INR,SUCCESS,00,,134586552418,BRN4987403947,UPI,ANDROID,Kerala,SETTLED,33,false
TXN_20260801_840413,2026-08-01T02:08:49+05:30,Paytm,UPI_PAYMENT,user958108@paytm,booknest315@centralb,Punjab National Bank,Central Bank of India,MER_517327,BookNest,Books,5942,756.15,INR,SUCCESS,00,,940649735264,BRN4688478604,UPI,ANDROID,Andhra Pradesh,SETTLED,30,false
TXN_20260806_113658,2026-08-06T07:58:15+05:30,Paytm,UPI_PAYMENT,user138663@paytm,stylehubfas708@hdfcbank,Bank of Baroda,HDFC Bank,MER_182246,StyleHub Fashion,Apparel,5651,311.91,INR,SUCCESS,00,,391206666477,BRN3462339934,UPI,ANDROID,Maharashtra,SETTLED,28,false
TXN_20260802_449137,2026-08-02T20:12:52+05:30,Paytm,UPI_PAYMENT,user943127@paytm,utilitypays361@kotakmah,IDFC FIRST Bank,Kotak Mahindra Bank,MER_323880,UtilityPay Services,Utilities,4900,1189.19,INR,FAILED,U69,BENEFICIARY_BANK_OFFLINE,958929926303,,UPI,ANDROID,Madhya Pradesh,NOT_APPLICABLE,29,false
TXN_20260803_417306,2026-08-03T08:45:21+05:30,Paytm,UPI_PAYMENT,user584884@paytm,cafebrew346@stateban,Kotak Mahindra Bank,State Bank of India,MER_385840,Cafe Brew,Cafe,5814,24.56,INR,SUCCESS,00,,689639845932,BRN2280410610,UPI,ANDROID,Chhattisgarh,SETTLED,38,false
TXN_20260804_648680,2026-08-04T21:50:16+05:30,Paytm,UPI_PAYMENT,user379334@paytm,homebasket366@hdfcbank,State Bank of India,HDFC Bank,MER_806328,HomeBasket,Home & Living,5712,165.20,INR,SUCCESS,00,,141538318102,BRN2957675594,UPI,IOS,Maharashtra,SETTLED,27,false
TXN_20260807_974513,2026-08-07T20:45:37+05:30,Paytm,UPI_PAYMENT,user186069@paytm,edulearnser509@stateban,AU Small Finance Bank,State Bank of India,MER_930302,EduLearn Services,Education,8299,927.06,INR,SUCCESS,00,,892716147013,BRN7557303685,UPI,IOS,Telangana,SETTLED,32,false
TXN_20260809_898814,2026-08-09T23:01:12+05:30,Paytm,UPI_PAYMENT,user159464@paytm,fitzonegym799@kotakmah,Bank of Baroda,Kotak Mahindra Bank,MER_295696,FitZone Gym,Fitness,7997,259.29,INR,SUCCESS,00,,828103909236,BRN8823082486,UPI,IOS,Uttar Pradesh,SETTLED,30,false
TXN_20260807_566262,2026-08-07T03:06:24+05:30,Paytm,UPI_PAYMENT,user776152@paytm,quickfuelst773@stateban,Canara Bank,State Bank of India,MER_613669,QuickFuel Station,Fuel,5541,662.19,INR,SUCCESS,00,,587011857313,BRN7823801632,UPI,ANDROID,Delhi,SETTLED,18,false
TXN_20260803_951464,2026-08-03T07:35:05+05:30,Paytm,UPI_PAYMENT,user488680@paytm,quickfuelst493@hdfcbank,Kotak Mahindra Bank,HDFC Bank,MER_816436,QuickFuel Station,Fuel,5541,284.81,INR,SUCCESS,00,,188009245772,BRN9758088303,UPI,IOS,Tamil Nadu,SETTLED,18,false
TXN_20260807_342308,2026-08-07T17:52:50+05:30,Paytm,UPI_PAYMENT,user415089@paytm,medicarepha99@iciciban,HDFC Bank,ICICI Bank,MER_147063,MediCare Pharmacy,Pharmacy,5912,128.74,INR,SUCCESS,00,,784024302691,BRN9248838347,UPI,IOS,Maharashtra,SETTLED,69,false
TXN_20260809_914169,2026-08-09T18:28:22+05:30,Paytm,UPI_PAYMENT,user482165@paytm,quickfuelst829@indusind,Indian Overseas Bank,IndusInd Bank,MER_971013,QuickFuel Station,Fuel,5541,496.47,INR,SUCCESS,00,,234521444584,BRN9420132589,UPI,WEB,Uttar Pradesh,PENDING,79,false
TXN_20260801_637500,2026-08-01T15:09:42+05:30,Paytm,UPI_PAYMENT,user890703@paytm,stylehubfas329@indianba,Canara Bank,Indian Bank,MER_846519,StyleHub Fashion,Apparel,5651,104.07,INR,PENDING,P01,,155722355065,BRN5911595372,UPI,IOS,Delhi,PENDING,54,false
TXN_20260802_204823,2026-08-02T01:29:06+05:30,Paytm,UPI_PAYMENT,user846852@paytm,urbaneats491@canaraba,Axis Bank,Canara Bank,MER_553441,Urban Eats,Restaurant,5812,710.48,INR,SUCCESS,00,,800450094789,BRN2712317734,UPI,IOS,West Bengal,PENDING,24,false
TXN_20260809_703087,2026-08-09T13:48:58+05:30,Paytm,UPI_PAYMENT,user482789@paytm,urbaneats964@stateban,IDFC FIRST Bank,State Bank of India,MER_745177,Urban Eats,Restaurant,5812,46.40,INR,SUCCESS,00,,629207223308,BRN9313480174,UPI,ANDROID,Karnataka,SETTLED,45,false
TXN_20260803_880369,2026-08-03T14:50:15+05:30,Paytm,UPI_PAYMENT,user94891@paytm,homebasket872@hdfcbank,Canara Bank,HDFC Bank,MER_477583,HomeBasket,Home & Living,5712,203.47,INR,SUCCESS,00,,566980797386,BRN7672403879,UPI,ANDROID,Bihar,SETTLED,15,false
TXN_20260802_589886,2026-08-02T08:22:48+05:30,Paytm,UPI_PAYMENT,user552278@paytm,medicarepha141@punjabna,Bank of Baroda,Punjab National Bank,MER_803737,MediCare Pharmacy,Pharmacy,5912,196.56,INR,SUCCESS,00,,627893431990,BRN7281723689,UPI,ANDROID,Jharkhand,PENDING,14,false
TXN_20260809_880199,2026-08-09T10:12:11+05:30,Paytm,UPI_PAYMENT,user358675@paytm,cafebrew156@iciciban,ICICI Bank,ICICI Bank,MER_260530,Cafe Brew,Cafe,5814,320.50,INR,SUCCESS,00,,546825505886,BRN2923265226,UPI,ANDROID,Haryana,SETTLED,36,false
TXN_20260803_987226,2026-08-03T18:05:33+05:30,Paytm,UPI_PAYMENT,user477885@paytm,homebasket53@iciciban,Indian Bank,ICICI Bank,MER_824039,HomeBasket,Home & Living,5712,165.65,INR,SUCCESS,00,,526035165433,BRN7872511154,UPI,ANDROID,Karnataka,SETTLED,22,false
TXN_20260805_760229,2026-08-05T17:31:29+05:30,Paytm,UPI_PAYMENT,user451572@paytm,metromobili293@axisbank,ICICI Bank,Axis Bank,MER_937973,Metro Mobility,Transport,4121,598.36,INR,SUCCESS,00,,124407266594,BRN3904254174,UPI,IOS,West Bengal,PENDING,25,false
TXN_20260808_642897,2026-08-08T05:01:08+05:30,Paytm,UPI_PAYMENT,user136629@paytm,mobilerecha159@bankofin,Punjab National Bank,Bank of India,MER_604577,Mobile Recharge Hub,Telecom,4814,870.29,INR,SUCCESS,00,,370412426114,BRN6452544021,UPI,ANDROID,Tamil Nadu,SETTLED,36,false
TXN_20260809_809595,2026-08-09T19:07:33+05:30,Paytm,UPI_PAYMENT,user747318@paytm,mobilerecha58@axisbank,State Bank of India,Axis Bank,MER_728413,Mobile Recharge Hub,Telecom,4814,24.33,INR,SUCCESS,00,,291374397576,BRN7400992306,UPI,ANDROID,Odisha,SETTLED,7,false
TXN_20260807_671410,2026-08-07T14:23:21+05:30,Paytm,UPI_PAYMENT,user982062@paytm,utilitypays746@axisbank,UCO Bank,Axis Bank,MER_325900,UtilityPay Services,Utilities,4900,159.77,INR,SUCCESS,00,,999602199174,BRN3403816988,UPI,ANDROID,Maharashtra,SETTLED,35,false
TXN_20260803_918876,2026-08-03T18:57:39+05:30,Paytm,UPI_PAYMENT,user779534@paytm,utilitypays248@hdfcbank,IDFC FIRST Bank,HDFC Bank,MER_237017,UtilityPay Services,Utilities,4900,2116.21,INR,SUCCESS,00,,926538338390,BRN4808226006,UPI,IOS,Karnataka,SETTLED,5,false
TXN_20260805_500818,2026-08-05T10:59:29+05:30,Paytm,UPI_PAYMENT,user733261@paytm,urbaneats394@iciciban,YES BANK,ICICI Bank,MER_904072,Urban Eats,Restaurant,5812,64.16,INR,SUCCESS,00,,263473653297,BRN8280656696,UPI,ANDROID,Gujarat,SETTLED,9,false
TXN_20260802_901965,2026-08-02T05:35:15+05:30,Paytm,UPI_PAYMENT,user968271@paytm,mobilerecha374@bandhanb,IndusInd Bank,Bandhan Bank,MER_523558,Mobile Recharge Hub,Telecom,4814,67.81,INR,SUCCESS,00,,888057460462,BRN5035023687,UPI,IOS,Tamil Nadu,PENDING,28,false
TXN_20260803_536229,2026-08-03T15:28:01+05:30,Paytm,UPI_PAYMENT,user655404@paytm,urbaneats985@iciciban,IDFC FIRST Bank,ICICI Bank,MER_717984,Urban Eats,Restaurant,5812,2327.68,INR,SUCCESS,00,,529978538462,BRN7101096891,UPI,IOS,Tamil Nadu,SETTLED,34,false
TXN_20260809_318503,2026-08-09T13:17:44+05:30,Paytm,UPI_PAYMENT,user58497@paytm,edulearnser759@ausmallf,HDFC Bank,AU Small Finance Bank,MER_540457,EduLearn Services,Education,8299,589.28,INR,SUCCESS,00,,986628199519,BRN3503931726,UPI,WEB,Madhya Pradesh,SETTLED,31,false
TXN_20260808_252449,2026-08-08T00:06:40+05:30,Paytm,UPI_PAYMENT,user564885@paytm,techsquaree835@hdfcbank,ICICI Bank,HDFC Bank,MER_651633,TechSquare Electronics,Electronics,5732,64.59,INR,SUCCESS,00,,671781663277,BRN5172964004,UPI,IOS,Kerala,SETTLED,31,false
TXN_20260805_944305,2026-08-05T16:05:15+05:30,Paytm,UPI_PAYMENT,user106871@paytm,metromobili461@iciciban,ICICI Bank,ICICI Bank,MER_326356,Metro Mobility,Transport,4121,158.74,INR,REVERSED,00,,580665830667,BRN3228582011,UPI,ANDROID,Chhattisgarh,REVERSED,26,false
TXN_20260806_684754,2026-08-06T18:05:35+05:30,Paytm,UPI_PAYMENT,user886064@paytm,techsquaree141@stateban,ICICI Bank,State Bank of India,MER_671316,TechSquare Electronics,Electronics,5732,51.35,INR,SUCCESS,00,,719138638713,BRN1513649845,UPI,IOS,Tamil Nadu,SETTLED,37,false
TXN_20260802_703231,2026-08-02T00:33:47+05:30,Paytm,UPI_PAYMENT,user672797@paytm,stylehubfas689@kotakmah,State Bank of India,Kotak Mahindra Bank,MER_148598,StyleHub Fashion,Apparel,5651,60.66,INR,SUCCESS,00,,582692077950,BRN8272235998,UPI,ANDROID,Gujarat,SETTLED,33,false
TXN_20260801_724205,2026-08-01T03:44:10+05:30,Paytm,UPI_PAYMENT,user471243@paytm,homebasket759@bankofin,Union Bank of India,Bank of India,MER_763919,HomeBasket,Home & Living,5712,216.08,INR,SUCCESS,00,,646120980514,BRN5905815347,UPI,ANDROID,Gujarat,SETTLED,51,false
TXN_20260801_675714,2026-08-01T04:02:51+05:30,Paytm,UPI_PAYMENT,user106420@paytm,quickfuelst53@yesbank,Kotak Mahindra Bank,YES BANK,MER_624256,QuickFuel Station,Fuel,5541,412.32,INR,SUCCESS,00,,192264518211,BRN2251273098,UPI,ANDROID,Gujarat,SETTLED,45,false
TXN_20260809_417938,2026-08-09T07:48:50+05:30,Paytm,UPI_PAYMENT,user314257@paytm,metromobili506@iciciban,ICICI Bank,ICICI Bank,MER_517877,Metro Mobility,Transport,4121,49.95,INR,SUCCESS,00,,723959389924,BRN7431520396,UPI,ANDROID,Karnataka,SETTLED,35,false
TXN_20260807_644293,2026-08-07T23:58:40+05:30,Paytm,UPI_PAYMENT,user226038@paytm,edulearnser338@stateban,ICICI Bank,State Bank of India,MER_660984,EduLearn Services,Education,8299,149.44,INR,SUCCESS,00,,314527176701,BRN4399214450,UPI,ANDROID,Delhi,SETTLED,61,false
TXN_20260809_497322,2026-08-09T00:25:19+05:30,Paytm,UPI_PAYMENT,user819636@paytm,urbaneats741@indusind,Indian Bank,IndusInd Bank,MER_818805,Urban Eats,Restaurant,5812,116.09,INR,SUCCESS,00,,762597101099,BRN9818051867,UPI,ANDROID,Bihar,SETTLED,6,false
TXN_20260803_317801,2026-08-03T08:18:46+05:30,Paytm,UPI_PAYMENT,user937492@paytm,homebasket746@bankofba,ICICI Bank,Bank of Baroda,MER_310881,HomeBasket,Home & Living,5712,431.65,INR,SUCCESS,00,,890141533481,BRN8236862686,UPI,ANDROID,Himachal Pradesh,SETTLED,15,false
TXN_20260808_183433,2026-08-08T04:17:13+05:30,Paytm,UPI_PAYMENT,user642882@paytm,freshmartre87@punjabna,Punjab National Bank,Punjab National Bank,MER_810577,FreshMart Retail,Grocery,5411,1113.10,INR,SUCCESS,00,,267619991364,BRN4706665455,UPI,ANDROID,Madhya Pradesh,SETTLED,55,false
TXN_20260805_440241,2026-08-05T04:41:31+05:30,Paytm,UPI_PAYMENT,user78338@paytm,quickfuelst894@centralb,Bank of Baroda,Central Bank of India,MER_600366,QuickFuel Station,Fuel,5541,324.01,INR,SUCCESS,00,,781052808826,BRN6970497968,UPI,ANDROID,Karnataka,SETTLED,26,false
TXN_20260804_628272,2026-08-04T04:33:12+05:30,Paytm,UPI_PAYMENT,user503561@paytm,booknest223@bankofba,HDFC Bank,Bank of Baroda,MER_528942,BookNest,Books,5942,185.01,INR,SUCCESS,00,,738316528712,BRN9221060007,UPI,ANDROID,Telangana,SETTLED,35,false
TXN_20260805_533321,2026-08-05T12:25:50+05:30,Paytm,UPI_PAYMENT,user425097@paytm,urbaneats999@bankofba,Canara Bank,Bank of Baroda,MER_840675,Urban Eats,Restaurant,5812,52.56,INR,SUCCESS,00,,124897892056,BRN9179438694,UPI,ANDROID,Delhi,PENDING,43,false
TXN_20260809_205008,2026-08-09T02:39:04+05:30,Paytm,UPI_PAYMENT,user433386@paytm,homebasket42@hdfcbank,Axis Bank,HDFC Bank,MER_210705,HomeBasket,Home & Living,5712,132.26,INR,SUCCESS,00,,132846340225,BRN6680459080,UPI,ANDROID,Tamil Nadu,SETTLED,16,false
TXN_20260803_544138,2026-08-03T01:22:18+05:30,Paytm,UPI_PAYMENT,user476427@paytm,booknest395@kotakmah,ICICI Bank,Kotak Mahindra Bank,MER_818335,BookNest,Books,5942,100.54,INR,SUCCESS,00,,701382532530,BRN2694844897,UPI,ANDROID,Uttar Pradesh,SETTLED,30,false
TXN_20260806_565594,2026-08-06T05:06:40+05:30,Paytm,UPI_PAYMENT,user192417@paytm,booknest274@federalb,ICICI Bank,Federal Bank,MER_481776,BookNest,Books,5942,703.44,INR,SUCCESS,00,,166351238877,BRN3394124789,UPI,ANDROID,Maharashtra,SETTLED,50,false
TXN_20260809_977176,2026-08-09T03:37:30+05:30,Paytm,UPI_PAYMENT,user288337@paytm,mobilerecha301@bankofba,Kotak Mahindra Bank,Bank of Baroda,MER_602882,Mobile Recharge Hub,Telecom,4814,99.22,INR,SUCCESS,00,,814859020025,BRN7257012312,UPI,ANDROID,Assam,SETTLED,17,false
TXN_20260803_401929,2026-08-03T01:43:02+05:30,Paytm,UPI_PAYMENT,user505613@paytm,metromobili589@hdfcbank,IDFC FIRST Bank,HDFC Bank,MER_858152,Metro Mobility,Transport,4121,239.88,INR,SUCCESS,00,,849984037481,BRN7015863314,UPI,ANDROID,Bihar,SETTLED,46,false
TXN_20260809_759914,2026-08-09T05:59:56+05:30,Paytm,UPI_PAYMENT,user785273@paytm,mobilerecha446@bankofba,Union Bank of India,Bank of Baroda,MER_828966,Mobile Recharge Hub,Telecom,4814,170.94,INR,SUCCESS,00,,114154853699,BRN3830712248,UPI,ANDROID,Tamil Nadu,SETTLED,43,false
TXN_20260801_875851,2026-08-01T14:24:48+05:30,Paytm,UPI_PAYMENT,user614387@paytm,urbaneats627@iciciban,Canara Bank,ICICI Bank,MER_931265,Urban Eats,Restaurant,5812,145.10,INR,SUCCESS,00,,788018854568,BRN6882381775,UPI,IOS,Telangana,SETTLED,57,false
TXN_20260803_203366,2026-08-03T19:00:51+05:30,Paytm,UPI_PAYMENT,user314661@paytm,quickfuelst405@axisbank,ICICI Bank,Axis Bank,MER_619819,QuickFuel Station,Fuel,5541,97.57,INR,SUCCESS,00,,152546975557,BRN6595814680,UPI,ANDROID,West Bengal,PENDING,55,false
TXN_20260802_588241,2026-08-02T18:51:48+05:30,Paytm,UPI_PAYMENT,user425628@paytm,utilitypays244@iciciban,HDFC Bank,ICICI Bank,MER_892232,UtilityPay Services,Utilities,4900,550.54,INR,SUCCESS,00,,860356648122,BRN6113652763,UPI,ANDROID,Karnataka,SETTLED,18,false
TXN_20260809_557327,2026-08-09T08:00:11+05:30,Paytm,UPI_PAYMENT,user530849@paytm,metromobili542@indianov,Federal Bank,Indian Overseas Bank,MER_164313,Metro Mobility,Transport,4121,182.36,INR,SUCCESS,00,,579605216067,BRN1830555146,UPI,ANDROID,Chhattisgarh,SETTLED,45,false
TXN_20260809_204446,2026-08-09T08:46:23+05:30,Paytm,UPI_PAYMENT,user862989@paytm,stylehubfas922@indusind,ICICI Bank,IndusInd Bank,MER_666164,StyleHub Fashion,Apparel,5651,171.33,INR,SUCCESS,00,,676757748314,BRN4520837918,UPI,ANDROID,Uttar Pradesh,PENDING,25,false
TXN_20260805_922045,2026-08-05T00:05:48+05:30,Paytm,UPI_PAYMENT,user203684@paytm,urbaneats735@bankofin,HDFC Bank,Bank of India,MER_424815,Urban Eats,Restaurant,5812,467.43,INR,SUCCESS,00,,495829952674,BRN1293796755,UPI,ANDROID,Bihar,SETTLED,6,false
TXN_20260801_659024,2026-08-01T06:14:43+05:30,Paytm,UPI_PAYMENT,user403148@paytm,medicarepha847@hdfcbank,HDFC Bank,HDFC Bank,MER_537072,MediCare Pharmacy,Pharmacy,5912,163.96,INR,SUCCESS,00,,310641505347,BRN9933174901,UPI,IOS,Uttar Pradesh,SETTLED,50,false
TXN_20260805_936589,2026-08-05T08:01:16+05:30,Paytm,UPI_PAYMENT,user259354@paytm,fitzonegym414@hdfcbank,State Bank of India,HDFC Bank,MER_627541,FitZone Gym,Fitness,7997,216.69,INR,SUCCESS,00,,894508289388,BRN3506814117,UPI,IOS,Andhra Pradesh,SETTLED,1,false
TXN_20260806_870992,2026-08-06T17:11:20+05:30,Paytm,UPI_PAYMENT,user699896@paytm,stylehubfas421@stateban,HDFC Bank,State Bank of India,MER_626919,StyleHub Fashion,Apparel,5651,89.57,INR,SUCCESS,00,,877392024332,BRN4325284337,UPI,ANDROID,Andhra Pradesh,SETTLED,5,false
TXN_20260804_804763,2026-08-04T03:30:50+05:30,Paytm,UPI_PAYMENT,user307298@paytm,medicarepha83@iciciban,IndusInd Bank,ICICI Bank,MER_111882,MediCare Pharmacy,Pharmacy,5912,143.85,INR,SUCCESS,00,,671823184792,BRN5490970036,UPI,IOS,Haryana,SETTLED,14,false
TXN_20260806_877376,2026-08-06T17:43:29+05:30,Paytm,UPI_PAYMENT,user109911@paytm,quickfuelst494@canaraba,ICICI Bank,Canara Bank,MER_384201,QuickFuel Station,Fuel,5541,984.94,INR,SUCCESS,00,,846223945802,BRN8427712320,UPI,IOS,Punjab,SETTLED,8,false
TXN_20260804_394519,2026-08-04T12:35:41+05:30,Paytm,UPI_PAYMENT,user478235@paytm,booknest911@iciciban,HDFC Bank,ICICI Bank,MER_299629,BookNest,Books,5942,564.38,INR,SUCCESS,00,,154235954614,BRN7864806376,UPI,ANDROID,Kerala,SETTLED,10,false
TXN_20260804_592999,2026-08-04T07:03:30+05:30,Paytm,UPI_PAYMENT,user555721@paytm,freshmartre782@stateban,State Bank of India,State Bank of India,MER_319024,FreshMart Retail,Grocery,5411,455.04,INR,FAILED,91,BANK_UNAVAILABLE,703185123627,,UPI,ANDROID,Rajasthan,NOT_APPLICABLE,28,false
TXN_20260804_594268,2026-08-04T11:11:28+05:30,Paytm,UPI_PAYMENT,user805052@paytm,freshmartre425@stateban,State Bank of India,State Bank of India,MER_682449,FreshMart Retail,Grocery,5411,147.52,INR,SUCCESS,00,,458463552728,BRN5455393164,UPI,ANDROID,Uttar Pradesh,SETTLED,13,false
TXN_20260802_199336,2026-08-02T13:18:47+05:30,Paytm,UPI_PAYMENT,user647394@paytm,metromobili813@indianba,Bank of India,Indian Bank,MER_193298,Metro Mobility,Transport,4121,359.06,INR,SUCCESS,00,,645302166041,BRN2943983737,UPI,WEB,Punjab,SETTLED,26,false
TXN_20260809_182562,2026-08-09T16:50:48+05:30,Paytm,UPI_PAYMENT,user927134@paytm,utilitypays32@iciciban,Axis Bank,ICICI Bank,MER_712417,UtilityPay Services,Utilities,4900,1304.83,INR,SUCCESS,00,,746379579579,BRN6964117537,UPI,IOS,Karnataka,SETTLED,33,false
TXN_20260804_773374,2026-08-04T12:46:48+05:30,Paytm,UPI_PAYMENT,user678086@paytm,homebasket396@idfcfirs,HDFC Bank,IDFC FIRST Bank,MER_796369,HomeBasket,Home & Living,5712,694.71,INR,SUCCESS,00,,672082457451,BRN1821023718,UPI,ANDROID,Uttar Pradesh,PENDING,37,false
TXN_20260801_413013,2026-08-01T03:25:43+05:30,Paytm,UPI_PAYMENT,user857196@paytm,metromobili195@hdfcbank,State Bank of India,HDFC Bank,MER_513800,Metro Mobility,Transport,4121,104.28,INR,SUCCESS,00,,611930785142,BRN5439429986,UPI,IOS,Rajasthan,SETTLED,26,false
TXN_20260803_155986,2026-08-03T11:00:50+05:30,Paytm,UPI_PAYMENT,user371743@paytm,urbaneats382@stateban,HDFC Bank,State Bank of India,MER_579345,Urban Eats,Restaurant,5812,348.73,INR,SUCCESS,00,,966503284681,BRN7208211263,UPI,ANDROID,Maharashtra,SETTLED,49,false
TXN_20260801_300437,2026-08-01T22:12:47+05:30,Paytm,UPI_PAYMENT,user671138@paytm,freshmartre385@stateban,HDFC Bank,State Bank of India,MER_791269,FreshMart Retail,Grocery,5411,325.71,INR,SUCCESS,00,,670786251479,BRN6930463550,UPI,ANDROID,Telangana,SETTLED,42,false
TXN_20260808_596385,2026-08-08T14:26:51+05:30,Paytm,UPI_PAYMENT,user405122@paytm,medicarepha473@ucobank,ICICI Bank,UCO Bank,MER_310561,MediCare Pharmacy,Pharmacy,5912,46.20,INR,SUCCESS,00,,229811405052,BRN3179957121,UPI,IOS,Karnataka,SETTLED,50,false
TXN_20260807_109856,2026-08-07T13:31:23+05:30,Paytm,UPI_PAYMENT,user525690@paytm,homebasket479@stateban,State Bank of India,State Bank of India,MER_334603,HomeBasket,Home & Living,5712,1850.17,INR,SUCCESS,00,,365825063888,BRN5737041753,UPI,IOS,Punjab,SETTLED,19,false
TXN_20260805_382084,2026-08-05T19:56:12+05:30,Paytm,UPI_PAYMENT,user765266@paytm,urbaneats372@hdfcbank,YES BANK,HDFC Bank,MER_591267,Urban Eats,Restaurant,5812,25.63,INR,SUCCESS,00,,977859067227,BRN6231700710,UPI,ANDROID,Jharkhand,SETTLED,55,false
TXN_20260805_876579,2026-08-05T03:59:33+05:30,Paytm,UPI_PAYMENT,user656777@paytm,mobilerecha228@axisbank,HDFC Bank,Axis Bank,MER_965760,Mobile Recharge Hub,Telecom,4814,165.57,INR,SUCCESS,00,,596888465796,BRN1724983687,UPI,ANDROID,Odisha,SETTLED,46,false
TXN_20260806_282968,2026-08-06T03:46:08+05:30,Paytm,UPI_PAYMENT,user463211@paytm,fitzonegym468@ucobank,HDFC Bank,UCO Bank,MER_312860,FitZone Gym,Fitness,7997,856.49,INR,SUCCESS,00,,685091968537,BRN2612924532,UPI,IOS,Haryana,SETTLED,27,false
TXN_20260804_973466,2026-08-04T07:57:03+05:30,Paytm,UPI_PAYMENT,user894094@paytm,freshmartre696@bankofba,Axis Bank,Bank of Baroda,MER_626880,FreshMart Retail,Grocery,5411,177.13,INR,SUCCESS,00,,368038370212,BRN1193921465,UPI,ANDROID,Maharashtra,SETTLED,72,false
TXN_20260808_597263,2026-08-08T00:25:01+05:30,Paytm,UPI_PAYMENT,user340859@paytm,freshmartre34@stateban,State Bank of India,State Bank of India,MER_135932,FreshMart Retail,Grocery,5411,333.74,INR,SUCCESS,00,,910271292527,BRN6971054603,UPI,ANDROID,Bihar,SETTLED,3,false
TXN_20260808_217365,2026-08-08T15:36:16+05:30,Paytm,UPI_PAYMENT,user557332@paytm,mobilerecha272@indusind,Kotak Mahindra Bank,IndusInd Bank,MER_347672,Mobile Recharge Hub,Telecom,4814,139.46,INR,SUCCESS,00,,214202709344,BRN3965252885,UPI,ANDROID,Andhra Pradesh,SETTLED,1,false
TXN_20260808_504725,2026-08-08T14:59:35+05:30,Paytm,UPI_PAYMENT,user163186@paytm,mobilerecha663@bankofba,HDFC Bank,Bank of Baroda,MER_487617,Mobile Recharge Hub,Telecom,4814,149.99,INR,SUCCESS,00,,555064831137,BRN6146321258,UPI,WEB,Andhra Pradesh,PENDING,28,false
TXN_20260806_133240,2026-08-06T19:52:53+05:30,Paytm,UPI_PAYMENT,user766404@paytm,medicarepha918@indianba,State Bank of India,Indian Bank,MER_158370,MediCare Pharmacy,Pharmacy,5912,104.33,INR,SUCCESS,00,,915013778569,BRN3491697406,UPI,ANDROID,Madhya Pradesh,SETTLED,18,false
TXN_20260801_208921,2026-08-01T21:05:53+05:30,Paytm,UPI_PAYMENT,user989844@paytm,booknest282@indianov,Indian Bank,Indian Overseas Bank,MER_648045,BookNest,Books,5942,379.65,INR,SUCCESS,00,,719010309209,BRN9440225546,UPI,ANDROID,Gujarat,SETTLED,19,false
TXN_20260804_940234,2026-08-04T02:40:47+05:30,Paytm,UPI_PAYMENT,user447296@paytm,quickfuelst946@hdfcbank,ICICI Bank,HDFC Bank,MER_384688,QuickFuel Station,Fuel,5541,675.85,INR,SUCCESS,00,,246172787881,BRN9713748360,UPI,IOS,Andhra Pradesh,SETTLED,7,false
TXN_20260808_435104,2026-08-08T15:46:13+05:30,Paytm,UPI_PAYMENT,user358138@paytm,fitzonegym898@canaraba,Central Bank of India,Canara Bank,MER_188396,FitZone Gym,Fitness,7997,1889.30,INR,SUCCESS,00,,646829569824,BRN6365642261,UPI,ANDROID,Maharashtra,SETTLED,20,false
TXN_20260802_921017,2026-08-02T23:13:05+05:30,Paytm,UPI_PAYMENT,user344141@paytm,freshmartre311@stateban,HDFC Bank,State Bank of India,MER_355426,FreshMart Retail,Grocery,5411,99.40,INR,SUCCESS,00,,971707181338,BRN9586965283,UPI,ANDROID,West Bengal,SETTLED,16,false
TXN_20260801_613571,2026-08-01T22:20:06+05:30,Paytm,UPI_PAYMENT,user332522@paytm,medicarepha773@canaraba,Canara Bank,Canara Bank,MER_977619,MediCare Pharmacy,Pharmacy,5912,132.20,INR,SUCCESS,00,,250277989134,BRN3121202328,UPI,ANDROID,Uttar Pradesh,SETTLED,6,false
TXN_20260803_784192,2026-08-03T08:23:32+05:30,Paytm,UPI_PAYMENT,user112307@paytm,utilitypays66@ausmallf,HDFC Bank,AU Small Finance Bank,MER_220886,UtilityPay Services,Utilities,4900,982.79,INR,SUCCESS,00,,266641734654,BRN8304742441,UPI,ANDROID,Himachal Pradesh,SETTLED,28,false
TXN_20260809_811729,2026-08-09T07:39:09+05:30,Paytm,UPI_PAYMENT,user378270@paytm,urbaneats884@hdfcbank,State Bank of India,HDFC Bank,MER_131942,Urban Eats,Restaurant,5812,221.73,INR,SUCCESS,00,,606197369059,BRN1118263819,UPI,ANDROID,Uttar Pradesh,SETTLED,10,false
TXN_20260808_340586,2026-08-08T16:43:39+05:30,Paytm,UPI_PAYMENT,user242137@paytm,cafebrew170@stateban,YES BANK,State Bank of India,MER_371400,Cafe Brew,Cafe,5814,296.25,INR,SUCCESS,00,,769432019945,BRN1410360658,UPI,IOS,Madhya Pradesh,SETTLED,40,false
TXN_20260809_478484,2026-08-09T14:39:14+05:30,Paytm,UPI_PAYMENT,user750476@paytm,stylehubfas512@indusind,Axis Bank,IndusInd Bank,MER_818464,StyleHub Fashion,Apparel,5651,17.15,INR,SUCCESS,00,,109953234231,BRN3790052323,UPI,ANDROID,Haryana,SETTLED,18,false
TXN_20260807_520298,2026-08-07T11:00:49+05:30,Paytm,UPI_PAYMENT,user28604@paytm,utilitypays799@unionban,HDFC Bank,Union Bank of India,MER_285900,UtilityPay Services,Utilities,4900,737.75,INR,SUCCESS,00,,765415847565,BRN9325395520,UPI,IOS,Maharashtra,SETTLED,1,false
TXN_20260801_306560,2026-08-01T01:58:58+05:30,Paytm,UPI_PAYMENT,user144222@paytm,metromobili105@hdfcbank,YES BANK,HDFC Bank,MER_943915,Metro Mobility,Transport,4121,276.13,INR,SUCCESS,00,,942798821527,BRN7038084625,UPI,ANDROID,Telangana,SETTLED,34,false
TXN_20260806_255983,2026-08-06T05:41:50+05:30,Paytm,UPI_PAYMENT,user560209@paytm,urbaneats246@stateban,State Bank of India,State Bank of India,MER_376511,Urban Eats,Restaurant,5812,556.20,INR,SUCCESS,00,,992025464836,BRN3199421368,UPI,ANDROID,Rajasthan,SETTLED,29,false
TXN_20260801_573749,2026-08-01T11:11:06+05:30,Paytm,UPI_PAYMENT,user398047@paytm,booknest107@hdfcbank,Bank of Baroda,HDFC Bank,MER_741886,BookNest,Books,5942,143.68,INR,SUCCESS,00,,508571613007,BRN8743812839,UPI,ANDROID,Haryana,SETTLED,11,false
TXN_20260808_344939,2026-08-08T22:38:51+05:30,Paytm,UPI_PAYMENT,user277698@paytm,techsquaree447@iciciban,Axis Bank,ICICI Bank,MER_971457,TechSquare Electronics,Electronics,5732,3231.06,INR,SUCCESS,00,,588299778137,BRN9521115747,UPI,ANDROID,Kerala,SETTLED,24,false
TXN_20260807_607023,2026-08-07T02:46:04+05:30,Paytm,UPI_PAYMENT,user885936@paytm,urbaneats436@bankofba,Indian Bank,Bank of Baroda,MER_252642,Urban Eats,Restaurant,5812,116.18,INR,SUCCESS,00,,904259396380,BRN4030295856,UPI,IOS,Odisha,SETTLED,33,false
TXN_20260803_663701,2026-08-03T13:37:15+05:30,Paytm,UPI_PAYMENT,user988054@paytm,freshmartre826@iciciban,HDFC Bank,ICICI Bank,MER_465330,FreshMart Retail,Grocery,5411,335.96,INR,SUCCESS,00,,902696301308,BRN1247526965,UPI,IOS,Haryana,SETTLED,13,false
TXN_20260805_840945,2026-08-05T12:57:16+05:30,Paytm,UPI_PAYMENT,user637017@paytm,utilitypays437@stateban,Punjab National Bank,State Bank of India,MER_290987,UtilityPay Services,Utilities,4900,2108.70,INR,SUCCESS,00,,264202979715,BRN7885326053,UPI,ANDROID,West Bengal,SETTLED,12,false
TXN_20260808_377974,2026-08-08T22:23:24+05:30,Paytm,UPI_PAYMENT,user817106@paytm,medicarepha372@hdfcbank,HDFC Bank,HDFC Bank,MER_140358,MediCare Pharmacy,Pharmacy,5912,1474.65,INR,SUCCESS,00,,710031000995,BRN6211070574,UPI,ANDROID,Madhya Pradesh,PENDING,19,false
TXN_20260807_386219,2026-08-07T04:45:23+05:30,Paytm,UPI_PAYMENT,user807940@paytm,booknest637@canaraba,HDFC Bank,Canara Bank,MER_793891,BookNest,Books,5942,271.04,INR,SUCCESS,00,,217930521704,BRN7147348558,UPI,IOS,West Bengal,SETTLED,25,false
TXN_20260808_261037,2026-08-08T20:58:22+05:30,Paytm,UPI_PAYMENT,user118341@paytm,freshmartre819@indianba,Punjab National Bank,Indian Bank,MER_959341,FreshMart Retail,Grocery,5411,211.93,INR,SUCCESS,00,,821504378487,BRN9098892076,UPI,ANDROID,Telangana,SETTLED,37,false
TXN_20260808_320733,2026-08-08T04:31:08+05:30,Paytm,UPI_PAYMENT,user661749@paytm,medicarepha206@stateban,Axis Bank,State Bank of India,MER_981651,MediCare Pharmacy,Pharmacy,5912,233.72,INR,SUCCESS,00,,356263993762,BRN6718186123,UPI,ANDROID,Haryana,SETTLED,52,false
TXN_20260804_930009,2026-08-04T03:16:00+05:30,Paytm,UPI_PAYMENT,user136969@paytm,homebasket323@stateban,Canara Bank,State Bank of India,MER_607175,HomeBasket,Home & Living,5712,93.62,INR,SUCCESS,00,,101040265972,BRN9890102243,UPI,ANDROID,Haryana,SETTLED,34,false
TXN_20260808_199350,2026-08-08T10:45:06+05:30,Paytm,UPI_PAYMENT,user633371@paytm,stylehubfas68@iciciban,State Bank of India,ICICI Bank,MER_304463,StyleHub Fashion,Apparel,5651,735.09,INR,SUCCESS,00,,808106876416,BRN5697652944,UPI,ANDROID,Maharashtra,SETTLED,20,false
TXN_20260809_414085,2026-08-09T09:00:46+05:30,Paytm,UPI_PAYMENT,user956511@paytm,booknest367@unionban,HDFC Bank,Union Bank of India,MER_747525,BookNest,Books,5942,66.16,INR,SUCCESS,00,,430625374030,BRN1886575369,UPI,ANDROID,West Bengal,SETTLED,23,false
TXN_20260804_663753,2026-08-04T01:57:20+05:30,Paytm,UPI_PAYMENT,user173315@paytm,homebasket106@stateban,Federal Bank,State Bank of India,MER_318509,HomeBasket,Home & Living,5712,184.40,INR,SUCCESS,00,,882011158706,BRN8444815207,UPI,ANDROID,Odisha,PENDING,47,false
TXN_20260805_485114,2026-08-05T04:20:23+05:30,Paytm,UPI_PAYMENT,user826058@paytm,techsquaree571@ucobank,HDFC Bank,UCO Bank,MER_319905,TechSquare Electronics,Electronics,5732,87.01,INR,SUCCESS,00,,124929175639,BRN2644876423,UPI,ANDROID,Bihar,SETTLED,47,false
TXN_20260808_540225,2026-08-08T03:56:41+05:30,Paytm,UPI_PAYMENT,user733789@paytm,freshmartre381@kotakmah,Canara Bank,Kotak Mahindra Bank,MER_279424,FreshMart Retail,Grocery,5411,771.21,INR,SUCCESS,00,,315281891776,BRN8292589984,UPI,ANDROID,Punjab,SETTLED,3,false
TXN_20260808_321813,2026-08-08T14:35:28+05:30,Paytm,UPI_PAYMENT,user110143@paytm,medicarepha704@unionban,HDFC Bank,Union Bank of India,MER_343191,MediCare Pharmacy,Pharmacy,5912,229.61,INR,SUCCESS,00,,299706438807,BRN5911227050,UPI,ANDROID,Delhi,SETTLED,19,false
TXN_20260803_434849,2026-08-03T15:58:17+05:30,Paytm,UPI_PAYMENT,user106335@paytm,techsquaree993@stateban,State Bank of India,State Bank of India,MER_652146,TechSquare Electronics,Electronics,5732,306.06,INR,SUCCESS,00,,949090956611,BRN6451811256,UPI,IOS,Maharashtra,SETTLED,35,false
TXN_20260803_396511,2026-08-03T01:58:35+05:30,Paytm,UPI_PAYMENT,user69838@paytm,cafebrew903@unionban,HDFC Bank,Union Bank of India,MER_583014,Cafe Brew,Cafe,5814,728.88,INR,SUCCESS,00,,899351664871,BRN6602058624,UPI,WEB,Bihar,SETTLED,33,false
TXN_20260808_933088,2026-08-08T04:31:59+05:30,Paytm,UPI_PAYMENT,user802394@paytm,booknest505@bankofba,HDFC Bank,Bank of Baroda,MER_514081,BookNest,Books,5942,104.88,INR,SUCCESS,00,,312458580440,BRN4867430032,UPI,IOS,Uttar Pradesh,SETTLED,27,false
TXN_20260806_719032,2026-08-06T19:16:59+05:30,Paytm,UPI_PAYMENT,user588844@paytm,utilitypays312@kotakmah,State Bank of India,Kotak Mahindra Bank,MER_969959,UtilityPay Services,Utilities,4900,146.82,INR,SUCCESS,00,,231352967202,BRN6502840189,UPI,ANDROID,Uttar Pradesh,SETTLED,32,false
TXN_20260801_807041,2026-08-01T12:25:54+05:30,Paytm,UPI_PAYMENT,user372298@paytm,medicarepha770@idfcfirs,Axis Bank,IDFC FIRST Bank,MER_826084,MediCare Pharmacy,Pharmacy,5912,56.43,INR,SUCCESS,00,,635686761342,BRN2084414392,UPI,ANDROID,Haryana,PENDING,25,false
TXN_20260807_179536,2026-08-07T01:47:42+05:30,Paytm,UPI_PAYMENT,user250079@paytm,quickfuelst938@bankofba,HDFC Bank,Bank of Baroda,MER_880763,QuickFuel Station,Fuel,5541,80.05,INR,SUCCESS,00,,635153496725,BRN7612227868,UPI,ANDROID,West Bengal,PENDING,30,false
TXN_20260804_572753,2026-08-04T14:46:24+05:30,Paytm,UPI_PAYMENT,user877682@paytm,quickfuelst182@federalb,State Bank of India,Federal Bank,MER_895262,QuickFuel Station,Fuel,5541,203.15,INR,SUCCESS,00,,936062472468,BRN7047643819,UPI,IOS,Bihar,SETTLED,38,false
TXN_20260801_675844,2026-08-01T17:37:14+05:30,Paytm,UPI_PAYMENT,user846591@paytm,booknest599@stateban,Axis Bank,State Bank of India,MER_429374,BookNest,Books,5942,96.37,INR,SUCCESS,00,,446185961610,BRN3651799379,UPI,ANDROID,Uttar Pradesh,SETTLED,22,false
TXN_20260802_697401,2026-08-02T02:00:07+05:30,Paytm,UPI_PAYMENT,user986655@paytm,urbaneats804@hdfcbank,ICICI Bank,HDFC Bank,MER_373821,Urban Eats,Restaurant,5812,267.57,INR,SUCCESS,00,,366428312411,BRN5342168638,UPI,ANDROID,Maharashtra,SETTLED,5,false
TXN_20260805_322010,2026-08-05T07:08:44+05:30,Paytm,UPI_PAYMENT,user448480@paytm,techsquaree613@yesbank,HDFC Bank,YES BANK,MER_986350,TechSquare Electronics,Electronics,5732,524.20,INR,SUCCESS,00,,866471149545,BRN8711391982,UPI,ANDROID,Delhi,PENDING,40,false
TXN_20260802_813515,2026-08-02T19:08:35+05:30,Paytm,UPI_PAYMENT,user688267@paytm,quickfuelst569@canaraba,State Bank of India,Canara Bank,MER_892537,QuickFuel Station,Fuel,5541,97.18,INR,SUCCESS,00,,310391954653,BRN9779801448,UPI,ANDROID,Andhra Pradesh,SETTLED,52,false
TXN_20260802_834802,2026-08-02T17:06:36+05:30,Paytm,UPI_PAYMENT,user627123@paytm,mobilerecha677@canaraba,YES BANK,Canara Bank,MER_673684,Mobile Recharge Hub,Telecom,4814,314.24,INR,SUCCESS,00,,554285674280,BRN8678765896,UPI,IOS,Karnataka,SETTLED,23,false
TXN_20260801_172815,2026-08-01T21:03:48+05:30,Paytm,UPI_PAYMENT,user158168@paytm,techsquaree99@iciciban,State Bank of India,ICICI Bank,MER_101903,TechSquare Electronics,Electronics,5732,103.69,INR,SUCCESS,00,,465302071502,BRN9286696849,UPI,IOS,Odisha,SETTLED,16,false
TXN_20260806_560997,2026-08-06T22:56:18+05:30,Paytm,UPI_PAYMENT,user239284@paytm,cafebrew225@kotakmah,HDFC Bank,Kotak Mahindra Bank,MER_420562,Cafe Brew,Cafe,5814,834.06,INR,SUCCESS,00,,511017515407,BRN4298329306,UPI,ANDROID,Madhya Pradesh,PENDING,56,false
TXN_20260805_418475,2026-08-05T23:00:28+05:30,Paytm,UPI_PAYMENT,user420628@paytm,medicarepha357@axisbank,Union Bank of India,Axis Bank,MER_627127,MediCare Pharmacy,Pharmacy,5912,279.13,INR,SUCCESS,00,,762524239822,BRN9264806233,UPI,ANDROID,Rajasthan,SETTLED,38,false
TXN_20260803_240320,2026-08-03T21:34:01+05:30,Paytm,UPI_PAYMENT,user764772@paytm,fitzonegym169@stateban,HDFC Bank,State Bank of India,MER_724546,FitZone Gym,Fitness,7997,348.99,INR,SUCCESS,00,,796686370887,BRN5329691774,UPI,ANDROID,Karnataka,SETTLED,11,false
TXN_20260807_569380,2026-08-07T11:10:38+05:30,Paytm,UPI_PAYMENT,user482581@paytm,homebasket239@idfcfirs,HDFC Bank,IDFC FIRST Bank,MER_646220,HomeBasket,Home & Living,5712,195.80,INR,SUCCESS,00,,417902795597,BRN4804697907,UPI,ANDROID,Tamil Nadu,SETTLED,46,false
TXN_20260804_121683,2026-08-04T04:31:02+05:30,Paytm,UPI_PAYMENT,user376468@paytm,medicarepha39@canaraba,HDFC Bank,Canara Bank,MER_108596,MediCare Pharmacy,Pharmacy,5912,1007.02,INR,SUCCESS,00,,245654336027,BRN9454035832,UPI,IOS,Uttar Pradesh,SETTLED,42,false
TXN_20260805_917662,2026-08-05T08:52:15+05:30,Paytm,UPI_PAYMENT,user603757@paytm,booknest749@kotakmah,State Bank of India,Kotak Mahindra Bank,MER_781479,BookNest,Books,5942,209.65,INR,SUCCESS,00,,710894759857,BRN1146788986,UPI,IOS,Karnataka,SETTLED,52,false
TXN_20260806_694764,2026-08-06T14:50:09+05:30,Paytm,UPI_PAYMENT,user827485@paytm,metromobili902@ausmallf,Kotak Mahindra Bank,AU Small Finance Bank,MER_105762,Metro Mobility,Transport,4121,83.94,INR,SUCCESS,00,,806316630154,BRN5414395885,UPI,ANDROID,Chhattisgarh,SETTLED,2,false
TXN_20260803_126232,2026-08-03T15:25:34+05:30,Paytm,UPI_PAYMENT,user569888@paytm,urbaneats537@stateban,Bank of Baroda,State Bank of India,MER_434129,Urban Eats,Restaurant,5812,104.35,INR,SUCCESS,00,,781435045637,BRN4508636166,UPI,ANDROID,Tamil Nadu,SETTLED,9,false
TXN_20260801_244390,2026-08-01T15:00:43+05:30,Paytm,UPI_PAYMENT,user35374@paytm,edulearnser699@iciciban,HDFC Bank,ICICI Bank,MER_785316,EduLearn Services,Education,8299,77.32,INR,SUCCESS,00,,719612565815,BRN6109663317,UPI,ANDROID,Tamil Nadu,SETTLED,30,false
TXN_20260805_417282,2026-08-05T19:48:57+05:30,Paytm,UPI_PAYMENT,user587126@paytm,homebasket69@bankofba,Punjab National Bank,Bank of Baroda,MER_954605,HomeBasket,Home & Living,5712,85.78,INR,SUCCESS,00,,590696296422,BRN6354879864,UPI,ANDROID,Tamil Nadu,SETTLED,8,false
TXN_20260802_760774,2026-08-02T18:28:21+05:30,Paytm,UPI_PAYMENT,user522540@paytm,metromobili909@bankofba,Axis Bank,Bank of Baroda,MER_646646,Metro Mobility,Transport,4121,184.97,INR,SUCCESS,00,,360538915596,BRN6753610425,UPI,IOS,Jharkhand,SETTLED,10,false
TXN_20260809_882958,2026-08-09T10:54:03+05:30,Paytm,UPI_PAYMENT,user374303@paytm,cafebrew404@canaraba,Bank of Baroda,Canara Bank,MER_308279,Cafe Brew,Cafe,5814,932.09,INR,SUCCESS,00,,686251931958,BRN1909993298,UPI,ANDROID,Delhi,SETTLED,49,false
TXN_20260809_280393,2026-08-09T19:43:59+05:30,Paytm,UPI_PAYMENT,user867037@paytm,booknest555@iciciban,IDFC FIRST Bank,ICICI Bank,MER_745416,BookNest,Books,5942,677.70,INR,SUCCESS,00,,691349069689,BRN5465240766,UPI,ANDROID,Gujarat,SETTLED,33,false
TXN_20260807_641532,2026-08-07T03:45:27+05:30,Paytm,UPI_PAYMENT,user34480@paytm,cafebrew432@stateban,HDFC Bank,State Bank of India,MER_954511,Cafe Brew,Cafe,5814,172.27,INR,SUCCESS,00,,998187346403,BRN8308458619,UPI,ANDROID,Maharashtra,SETTLED,16,false
TXN_20260805_530817,2026-08-05T21:25:52+05:30,Paytm,UPI_PAYMENT,user40874@paytm,cafebrew460@indianba,State Bank of India,Indian Bank,MER_648830,Cafe Brew,Cafe,5814,86.75,INR,SUCCESS,00,,359055738086,BRN9382557492,UPI,ANDROID,Delhi,SETTLED,31,false
TXN_20260809_201794,2026-08-09T05:13:46+05:30,Paytm,UPI_PAYMENT,user373249@paytm,fitzonegym626@iciciban,ICICI Bank,ICICI Bank,MER_427616,FitZone Gym,Fitness,7997,399.22,INR,SUCCESS,00,,364061665465,BRN3873958530,UPI,ANDROID,Madhya Pradesh,SETTLED,15,false
TXN_20260802_760373,2026-08-02T11:11:41+05:30,Paytm,UPI_PAYMENT,user830872@paytm,booknest579@axisbank,HDFC Bank,Axis Bank,MER_285526,BookNest,Books,5942,112.52,INR,SUCCESS,00,,799528640121,BRN3389614145,UPI,ANDROID,Gujarat,SETTLED,30,false
TXN_20260801_715366,2026-08-01T07:09:47+05:30,Paytm,UPI_PAYMENT,user592214@paytm,fitzonegym360@punjabna,Canara Bank,Punjab National Bank,MER_715582,FitZone Gym,Fitness,7997,458.64,INR,SUCCESS,00,,433099931963,BRN3440897562,UPI,ANDROID,Karnataka,SETTLED,27,false
TXN_20260802_767773,2026-08-02T15:25:24+05:30,Paytm,UPI_PAYMENT,user98127@paytm,utilitypays883@stateban,Axis Bank,State Bank of India,MER_372456,UtilityPay Services,Utilities,4900,174.41,INR,SUCCESS,00,,599107793864,BRN2213235606,UPI,ANDROID,Himachal Pradesh,SETTLED,27,false
TXN_20260805_458516,2026-08-05T20:16:55+05:30,Paytm,UPI_PAYMENT,user816666@paytm,homebasket37@indianba,Canara Bank,Indian Bank,MER_176962,HomeBasket,Home & Living,5712,348.46,INR,SUCCESS,00,,472218028732,BRN8265577391,UPI,ANDROID,Andhra Pradesh,SETTLED,29,false
TXN_20260809_420154,2026-08-09T07:16:33+05:30,Paytm,UPI_PAYMENT,user712782@paytm,stylehubfas597@bankofba,ICICI Bank,Bank of Baroda,MER_788915,StyleHub Fashion,Apparel,5651,270.96,INR,SUCCESS,00,,568154403175,BRN5698454794,UPI,IOS,Uttar Pradesh,SETTLED,62,false
TXN_20260806_744339,2026-08-06T02:30:00+05:30,Paytm,UPI_PAYMENT,user795408@paytm,urbaneats970@kotakmah,State Bank of India,Kotak Mahindra Bank,MER_999967,Urban Eats,Restaurant,5812,298.82,INR,SUCCESS,00,,137791316797,BRN6321503691,UPI,IOS,Rajasthan,SETTLED,18,false
TXN_20260806_634708,2026-08-06T21:25:33+05:30,Paytm,UPI_PAYMENT,user889282@paytm,stylehubfas326@punjabna,Axis Bank,Punjab National Bank,MER_475662,StyleHub Fashion,Apparel,5651,154.63,INR,SUCCESS,00,,226855644407,BRN2829136491,UPI,ANDROID,West Bengal,SETTLED,32,false
TXN_20260809_382750,2026-08-09T08:00:53+05:30,Paytm,UPI_PAYMENT,user708589@paytm,utilitypays881@stateban,Punjab National Bank,State Bank of India,MER_805168,UtilityPay Services,Utilities,4900,1779.42,INR,SUCCESS,00,,344726658525,BRN1385196882,UPI,ANDROID,Odisha,SETTLED,19,false
TXN_20260807_394325,2026-08-07T14:32:03+05:30,Paytm,UPI_PAYMENT,user844736@paytm,utilitypays727@ausmallf,Federal Bank,AU Small Finance Bank,MER_525614,UtilityPay Services,Utilities,4900,434.56,INR,SUCCESS,00,,843161622997,BRN4007556599,UPI,ANDROID,Tamil Nadu,PENDING,32,false
TXN_20260803_864225,2026-08-03T01:20:12+05:30,Paytm,UPI_PAYMENT,user263530@paytm,medicarepha21@iciciban,ICICI Bank,ICICI Bank,MER_433297,MediCare Pharmacy,Pharmacy,5912,586.79,INR,SUCCESS,00,,722136234795,BRN1111020406,UPI,ANDROID,Gujarat,SETTLED,48,false
TXN_20260803_688172,2026-08-03T12:03:24+05:30,Paytm,UPI_PAYMENT,user912009@paytm,booknest377@stateban,Axis Bank,State Bank of India,MER_624787,BookNest,Books,5942,128.87,INR,SUCCESS,00,,301886953298,BRN3175461910,UPI,ANDROID,Karnataka,PENDING,9,false
TXN_20260804_606274,2026-08-04T22:53:17+05:30,Paytm,UPI_PAYMENT,user521652@paytm,urbaneats729@iciciban,State Bank of India,ICICI Bank,MER_912586,Urban Eats,Restaurant,5812,344.32,INR,SUCCESS,00,,454195679102,BRN7307962985,UPI,ANDROID,Gujarat,SETTLED,10,false
TXN_20260801_159075,2026-08-01T02:53:48+05:30,Paytm,UPI_PAYMENT,user743727@paytm,homebasket770@unionban,State Bank of India,Union Bank of India,MER_669258,HomeBasket,Home & Living,5712,76.36,INR,SUCCESS,00,,523472817992,BRN1989809745,UPI,ANDROID,Uttar Pradesh,SETTLED,21,false
TXN_20260801_473015,2026-08-01T19:27:45+05:30,Paytm,UPI_PAYMENT,user203481@paytm,cafebrew732@hdfcbank,Union Bank of India,HDFC Bank,MER_674802,Cafe Brew,Cafe,5814,368.02,INR,SUCCESS,00,,113324697964,BRN3905162102,UPI,ANDROID,Madhya Pradesh,SETTLED,20,false
TXN_20260803_855374,2026-08-03T04:10:43+05:30,Paytm,UPI_PAYMENT,user124512@paytm,stylehubfas679@stateban,IndusInd Bank,State Bank of India,MER_746897,StyleHub Fashion,Apparel,5651,524.06,INR,SUCCESS,00,,685231934524,BRN4092016462,UPI,ANDROID,Punjab,SETTLED,31,false
TXN_20260801_194476,2026-08-01T01:53:12+05:30,Paytm,UPI_PAYMENT,user229501@paytm,homebasket297@iciciban,Federal Bank,ICICI Bank,MER_811827,HomeBasket,Home & Living,5712,1141.21,INR,SUCCESS,00,,579602283434,BRN4932687733,UPI,ANDROID,Madhya Pradesh,SETTLED,32,false
TXN_20260807_162373,2026-08-07T04:58:27+05:30,Paytm,UPI_PAYMENT,user708906@paytm,homebasket95@stateban,YES BANK,State Bank of India,MER_704777,HomeBasket,Home & Living,5712,167.27,INR,SUCCESS,00,,732407816853,BRN5589152991,UPI,ANDROID,Karnataka,SETTLED,45,false
TXN_20260807_220159,2026-08-07T04:38:13+05:30,Paytm,UPI_PAYMENT,user172277@paytm,urbaneats402@hdfcbank,IDFC FIRST Bank,HDFC Bank,MER_279073,Urban Eats,Restaurant,5812,302.55,INR,SUCCESS,00,,290335767777,BRN8683987044,UPI,IOS,Uttar Pradesh,SETTLED,45,false
TXN_20260804_329932,2026-08-04T22:19:03+05:30,Paytm,UPI_PAYMENT,user21994@paytm,freshmartre471@yesbank,State Bank of India,YES BANK,MER_387885,FreshMart Retail,Grocery,5411,296.95,INR,SUCCESS,00,,154978470397,BRN1504047480,UPI,ANDROID,Uttar Pradesh,SETTLED,33,false
TXN_20260802_444365,2026-08-02T19:48:49+05:30,Paytm,UPI_PAYMENT,user269056@paytm,techsquaree324@kotakmah,State Bank of India,Kotak Mahindra Bank,MER_272266,TechSquare Electronics,Electronics,5732,103.45,INR,SUCCESS,00,,427705467829,BRN1576636232,UPI,ANDROID,West Bengal,SETTLED,26,false
TXN_20260803_187647,2026-08-03T19:12:07+05:30,Paytm,UPI_PAYMENT,user182227@paytm,quickfuelst388@iciciban,YES BANK,ICICI Bank,MER_880709,QuickFuel Station,Fuel,5541,1027.36,INR,SUCCESS,00,,327273646614,BRN5584381241,UPI,ANDROID,Andhra Pradesh,SETTLED,31,false
TXN_20260809_295639,2026-08-09T17:43:41+05:30,Paytm,UPI_PAYMENT,user838620@paytm,freshmartre729@yesbank,ICICI Bank,YES BANK,MER_443108,FreshMart Retail,Grocery,5411,120.07,INR,SUCCESS,00,,976895872550,BRN9852606582,UPI,ANDROID,Tamil Nadu,SETTLED,30,false
TXN_20260808_632149,2026-08-08T18:36:06+05:30,Paytm,UPI_PAYMENT,user170112@paytm,urbaneats512@punjabna,Axis Bank,Punjab National Bank,MER_481107,Urban Eats,Restaurant,5812,930.12,INR,SUCCESS,00,,984851485515,BRN5967902823,UPI,ANDROID,Delhi,SETTLED,62,false
TXN_20260803_179750,2026-08-03T11:15:59+05:30,Paytm,UPI_PAYMENT,user289696@paytm,cafebrew752@idfcfirs,Bank of Baroda,IDFC FIRST Bank,MER_973502,Cafe Brew,Cafe,5814,135.53,INR,FAILED,U30,INSUFFICIENT_FUNDS,564204629165,,UPI,ANDROID,Rajasthan,NOT_APPLICABLE,48,false
TXN_20260804_238767,2026-08-04T18:09:53+05:30,Paytm,UPI_PAYMENT,user855679@paytm,fitzonegym54@punjabna,Bank of Baroda,Punjab National Bank,MER_476813,FitZone Gym,Fitness,7997,695.58,INR,SUCCESS,00,,580461554780,BRN5510906837,UPI,ANDROID,Delhi,SETTLED,18,false
TXN_20260805_244081,2026-08-05T00:46:07+05:30,Paytm,UPI_PAYMENT,user625458@paytm,quickfuelst100@stateban,HDFC Bank,State Bank of India,MER_577176,QuickFuel Station,Fuel,5541,77.12,INR,SUCCESS,00,,894447693730,BRN2644377047,UPI,ANDROID,Uttar Pradesh,SETTLED,33,false
TXN_20260807_612876,2026-08-07T23:12:57+05:30,Paytm,UPI_PAYMENT,user573143@paytm,fitzonegym842@idfcfirs,Union Bank of India,IDFC FIRST Bank,MER_593420,FitZone Gym,Fitness,7997,98.27,INR,SUCCESS,00,,455749362195,BRN4731668986,UPI,ANDROID,Assam,SETTLED,32,false
TXN_20260807_355192,2026-08-07T14:44:06+05:30,Paytm,UPI_PAYMENT,user982860@paytm,homebasket298@centralb,State Bank of India,Central Bank of India,MER_968501,HomeBasket,Home & Living,5712,486.16,INR,SUCCESS,00,,517355383815,BRN8035661440,UPI,ANDROID,Rajasthan,SETTLED,39,false
TXN_20260803_784964,2026-08-03T05:33:45+05:30,Paytm,UPI_PAYMENT,user536239@paytm,medicarepha17@iciciban,Kotak Mahindra Bank,ICICI Bank,MER_642980,MediCare Pharmacy,Pharmacy,5912,336.10,INR,SUCCESS,00,,802106084366,BRN3122930649,UPI,IOS,Uttar Pradesh,SETTLED,36,false
TXN_20260805_731346,2026-08-05T04:06:21+05:30,Paytm,UPI_PAYMENT,user845385@paytm,quickfuelst633@axisbank,Bank of Baroda,Axis Bank,MER_842020,QuickFuel Station,Fuel,5541,127.56,INR,SUCCESS,00,,923667682508,BRN6216447294,UPI,ANDROID,Madhya Pradesh,SETTLED,16,false
TXN_20260805_296599,2026-08-05T16:02:41+05:30,Paytm,UPI_PAYMENT,user905583@paytm,homebasket773@axisbank,State Bank of India,Axis Bank,MER_761503,HomeBasket,Home & Living,5712,3286.59,INR,SUCCESS,00,,528726072968,BRN2968598404,UPI,ANDROID,Kerala,SETTLED,1,false
TXN_20260805_581542,2026-08-05T16:07:38+05:30,Paytm,UPI_PAYMENT,user976147@paytm,mobilerecha242@stateban,HDFC Bank,State Bank of India,MER_692445,Mobile Recharge Hub,Telecom,4814,115.75,INR,SUCCESS,00,,742085312066,BRN3282380004,UPI,IOS,Tamil Nadu,SETTLED,1,false
TXN_20260806_729963,2026-08-06T03:32:52+05:30,Paytm,UPI_PAYMENT,user15402@paytm,edulearnser210@iciciban,State Bank of India,ICICI Bank,MER_448651,EduLearn Services,Education,8299,877.60,INR,SUCCESS,00,,158482455638,BRN1905594729,UPI,ANDROID,Bihar,SETTLED,45,false
TXN_20260808_293396,2026-08-08T12:11:26+05:30,Paytm,UPI_PAYMENT,user677341@paytm,cafebrew177@stateban,State Bank of India,State Bank of India,MER_763422,Cafe Brew,Cafe,5814,1509.14,INR,SUCCESS,00,,778055260745,BRN2069691023,UPI,ANDROID,Madhya Pradesh,SETTLED,17,false
TXN_20260803_115640,2026-08-03T03:41:30+05:30,Paytm,UPI_PAYMENT,user679893@paytm,edulearnser355@axisbank,Canara Bank,Axis Bank,MER_336627,EduLearn Services,Education,8299,427.74,INR,SUCCESS,00,,578966864336,BRN9147697840,UPI,IOS,Haryana,SETTLED,27,false
TXN_20260807_552202,2026-08-07T19:50:19+05:30,Paytm,UPI_PAYMENT,user431880@paytm,booknest524@kotakmah,Bank of Baroda,Kotak Mahindra Bank,MER_491715,BookNest,Books,5942,496.20,INR,SUCCESS,00,,983315555392,BRN8960719147,UPI,ANDROID,Rajasthan,PENDING,37,false
TXN_20260806_112047,2026-08-06T01:49:48+05:30,Paytm,UPI_PAYMENT,user638679@paytm,utilitypays26@punjabna,Canara Bank,Punjab National Bank,MER_510598,UtilityPay Services,Utilities,4900,75.37,INR,SUCCESS,00,,375000877228,BRN6653341025,UPI,IOS,Karnataka,SETTLED,30,false
TXN_20260808_758201,2026-08-08T14:23:02+05:30,Paytm,UPI_PAYMENT,user285485@paytm,techsquaree982@hdfcbank,Bank of Baroda,HDFC Bank,MER_539164,TechSquare Electronics,Electronics,5732,344.53,INR,SUCCESS,00,,658132357771,BRN7272373109,UPI,ANDROID,Karnataka,SETTLED,42,false
TXN_20260805_976206,2026-08-05T05:48:53+05:30,Paytm,UPI_PAYMENT,user212859@paytm,utilitypays945@bankofba,HDFC Bank,Bank of Baroda,MER_182849,UtilityPay Services,Utilities,4900,744.48,INR,SUCCESS,00,,263281230764,BRN7140197440,UPI,ANDROID,Tamil Nadu,SETTLED,36,false
TXN_20260802_424263,2026-08-02T09:12:09+05:30,Paytm,UPI_PAYMENT,user795423@paytm,cafebrew686@indusind,Axis Bank,IndusInd Bank,MER_877644,Cafe Brew,Cafe,5814,300.75,INR,SUCCESS,00,,404709958002,BRN9564342135,UPI,ANDROID,Odisha,SETTLED,31,false
TXN_20260802_592128,2026-08-02T18:19:48+05:30,Paytm,UPI_PAYMENT,user888656@paytm,booknest486@yesbank,Punjab National Bank,YES BANK,MER_847527,BookNest,Books,5942,270.87,INR,SUCCESS,00,,629694674802,BRN9793361257,UPI,IOS,Bihar,SETTLED,1,false
TXN_20260803_710730,2026-08-03T11:57:59+05:30,Paytm,UPI_PAYMENT,user923323@paytm,stylehubfas70@hdfcbank,Axis Bank,HDFC Bank,MER_338129,StyleHub Fashion,Apparel,5651,464.80,INR,SUCCESS,00,,603294544179,BRN9006364322,UPI,ANDROID,Telangana,SETTLED,1,false
TXN_20260808_940056,2026-08-08T02:21:55+05:30,Paytm,UPI_PAYMENT,user18245@paytm,urbaneats912@indianba,ICICI Bank,Indian Bank,MER_965915,Urban Eats,Restaurant,5812,281.08,INR,SUCCESS,00,,785899387493,BRN7892935104,UPI,IOS,Gujarat,SETTLED,55,false
TXN_20260808_811715,2026-08-08T02:33:29+05:30,Paytm,UPI_PAYMENT,user507308@paytm,medicarepha405@iciciban,ICICI Bank,ICICI Bank,MER_865628,MediCare Pharmacy,Pharmacy,5912,158.84,INR,SUCCESS,00,,577967884298,BRN1579958870,UPI,IOS,Delhi,SETTLED,10,false
TXN_20260808_114631,2026-08-08T11:19:10+05:30,Paytm,UPI_PAYMENT,user463040@paytm,metromobili428@hdfcbank,State Bank of India,HDFC Bank,MER_789369,Metro Mobility,Transport,4121,1130.77,INR,SUCCESS,00,,401583897400,BRN3028457034,UPI,IOS,Bihar,SETTLED,16,false
TXN_20260809_253590,2026-08-09T06:29:47+05:30,Paytm,UPI_PAYMENT,user741656@paytm,medicarepha287@axisbank,HDFC Bank,Axis Bank,MER_127423,MediCare Pharmacy,Pharmacy,5912,99.92,INR,SUCCESS,00,,264554640159,BRN4464135024,UPI,ANDROID,Andhra Pradesh,SETTLED,18,false
TXN_20260801_552924,2026-08-01T13:16:12+05:30,Paytm,UPI_PAYMENT,user410858@paytm,fitzonegym150@stateban,HDFC Bank,State Bank of India,MER_220392,FitZone Gym,Fitness,7997,1045.54,INR,SUCCESS,00,,730755210453,BRN1483064491,UPI,ANDROID,Madhya Pradesh,SETTLED,36,false
TXN_20260803_947442,2026-08-03T05:23:29+05:30,Paytm,UPI_PAYMENT,user474342@paytm,fitzonegym667@indianba,HDFC Bank,Indian Bank,MER_460530,FitZone Gym,Fitness,7997,830.31,INR,SUCCESS,00,,229019130916,BRN3813244780,UPI,ANDROID,Karnataka,PENDING,22,false
TXN_20260805_925454,2026-08-05T20:14:17+05:30,Paytm,UPI_PAYMENT,user615303@paytm,cafebrew954@yesbank,Kotak Mahindra Bank,YES BANK,MER_182015,Cafe Brew,Cafe,5814,224.70,INR,SUCCESS,00,,687176089205,BRN1343433629,UPI,ANDROID,Odisha,SETTLED,41,false
TXN_20260801_195856,2026-08-01T04:20:04+05:30,Paytm,UPI_PAYMENT,user772913@paytm,quickfuelst865@indianba,Punjab National Bank,Indian Bank,MER_162814,QuickFuel Station,Fuel,5541,180.67,INR,SUCCESS,00,,721813464527,BRN3456713182,UPI,ANDROID,Haryana,SETTLED,49,false
TXN_20260804_594751,2026-08-04T16:27:54+05:30,Paytm,UPI_PAYMENT,user155678@paytm,freshmartre212@stateban,HDFC Bank,State Bank of India,MER_150521,FreshMart Retail,Grocery,5411,154.57,INR,SUCCESS,00,,656741564600,BRN8069925371,UPI,ANDROID,Maharashtra,SETTLED,22,false
TXN_20260807_243965,2026-08-07T20:51:26+05:30,Paytm,UPI_PAYMENT,user725997@paytm,booknest320@stateban,IDFC FIRST Bank,State Bank of India,MER_638510,BookNest,Books,5942,51.64,INR,SUCCESS,00,,917877250024,BRN6611950794,UPI,ANDROID,Tamil Nadu,SETTLED,15,false
TXN_20260801_272646,2026-08-01T05:02:07+05:30,Paytm,UPI_PAYMENT,user409680@paytm,cafebrew955@federalb,Indian Overseas Bank,Federal Bank,MER_609043,Cafe Brew,Cafe,5814,158.07,INR,SUCCESS,00,,491125559067,BRN3772207197,UPI,WEB,Chhattisgarh,SETTLED,26,false
TXN_20260806_421669,2026-08-06T00:36:52+05:30,Paytm,UPI_PAYMENT,user247746@paytm,utilitypays784@stateban,State Bank of India,State Bank of India,MER_252827,UtilityPay Services,Utilities,4900,111.23,INR,SUCCESS,00,,653667937540,BRN7792540999,UPI,ANDROID,Delhi,PENDING,21,false
TXN_20260806_483232,2026-08-06T22:34:57+05:30,Paytm,UPI_PAYMENT,user923563@paytm,mobilerecha966@axisbank,IndusInd Bank,Axis Bank,MER_433997,Mobile Recharge Hub,Telecom,4814,234.18,INR,SUCCESS,00,,137585054079,BRN4401933725,UPI,ANDROID,Bihar,SETTLED,32,false
TXN_20260808_245255,2026-08-08T12:07:12+05:30,Paytm,UPI_PAYMENT,user418380@paytm,stylehubfas214@yesbank,Kotak Mahindra Bank,YES BANK,MER_442824,StyleHub Fashion,Apparel,5651,92.21,INR,SUCCESS,00,,896775842782,BRN1343816986,UPI,ANDROID,Odisha,SETTLED,22,false
TXN_20260802_450376,2026-08-02T22:34:13+05:30,Paytm,UPI_PAYMENT,user724906@paytm,metromobili695@iciciban,Axis Bank,ICICI Bank,MER_159712,Metro Mobility,Transport,4121,62.22,INR,SUCCESS,00,,314867444287,BRN5450844863,UPI,ANDROID,Delhi,SETTLED,26,false
TXN_20260801_170591,2026-08-01T20:39:50+05:30,Paytm,UPI_PAYMENT,user233540@paytm,utilitypays441@iciciban,HDFC Bank,ICICI Bank,MER_648554,UtilityPay Services,Utilities,4900,198.11,INR,SUCCESS,00,,878050552826,BRN1113502972,UPI,WEB,Uttar Pradesh,SETTLED,37,false
TXN_20260801_159526,2026-08-01T07:07:54+05:30,Paytm,UPI_PAYMENT,user626424@paytm,quickfuelst235@canaraba,ICICI Bank,Canara Bank,MER_235938,QuickFuel Station,Fuel,5541,286.90,INR,SUCCESS,00,,146279687546,BRN9803229620,UPI,WEB,Punjab,SETTLED,15,false
TXN_20260803_531050,2026-08-03T07:32:46+05:30,Paytm,UPI_PAYMENT,user341962@paytm,freshmartre357@stateban,State Bank of India,State Bank of India,MER_810979,FreshMart Retail,Grocery,5411,320.03,INR,SUCCESS,00,,535733321215,BRN5067211960,UPI,ANDROID,Bihar,SETTLED,4,false
TXN_20260806_944509,2026-08-06T19:09:14+05:30,Paytm,UPI_PAYMENT,user512147@paytm,cafebrew971@iciciban,Kotak Mahindra Bank,ICICI Bank,MER_541994,Cafe Brew,Cafe,5814,162.59,INR,SUCCESS,00,,721852729999,BRN7570263540,UPI,ANDROID,Uttar Pradesh,SETTLED,1,false
TXN_20260801_375263,2026-08-01T13:31:03+05:30,Paytm,UPI_PAYMENT,user161920@paytm,metromobili651@bankofba,Kotak Mahindra Bank,Bank of Baroda,MER_924276,Metro Mobility,Transport,4121,326.23,INR,SUCCESS,00,,782142855585,BRN3641159541,UPI,ANDROID,Punjab,SETTLED,22,false
TXN_20260809_833758,2026-08-09T08:41:31+05:30,Paytm,UPI_PAYMENT,user30957@paytm,medicarepha846@iciciban,HDFC Bank,ICICI Bank,MER_713806,MediCare Pharmacy,Pharmacy,5912,303.85,INR,SUCCESS,00,,294907901748,BRN2396772618,UPI,ANDROID,Bihar,SETTLED,42,false
TXN_20260804_127257,2026-08-04T01:59:41+05:30,Paytm,UPI_PAYMENT,user430169@paytm,stylehubfas123@stateban,Bank of Baroda,State Bank of India,MER_633031,StyleHub Fashion,Apparel,5651,145.28,INR,SUCCESS,00,,503981872543,BRN1695816792,UPI,ANDROID,Uttar Pradesh,PENDING,17,false
TXN_20260805_438395,2026-08-05T00:08:59+05:30,Paytm,UPI_PAYMENT,user261620@paytm,urbaneats519@stateban,Punjab National Bank,State Bank of India,MER_732047,Urban Eats,Restaurant,5812,539.62,INR,FAILED,U17,INVALID_VPA,980292839977,,UPI,IOS,Tamil Nadu,NOT_APPLICABLE,48,false
TXN_20260801_789824,2026-08-01T23:04:09+05:30,Paytm,UPI_PAYMENT,user713857@paytm,mobilerecha733@stateban,Axis Bank,State Bank of India,MER_626213,Mobile Recharge Hub,Telecom,4814,427.13,INR,SUCCESS,00,,369290849165,BRN3836381642,UPI,ANDROID,Tamil Nadu,SETTLED,8,false
TXN_20260808_226315,2026-08-08T21:05:30+05:30,Paytm,UPI_PAYMENT,user979889@paytm,cafebrew757@iciciban,Canara Bank,ICICI Bank,MER_372574,Cafe Brew,Cafe,5814,231.10,INR,SUCCESS,00,,587849693814,BRN4776552651,UPI,ANDROID,Tamil Nadu,SETTLED,11,false
TXN_20260803_737595,2026-08-03T04:30:15+05:30,Paytm,UPI_PAYMENT,user395989@paytm,metromobili73@indusind,Bank of Baroda,IndusInd Bank,MER_838278,Metro Mobility,Transport,4121,240.27,INR,SUCCESS,00,,838125262212,BRN2818072694,UPI,ANDROID,Maharashtra,SETTLED,11,false
TXN_20260804_161724,2026-08-04T22:49:20+05:30,Paytm,UPI_PAYMENT,user816632@paytm,cafebrew945@stateban,ICICI Bank,State Bank of India,MER_513900,Cafe Brew,Cafe,5814,245.65,INR,SUCCESS,00,,617288857413,BRN8991924141,UPI,ANDROID,Assam,SETTLED,23,false
TXN_20260807_891784,2026-08-07T20:39:04+05:30,Paytm,UPI_PAYMENT,user455517@paytm,booknest555@stateban,Kotak Mahindra Bank,State Bank of India,MER_839791,BookNest,Books,5942,557.53,INR,SUCCESS,00,,891511280187,BRN6740540768,UPI,IOS,Karnataka,SETTLED,46,false
TXN_20260803_613744,2026-08-03T12:50:25+05:30,Paytm,UPI_PAYMENT,user181841@paytm,utilitypays426@hdfcbank,HDFC Bank,HDFC Bank,MER_562144,UtilityPay Services,Utilities,4900,81.91,INR,SUCCESS,00,,847989022861,BRN3570365898,UPI,ANDROID,Uttar Pradesh,SETTLED,28,false
TXN_20260809_270043,2026-08-09T04:36:50+05:30,Paytm,UPI_PAYMENT,user492608@paytm,metromobili250@punjabna,HDFC Bank,Punjab National Bank,MER_440644,Metro Mobility,Transport,4121,73.41,INR,PENDING,P01,,919949170268,BRN1389826157,UPI,IOS,Kerala,PENDING,1,false
TXN_20260804_189688,2026-08-04T00:39:17+05:30,Paytm,UPI_PAYMENT,user661131@paytm,fitzonegym915@iciciban,Union Bank of India,ICICI Bank,MER_387770,FitZone Gym,Fitness,7997,317.00,INR,SUCCESS,00,,406982145798,BRN6119578811,UPI,WEB,Maharashtra,SETTLED,44,false
TXN_20260807_180560,2026-08-07T16:02:00+05:30,Paytm,UPI_PAYMENT,user675560@paytm,medicarepha446@stateban,Bank of Baroda,State Bank of India,MER_872126,MediCare Pharmacy,Pharmacy,5912,245.05,INR,SUCCESS,00,,304790261900,BRN9854435744,UPI,IOS,Uttar Pradesh,SETTLED,23,false
TXN_20260803_180079,2026-08-03T09:16:43+05:30,Paytm,UPI_PAYMENT,user67371@paytm,booknest231@axisbank,YES BANK,Axis Bank,MER_338119,BookNest,Books,5942,836.88,INR,SUCCESS,00,,260758554298,BRN3873682951,UPI,ANDROID,Tamil Nadu,SETTLED,17,false
TXN_20260807_713028,2026-08-07T10:56:24+05:30,Paytm,UPI_PAYMENT,user791868@paytm,cafebrew845@stateban,Punjab National Bank,State Bank of India,MER_169723,Cafe Brew,Cafe,5814,161.62,INR,SUCCESS,00,,692794904011,BRN6993902392,UPI,IOS,Madhya Pradesh,SETTLED,20,false
TXN_20260808_909947,2026-08-08T14:19:40+05:30,Paytm,UPI_PAYMENT,user688365@paytm,cafebrew827@idfcfirs,ICICI Bank,IDFC FIRST Bank,MER_859596,Cafe Brew,Cafe,5814,286.27,INR,SUCCESS,00,,908392300139,BRN8615905795,UPI,IOS,Karnataka,SETTLED,21,false
TXN_20260805_298944,2026-08-05T22:08:21+05:30,Paytm,UPI_PAYMENT,user277474@paytm,utilitypays458@yesbank,Central Bank of India,YES BANK,MER_376129,UtilityPay Services,Utilities,4900,32.95,INR,SUCCESS,00,,847943766701,BRN1199178491,UPI,IOS,Madhya Pradesh,SETTLED,37,false
TXN_20260804_534905,2026-08-04T13:11:53+05:30,Paytm,UPI_PAYMENT,user110430@paytm,metromobili845@iciciban,HDFC Bank,ICICI Bank,MER_657922,Metro Mobility,Transport,4121,79.19,INR,SUCCESS,00,,903072844851,BRN7775794783,UPI,ANDROID,Haryana,SETTLED,46,false
TXN_20260804_332750,2026-08-04T09:50:57+05:30,Paytm,UPI_PAYMENT,user759921@paytm,urbaneats130@indianov,Kotak Mahindra Bank,Indian Overseas Bank,MER_510889,Urban Eats,Restaurant,5812,297.25,INR,SUCCESS,00,,681034975481,BRN1600981259,UPI,ANDROID,Delhi,SETTLED,17,false
TXN_20260802_379174,2026-08-02T16:10:49+05:30,Paytm,UPI_PAYMENT,user9225@paytm,fitzonegym63@axisbank,Union Bank of India,Axis Bank,MER_918237,FitZone Gym,Fitness,7997,1088.46,INR,SUCCESS,00,,274153522052,BRN4127720020,UPI,ANDROID,Chhattisgarh,SETTLED,14,false
TXN_20260804_131170,2026-08-04T07:38:39+05:30,Paytm,UPI_PAYMENT,user935663@paytm,medicarepha423@iciciban,Bank of India,ICICI Bank,MER_660524,MediCare Pharmacy,Pharmacy,5912,178.87,INR,SUCCESS,00,,286932383515,BRN1372712495,UPI,ANDROID,Haryana,SETTLED,21,false
TXN_20260809_127212,2026-08-09T00:49:47+05:30,Paytm,UPI_PAYMENT,user964307@paytm,metromobili258@stateban,State Bank of India,State Bank of India,MER_287917,Metro Mobility,Transport,4121,250.90,INR,SUCCESS,00,,364274233795,BRN5576403352,UPI,IOS,West Bengal,SETTLED,59,false
TXN_20260805_965123,2026-08-05T23:02:04+05:30,Paytm,UPI_PAYMENT,user871348@paytm,techsquaree809@bandhanb,ICICI Bank,Bandhan Bank,MER_864509,TechSquare Electronics,Electronics,5732,403.80,INR,SUCCESS,00,,461972012128,BRN9705378948,UPI,ANDROID,Gujarat,SETTLED,9,false
TXN_20260808_292167,2026-08-08T01:31:09+05:30,Paytm,UPI_PAYMENT,user974106@paytm,edulearnser382@idfcfirs,Bank of Baroda,IDFC FIRST Bank,MER_686288,EduLearn Services,Education,8299,571.62,INR,SUCCESS,00,,299436065025,BRN3813766666,UPI,IOS,Chhattisgarh,SETTLED,35,false
TXN_20260807_309386,2026-08-07T01:38:44+05:30,Paytm,UPI_PAYMENT,user512714@paytm,freshmartre207@idfcfirs,Canara Bank,IDFC FIRST Bank,MER_939072,FreshMart Retail,Grocery,5411,2868.79,INR,SUCCESS,00,,689815485303,BRN6270295098,UPI,ANDROID,Chhattisgarh,SETTLED,21,false
TXN_20260809_385553,2026-08-09T01:11:47+05:30,Paytm,UPI_PAYMENT,user727274@paytm,techsquaree28@kotakmah,Union Bank of India,Kotak Mahindra Bank,MER_435121,TechSquare Electronics,Electronics,5732,298.50,INR,SUCCESS,00,,301116400811,BRN9822977362,UPI,ANDROID,Bihar,SETTLED,23,false
TXN_20260803_661337,2026-08-03T10:39:01+05:30,Paytm,UPI_PAYMENT,user343500@paytm,freshmartre189@unionban,State Bank of India,Union Bank of India,MER_673492,FreshMart Retail,Grocery,5411,73.55,INR,SUCCESS,00,,289162809321,BRN5410358744,UPI,ANDROID,Madhya Pradesh,SETTLED,3,false
TXN_20260808_320474,2026-08-08T16:52:29+05:30,Paytm,UPI_PAYMENT,user312484@paytm,fitzonegym447@hdfcbank,State Bank of India,HDFC Bank,MER_527269,FitZone Gym,Fitness,7997,441.51,INR,SUCCESS,00,,744839188056,BRN5912131974,UPI,ANDROID,Uttar Pradesh,SETTLED,3,false
TXN_20260809_686010,2026-08-09T11:49:35+05:30,Paytm,UPI_PAYMENT,user671287@paytm,metromobili249@stateban,HDFC Bank,State Bank of India,MER_689352,Metro Mobility,Transport,4121,226.91,INR,SUCCESS,00,,787173137292,BRN6880696656,UPI,ANDROID,Maharashtra,SETTLED,19,false
TXN_20260805_879507,2026-08-05T19:14:46+05:30,Paytm,UPI_PAYMENT,user639997@paytm,homebasket849@unionban,Union Bank of India,Union Bank of India,MER_903718,HomeBasket,Home & Living,5712,167.58,INR,SUCCESS,00,,533163395078,BRN3331807683,UPI,ANDROID,Gujarat,SETTLED,29,false
TXN_20260809_303104,2026-08-09T12:19:06+05:30,Paytm,UPI_PAYMENT,user316873@paytm,utilitypays736@iciciban,HDFC Bank,ICICI Bank,MER_858313,UtilityPay Services,Utilities,4900,2163.84,INR,SUCCESS,00,,125359999370,BRN9692561958,UPI,ANDROID,Tamil Nadu,SETTLED,1,false
TXN_20260803_642703,2026-08-03T11:16:10+05:30,Paytm,UPI_PAYMENT,user25771@paytm,techsquaree842@stateban,Punjab National Bank,State Bank of India,MER_355070,TechSquare Electronics,Electronics,5732,148.43,INR,SUCCESS,00,,682055350709,BRN3916321347,UPI,IOS,Punjab,SETTLED,48,false
TXN_20260802_796624,2026-08-02T04:37:53+05:30,Paytm,UPI_PAYMENT,user223302@paytm,metromobili392@axisbank,AU Small Finance Bank,Axis Bank,MER_515104,Metro Mobility,Transport,4121,117.10,INR,SUCCESS,00,,827303739987,BRN4212359339,UPI,IOS,Rajasthan,SETTLED,7,false
TXN_20260806_687557,2026-08-06T05:43:20+05:30,Paytm,UPI_PAYMENT,user247277@paytm,medicarepha864@stateban,YES BANK,State Bank of India,MER_160366,MediCare Pharmacy,Pharmacy,5912,267.38,INR,SUCCESS,00,,429335641197,BRN6952859740,UPI,IOS,Rajasthan,PENDING,5,false
TXN_20260803_144703,2026-08-03T09:34:18+05:30,Paytm,UPI_PAYMENT,user42578@paytm,metromobili165@axisbank,Bank of Baroda,Axis Bank,MER_926024,Metro Mobility,Transport,4121,822.12,INR,SUCCESS,00,,522235854459,BRN2159348289,UPI,IOS,Odisha,SETTLED,9,false
TXN_20260807_780329,2026-08-07T13:54:50+05:30,Paytm,UPI_PAYMENT,user946598@paytm,edulearnser460@iciciban,State Bank of India,ICICI Bank,MER_661650,EduLearn Services,Education,8299,449.95,INR,SUCCESS,00,,732027417609,BRN3212406907,UPI,ANDROID,Gujarat,SETTLED,40,false
TXN_20260801_421231,2026-08-01T20:34:16+05:30,Paytm,UPI_PAYMENT,user983939@paytm,cafebrew44@stateban,HDFC Bank,State Bank of India,MER_807086,Cafe Brew,Cafe,5814,82.16,INR,SUCCESS,00,,875221167539,BRN6610147712,UPI,ANDROID,Punjab,PENDING,1,false
TXN_20260801_205053,2026-08-01T12:44:53+05:30,Paytm,UPI_PAYMENT,user41258@paytm,mobilerecha413@unionban,HDFC Bank,Union Bank of India,MER_523643,Mobile Recharge Hub,Telecom,4814,30.41,INR,SUCCESS,00,,283080550037,BRN1642400770,UPI,IOS,Tamil Nadu,SETTLED,46,false
TXN_20260802_792510,2026-08-02T17:18:31+05:30,Paytm,UPI_PAYMENT,user843689@paytm,stylehubfas349@kotakmah,Kotak Mahindra Bank,Kotak Mahindra Bank,MER_769997,StyleHub Fashion,Apparel,5651,477.27,INR,REVERSED,00,,695484981107,BRN1839326219,UPI,ANDROID,Odisha,REVERSED,1,false
TXN_20260806_391586,2026-08-06T10:05:37+05:30,Paytm,UPI_PAYMENT,user98188@paytm,mobilerecha595@kotakmah,Kotak Mahindra Bank,Kotak Mahindra Bank,MER_609013,Mobile Recharge Hub,Telecom,4814,686.95,INR,SUCCESS,00,,160477944817,BRN4385739934,UPI,ANDROID,Delhi,SETTLED,43,false
TXN_20260805_479396,2026-08-05T18:05:58+05:30,Paytm,UPI_PAYMENT,user535977@paytm,cafebrew519@kotakmah,Bank of India,Kotak Mahindra Bank,MER_982963,Cafe Brew,Cafe,5814,62.92,INR,SUCCESS,00,,571338893437,BRN8070306390,UPI,ANDROID,Rajasthan,SETTLED,10,false
TXN_20260805_323983,2026-08-05T23:45:56+05:30,Paytm,UPI_PAYMENT,user275883@paytm,fitzonegym951@bankofin,Union Bank of India,Bank of India,MER_508914,FitZone Gym,Fitness,7997,62.72,INR,SUCCESS,00,,745097785398,BRN7314545968,UPI,WEB,Gujarat,SETTLED,37,false
TXN_20260801_255157,2026-08-01T06:01:11+05:30,Paytm,UPI_PAYMENT,user81429@paytm,freshmartre818@hdfcbank,Bank of Baroda,HDFC Bank,MER_974050,FreshMart Retail,Grocery,5411,767.54,INR,SUCCESS,00,,159952634233,BRN6492105688,UPI,ANDROID,Bihar,SETTLED,22,false
TXN_20260809_667661,2026-08-09T12:17:48+05:30,Paytm,UPI_PAYMENT,user224944@paytm,mobilerecha360@stateban,State Bank of India,State Bank of India,MER_447032,Mobile Recharge Hub,Telecom,4814,988.56,INR,SUCCESS,00,,189052799779,BRN3210903907,UPI,ANDROID,Maharashtra,SETTLED,37,false
TXN_20260808_286884,2026-08-08T23:16:12+05:30,Paytm,UPI_PAYMENT,user70775@paytm,booknest242@bankofba,State Bank of India,Bank of Baroda,MER_122818,BookNest,Books,5942,667.35,INR,SUCCESS,00,,307558696736,BRN9760406558,UPI,ANDROID,Uttar Pradesh,SETTLED,12,false
TXN_20260801_194776,2026-08-01T17:36:50+05:30,Paytm,UPI_PAYMENT,user519110@paytm,stylehubfas379@hdfcbank,HDFC Bank,HDFC Bank,MER_555676,StyleHub Fashion,Apparel,5651,599.91,INR,SUCCESS,00,,748489343604,BRN2001027791,UPI,ANDROID,Gujarat,SETTLED,6,false
TXN_20260803_630502,2026-08-03T15:46:24+05:30,Paytm,UPI_PAYMENT,user247310@paytm,fitzonegym88@axisbank,State Bank of India,Axis Bank,MER_303216,FitZone Gym,Fitness,7997,130.13,INR,SUCCESS,00,,440090346837,BRN6683836247,UPI,ANDROID,Chhattisgarh,SETTLED,14,false
TXN_20260808_380481,2026-08-08T10:46:54+05:30,Paytm,UPI_PAYMENT,user406742@paytm,homebasket250@axisbank,HDFC Bank,Axis Bank,MER_792807,HomeBasket,Home & Living,5712,435.73,INR,SUCCESS,00,,198557892855,BRN9702323495,UPI,ANDROID,Andhra Pradesh,PENDING,66,false
TXN_20260804_941041,2026-08-04T21:36:43+05:30,Paytm,UPI_PAYMENT,user504226@paytm,edulearnser460@indianba,HDFC Bank,Indian Bank,MER_845078,EduLearn Services,Education,8299,249.45,INR,SUCCESS,00,,945794210674,BRN1999108964,UPI,ANDROID,Maharashtra,SETTLED,33,false
TXN_20260806_518248,2026-08-06T01:40:31+05:30,Paytm,UPI_PAYMENT,user390803@paytm,fitzonegym818@hdfcbank,HDFC Bank,HDFC Bank,MER_815945,FitZone Gym,Fitness,7997,50.01,INR,SUCCESS,00,,153385940496,BRN8286677235,UPI,ANDROID,West Bengal,SETTLED,24,false
TXN_20260803_158329,2026-08-03T11:46:32+05:30,Paytm,UPI_PAYMENT,user14371@paytm,stylehubfas921@iciciban,Axis Bank,ICICI Bank,MER_199215,StyleHub Fashion,Apparel,5651,188.71,INR,SUCCESS,00,,924450955161,BRN7191938167,UPI,ANDROID,Haryana,SETTLED,16,false
TXN_20260808_870588,2026-08-08T23:53:16+05:30,Paytm,UPI_PAYMENT,user522257@paytm,metromobili362@stateban,State Bank of India,State Bank of India,MER_510610,Metro Mobility,Transport,4121,326.20,INR,SUCCESS,00,,887727837438,BRN4338516569,UPI,ANDROID,Punjab,SETTLED,1,false
TXN_20260806_683226,2026-08-06T06:49:49+05:30,Paytm,UPI_PAYMENT,user502481@paytm,medicarepha814@hdfcbank,Union Bank of India,HDFC Bank,MER_824623,MediCare Pharmacy,Pharmacy,5912,233.35,INR,SUCCESS,00,,187021517587,BRN7277780993,UPI,IOS,Chhattisgarh,SETTLED,25,false
TXN_20260808_686275,2026-08-08T22:07:29+05:30,Paytm,UPI_PAYMENT,user940133@paytm,freshmartre512@iciciban,ICICI Bank,ICICI Bank,MER_601199,FreshMart Retail,Grocery,5411,220.01,INR,SUCCESS,00,,489865225268,BRN7308836508,UPI,IOS,Tamil Nadu,SETTLED,13,false
TXN_20260801_932936,2026-08-01T10:14:04+05:30,Paytm,UPI_PAYMENT,user303562@paytm,stylehubfas847@axisbank,IDFC FIRST Bank,Axis Bank,MER_943903,StyleHub Fashion,Apparel,5651,600.55,INR,SUCCESS,00,,167218202553,BRN4906928083,UPI,ANDROID,Delhi,SETTLED,26,false
TXN_20260803_823706,2026-08-03T03:00:10+05:30,Paytm,UPI_PAYMENT,user959440@paytm,quickfuelst160@bankofba,HDFC Bank,Bank of Baroda,MER_863549,QuickFuel Station,Fuel,5541,85.10,INR,SUCCESS,00,,582882243734,BRN7038869637,UPI,IOS,Karnataka,PENDING,40,false
TXN_20260804_841567,2026-08-04T08:20:00+05:30,Paytm,UPI_PAYMENT,user853844@paytm,booknest523@iciciban,Union Bank of India,ICICI Bank,MER_499324,BookNest,Books,5942,38.29,INR,SUCCESS,00,,952421340087,BRN4814999684,UPI,ANDROID,Telangana,SETTLED,29,false
TXN_20260801_501752,2026-08-01T03:31:15+05:30,Paytm,UPI_PAYMENT,user380887@paytm,edulearnser277@axisbank,Punjab National Bank,Axis Bank,MER_530775,EduLearn Services,Education,8299,229.26,INR,SUCCESS,00,,315499048962,BRN8340620691,UPI,ANDROID,Jharkhand,SETTLED,30,false
TXN_20260802_562757,2026-08-02T11:40:35+05:30,Paytm,UPI_PAYMENT,user490851@paytm,cafebrew371@bankofba,IndusInd Bank,Bank of Baroda,MER_627310,Cafe Brew,Cafe,5814,17.81,INR,SUCCESS,00,,378293180086,BRN4142664054,UPI,IOS,Bihar,SETTLED,26,false
TXN_20260809_599845,2026-08-09T15:33:53+05:30,Paytm,UPI_PAYMENT,user447058@paytm,freshmartre645@stateban,HDFC Bank,State Bank of India,MER_700248,FreshMart Retail,Grocery,5411,97.48,INR,SUCCESS,00,,954288207039,BRN3289972875,UPI,ANDROID,Kerala,SETTLED,75,false
TXN_20260804_594629,2026-08-04T18:53:56+05:30,Paytm,UPI_PAYMENT,user23349@paytm,homebasket865@bandhanb,Punjab National Bank,Bandhan Bank,MER_197080,HomeBasket,Home & Living,5712,91.68,INR,SUCCESS,00,,182778571509,BRN3525385868,UPI,IOS,Odisha,SETTLED,18,false
TXN_20260806_233760,2026-08-06T10:10:18+05:30,Paytm,UPI_PAYMENT,user711306@paytm,metromobili281@hdfcbank,Punjab National Bank,HDFC Bank,MER_944572,Metro Mobility,Transport,4121,367.95,INR,SUCCESS,00,,429506584015,BRN9556918274,UPI,IOS,Tamil Nadu,SETTLED,22,false
TXN_20260809_851754,2026-08-09T14:01:18+05:30,Paytm,UPI_PAYMENT,user481303@paytm,metromobili810@idfcfirs,HDFC Bank,IDFC FIRST Bank,MER_719214,Metro Mobility,Transport,4121,437.34,INR,SUCCESS,00,,115784187808,BRN1981224180,UPI,ANDROID,Bihar,SETTLED,1,false
TXN_20260803_109213,2026-08-03T07:23:29+05:30,Paytm,UPI_PAYMENT,user579876@paytm,edulearnser829@stateban,Bank of Baroda,State Bank of India,MER_387710,EduLearn Services,Education,8299,348.35,INR,SUCCESS,00,,873645835076,BRN9382814837,UPI,ANDROID,Maharashtra,SETTLED,29,false
TXN_20260805_681363,2026-08-05T19:56:12+05:30,Paytm,UPI_PAYMENT,user56244@paytm,techsquaree970@stateban,Bank of Baroda,State Bank of India,MER_459199,TechSquare Electronics,Electronics,5732,237.11,INR,SUCCESS,00,,882839551141,BRN9546536476,UPI,ANDROID,Karnataka,PENDING,5,false
TXN_20260804_290142,2026-08-04T21:52:37+05:30,Paytm,UPI_PAYMENT,user741333@paytm,mobilerecha462@hdfcbank,Kotak Mahindra Bank,HDFC Bank,MER_525003,Mobile Recharge Hub,Telecom,4814,321.71,INR,SUCCESS,00,,755059010857,BRN7772464959,UPI,WEB,Madhya Pradesh,SETTLED,76,false
TXN_20260805_288229,2026-08-05T06:47:32+05:30,Paytm,UPI_PAYMENT,user740259@paytm,techsquaree283@iciciban,Kotak Mahindra Bank,ICICI Bank,MER_317358,TechSquare Electronics,Electronics,5732,78.11,INR,SUCCESS,00,,828984122262,BRN8629500382,UPI,ANDROID,West Bengal,SETTLED,48,false
TXN_20260801_406379,2026-08-01T01:48:56+05:30,Paytm,UPI_PAYMENT,user116665@paytm,cafebrew648@hdfcbank,Bank of Baroda,HDFC Bank,MER_394555,Cafe Brew,Cafe,5814,886.32,INR,SUCCESS,00,,440922987649,BRN5122257002,UPI,ANDROID,Andhra Pradesh,SETTLED,45,false
TXN_20260804_837554,2026-08-04T15:34:46+05:30,Paytm,UPI_PAYMENT,user627317@paytm,urbaneats12@hdfcbank,HDFC Bank,HDFC Bank,MER_776784,Urban Eats,Restaurant,5812,421.34,INR,SUCCESS,00,,147046922121,BRN8996289894,UPI,ANDROID,Andhra Pradesh,SETTLED,40,false
TXN_20260801_293952,2026-08-01T17:09:04+05:30,Paytm,UPI_PAYMENT,user249766@paytm,cafebrew564@hdfcbank,Canara Bank,HDFC Bank,MER_276890,Cafe Brew,Cafe,5814,654.54,INR,SUCCESS,00,,365386765099,BRN7955073147,UPI,ANDROID,Maharashtra,SETTLED,42,false
TXN_20260802_740064,2026-08-02T15:43:47+05:30,Paytm,UPI_PAYMENT,user719434@paytm,quickfuelst375@idfcfirs,State Bank of India,IDFC FIRST Bank,MER_404300,QuickFuel Station,Fuel,5541,431.32,INR,SUCCESS,00,,923410304393,BRN7636375047,UPI,ANDROID,Gujarat,SETTLED,58,false
TXN_20260802_173066,2026-08-02T13:17:01+05:30,Paytm,UPI_PAYMENT,user724094@paytm,techsquaree426@punjabna,Bank of Baroda,Punjab National Bank,MER_167648,TechSquare Electronics,Electronics,5732,425.48,INR,SUCCESS,00,,298949411929,BRN2529883618,UPI,ANDROID,Jharkhand,PENDING,39,false
TXN_20260802_519432,2026-08-02T15:58:43+05:30,Paytm,UPI_PAYMENT,user822182@paytm,booknest520@iciciban,HDFC Bank,ICICI Bank,MER_174615,BookNest,Books,5942,465.32,INR,SUCCESS,00,,101572984844,BRN9912450322,UPI,IOS,Uttar Pradesh,PENDING,70,false
TXN_20260806_297242,2026-08-06T05:38:14+05:30,Paytm,UPI_PAYMENT,user237172@paytm,booknest53@iciciban,Indian Overseas Bank,ICICI Bank,MER_670060,BookNest,Books,5942,95.46,INR,SUCCESS,00,,523846322129,BRN5487848668,UPI,ANDROID,Maharashtra,SETTLED,34,false
TXN_20260808_369574,2026-08-08T23:45:23+05:30,Paytm,UPI_PAYMENT,user480053@paytm,cafebrew801@canaraba,State Bank of India,Canara Bank,MER_569445,Cafe Brew,Cafe,5814,27.44,INR,SUCCESS,00,,256683793496,BRN1069638656,UPI,ANDROID,Uttar Pradesh,SETTLED,1,false
TXN_20260806_184777,2026-08-06T13:34:10+05:30,Paytm,UPI_PAYMENT,user361792@paytm,metromobili435@axisbank,ICICI Bank,Axis Bank,MER_853489,Metro Mobility,Transport,4121,80.07,INR,SUCCESS,00,,939623429380,BRN1520999077,UPI,ANDROID,Rajasthan,SETTLED,50,false
TXN_20260801_436802,2026-08-01T06:25:37+05:30,Paytm,UPI_PAYMENT,user865051@paytm,edulearnser753@indianov,Bank of India,Indian Overseas Bank,MER_703030,EduLearn Services,Education,8299,107.80,INR,SUCCESS,00,,619801672045,BRN8914838252,UPI,ANDROID,Karnataka,SETTLED,1,false
TXN_20260801_657814,2026-08-01T17:36:04+05:30,Paytm,UPI_PAYMENT,user504617@paytm,urbaneats667@stateban,HDFC Bank,State Bank of India,MER_419825,Urban Eats,Restaurant,5812,18.87,INR,SUCCESS,00,,268419713886,BRN9923117848,UPI,ANDROID,Himachal Pradesh,SETTLED,60,false
TXN_20260809_598438,2026-08-09T14:40:28+05:30,Paytm,UPI_PAYMENT,user80750@paytm,urbaneats753@punjabna,Union Bank of India,Punjab National Bank,MER_897681,Urban Eats,Restaurant,5812,141.54,INR,SUCCESS,00,,962856377744,BRN5706740258,UPI,ANDROID,Maharashtra,SETTLED,30,false
TXN_20260803_756705,2026-08-03T01:19:26+05:30,Paytm,UPI_PAYMENT,user44973@paytm,quickfuelst968@punjabna,State Bank of India,Punjab National Bank,MER_750689,QuickFuel Station,Fuel,5541,647.84,INR,SUCCESS,00,,834479230236,BRN7894913738,UPI,ANDROID,West Bengal,SETTLED,40,false
TXN_20260805_677931,2026-08-05T17:39:49+05:30,Paytm,UPI_PAYMENT,user414909@paytm,stylehubfas674@stateban,Punjab National Bank,State Bank of India,MER_482574,StyleHub Fashion,Apparel,5651,479.97,INR,SUCCESS,00,,369931556340,BRN5372281965,UPI,ANDROID,Gujarat,SETTLED,3,false
TXN_20260801_880938,2026-08-01T23:40:46+05:30,Paytm,UPI_PAYMENT,user714085@paytm,quickfuelst276@bankofba,ICICI Bank,Bank of Baroda,MER_197757,QuickFuel Station,Fuel,5541,61.48,INR,SUCCESS,00,,221387407441,BRN3424771423,UPI,IOS,Uttar Pradesh,SETTLED,1,false
TXN_20260802_361685,2026-08-02T05:00:54+05:30,Paytm,UPI_PAYMENT,user225433@paytm,cafebrew230@iciciban,IDFC FIRST Bank,ICICI Bank,MER_274534,Cafe Brew,Cafe,5814,86.79,INR,SUCCESS,00,,282638721394,BRN3760467993,UPI,ANDROID,Delhi,SETTLED,25,false
TXN_20260807_398994,2026-08-07T20:51:03+05:30,Paytm,UPI_PAYMENT,user91477@paytm,quickfuelst938@stateban,Canara Bank,State Bank of India,MER_744531,QuickFuel Station,Fuel,5541,267.26,INR,SUCCESS,00,,874652744282,BRN3212896309,UPI,ANDROID,Chhattisgarh,SETTLED,47,false
TXN_20260809_929279,2026-08-09T16:42:59+05:30,Paytm,UPI_PAYMENT,user646910@paytm,stylehubfas808@hdfcbank,ICICI Bank,HDFC Bank,MER_741717,StyleHub Fashion,Apparel,5651,339.18,INR,SUCCESS,00,,450692472634,BRN6368846629,UPI,ANDROID,Telangana,SETTLED,22,false
TXN_20260804_386207,2026-08-04T03:42:35+05:30,Paytm,UPI_PAYMENT,user473313@paytm,homebasket158@iciciban,HDFC Bank,ICICI Bank,MER_283795,HomeBasket,Home & Living,5712,119.55,INR,SUCCESS,00,,827632232629,BRN7362735871,UPI,ANDROID,Rajasthan,SETTLED,30,false
TXN_20260805_198190,2026-08-05T03:07:53+05:30,Paytm,UPI_PAYMENT,user963432@paytm,urbaneats749@hdfcbank,Canara Bank,HDFC Bank,MER_208317,Urban Eats,Restaurant,5812,270.31,INR,SUCCESS,00,,842154398288,BRN9868344026,UPI,ANDROID,Uttar Pradesh,SETTLED,34,false
TXN_20260805_303005,2026-08-05T06:52:09+05:30,Paytm,UPI_PAYMENT,user849741@paytm,cafebrew479@stateban,HDFC Bank,State Bank of India,MER_644857,Cafe Brew,Cafe,5814,219.10,INR,PENDING,P01,,943836439459,BRN2156426996,UPI,ANDROID,Bihar,PENDING,23,false
TXN_20260809_965043,2026-08-09T10:31:19+05:30,Paytm,UPI_PAYMENT,user418723@paytm,medicarepha383@unionban,State Bank of India,Union Bank of India,MER_978184,MediCare Pharmacy,Pharmacy,5912,642.33,INR,SUCCESS,00,,309604246096,BRN8927275628,UPI,ANDROID,Maharashtra,SETTLED,42,false
TXN_20260808_234641,2026-08-08T15:16:59+05:30,Paytm,UPI_PAYMENT,user139733@paytm,stylehubfas929@axisbank,State Bank of India,Axis Bank,MER_709660,StyleHub Fashion,Apparel,5651,1208.45,INR,SUCCESS,00,,884358906172,BRN4989702457,UPI,IOS,West Bengal,SETTLED,60,false
TXN_20260806_592309,2026-08-06T00:33:48+05:30,Paytm,UPI_PAYMENT,user524341@paytm,fitzonegym633@iciciban,State Bank of India,ICICI Bank,MER_843502,FitZone Gym,Fitness,7997,385.48,INR,SUCCESS,00,,582766461533,BRN7044340406,UPI,ANDROID,Madhya Pradesh,SETTLED,25,false
TXN_20260803_395239,2026-08-03T10:03:48+05:30,Paytm,UPI_PAYMENT,user297667@paytm,mobilerecha159@hdfcbank,Canara Bank,HDFC Bank,MER_859912,Mobile Recharge Hub,Telecom,4814,55.50,INR,SUCCESS,00,,699180643546,BRN4335159990,UPI,ANDROID,Bihar,SETTLED,28,false
TXN_20260808_230806,2026-08-08T20:54:08+05:30,Paytm,UPI_PAYMENT,user476735@paytm,homebasket295@iciciban,State Bank of India,ICICI Bank,MER_293733,HomeBasket,Home & Living,5712,58.04,INR,SUCCESS,00,,680366091001,BRN6591484952,UPI,IOS,Maharashtra,SETTLED,33,false
TXN_20260806_838945,2026-08-06T12:15:48+05:30,Paytm,UPI_PAYMENT,user625710@paytm,urbaneats703@indusind,State Bank of India,IndusInd Bank,MER_341621,Urban Eats,Restaurant,5812,132.90,INR,SUCCESS,00,,738202854365,BRN7752367006,UPI,ANDROID,Rajasthan,SETTLED,15,false
TXN_20260806_709563,2026-08-06T12:22:09+05:30,Paytm,UPI_PAYMENT,user774261@paytm,utilitypays934@unionban,HDFC Bank,Union Bank of India,MER_654514,UtilityPay Services,Utilities,4900,242.96,INR,SUCCESS,00,,486654621800,BRN7365225431,UPI,ANDROID,Gujarat,SETTLED,24,false
TXN_20260803_707487,2026-08-03T17:06:29+05:30,Paytm,UPI_PAYMENT,user158919@paytm,edulearnser865@stateban,Federal Bank,State Bank of India,MER_938268,EduLearn Services,Education,8299,350.01,INR,SUCCESS,00,,559126987440,BRN3467850113,UPI,ANDROID,Delhi,SETTLED,84,false
TXN_20260809_278989,2026-08-09T16:22:17+05:30,Paytm,UPI_PAYMENT,user98023@paytm,medicarepha103@stateban,Punjab National Bank,State Bank of India,MER_532401,MediCare Pharmacy,Pharmacy,5912,37.83,INR,SUCCESS,00,,702024693811,BRN9521347678,UPI,IOS,Kerala,PENDING,32,false
TXN_20260803_438025,2026-08-03T01:56:30+05:30,Paytm,UPI_PAYMENT,user354278@paytm,fitzonegym235@ausmallf,Bank of Baroda,AU Small Finance Bank,MER_579676,FitZone Gym,Fitness,7997,363.57,INR,SUCCESS,00,,835980688211,BRN2871445910,UPI,ANDROID,Andhra Pradesh,SETTLED,9,false
TXN_20260807_438284,2026-08-07T09:24:04+05:30,Paytm,UPI_PAYMENT,user594076@paytm,medicarepha342@axisbank,YES BANK,Axis Bank,MER_148191,MediCare Pharmacy,Pharmacy,5912,326.90,INR,SUCCESS,00,,643803635157,BRN3955927550,UPI,ANDROID,West Bengal,SETTLED,40,false
TXN_20260806_661954,2026-08-06T14:09:50+05:30,Paytm,UPI_PAYMENT,user849910@paytm,medicarepha948@stateban,Union Bank of India,State Bank of India,MER_565476,MediCare Pharmacy,Pharmacy,5912,76.74,INR,SUCCESS,00,,266028594987,BRN7942039945,UPI,ANDROID,Rajasthan,SETTLED,39,false
TXN_20260808_218118,2026-08-08T06:38:31+05:30,Paytm,UPI_PAYMENT,user96500@paytm,homebasket690@idfcfirs,Punjab National Bank,IDFC FIRST Bank,MER_291281,HomeBasket,Home & Living,5712,53.99,INR,SUCCESS,00,,679039447100,BRN1584127234,UPI,ANDROID,Karnataka,SETTLED,51,false
TXN_20260802_227666,2026-08-02T04:50:16+05:30,Paytm,UPI_PAYMENT,user950742@paytm,metromobili894@punjabna,Union Bank of India,Punjab National Bank,MER_465338,Metro Mobility,Transport,4121,474.02,INR,SUCCESS,00,,641437116629,BRN4590107104,UPI,WEB,Tamil Nadu,SETTLED,21,false
TXN_20260801_168686,2026-08-01T09:16:33+05:30,Paytm,UPI_PAYMENT,user629725@paytm,booknest630@indianba,Axis Bank,Indian Bank,MER_118532,BookNest,Books,5942,314.04,INR,SUCCESS,00,,755086936219,BRN3578022855,UPI,IOS,Bihar,SETTLED,14,false
TXN_20260808_389339,2026-08-08T20:57:35+05:30,Paytm,UPI_PAYMENT,user620777@paytm,freshmartre897@hdfcbank,Bank of India,HDFC Bank,MER_533434,FreshMart Retail,Grocery,5411,402.13,INR,SUCCESS,00,,876760264591,BRN4113012632,UPI,WEB,Delhi,SETTLED,68,false
TXN_20260808_333944,2026-08-08T15:05:26+05:30,Paytm,UPI_PAYMENT,user872525@paytm,medicarepha593@hdfcbank,State Bank of India,HDFC Bank,MER_770061,MediCare Pharmacy,Pharmacy,5912,19.83,INR,SUCCESS,00,,307114940216,BRN3354284866,UPI,ANDROID,Telangana,SETTLED,29,false
TXN_20260806_971868,2026-08-06T20:00:37+05:30,Paytm,UPI_PAYMENT,user329015@paytm,stylehubfas569@iciciban,Kotak Mahindra Bank,ICICI Bank,MER_687900,StyleHub Fashion,Apparel,5651,566.79,INR,SUCCESS,00,,236579290744,BRN4908340357,UPI,ANDROID,Andhra Pradesh,PENDING,31,false
TXN_20260807_834581,2026-08-07T16:38:19+05:30,Paytm,UPI_PAYMENT,user410260@paytm,mobilerecha57@iciciban,Bank of Baroda,ICICI Bank,MER_195016,Mobile Recharge Hub,Telecom,4814,308.02,INR,SUCCESS,00,,822677447997,BRN2742111063,UPI,ANDROID,Rajasthan,SETTLED,34,false
TXN_20260808_438468,2026-08-08T03:52:54+05:30,Paytm,UPI_PAYMENT,user773934@paytm,medicarepha382@punjabna,Axis Bank,Punjab National Bank,MER_824414,MediCare Pharmacy,Pharmacy,5912,208.65,INR,SUCCESS,00,,961068114564,BRN9188463944,UPI,ANDROID,Tamil Nadu,SETTLED,48,false
TXN_20260804_582708,2026-08-04T12:38:38+05:30,Paytm,UPI_PAYMENT,user727438@paytm,freshmartre908@bankofba,Bank of Baroda,Bank of Baroda,MER_268135,FreshMart Retail,Grocery,5411,579.89,INR,SUCCESS,00,,877974793850,BRN9605786239,UPI,ANDROID,Rajasthan,SETTLED,42,false
TXN_20260803_250531,2026-08-03T00:49:48+05:30,Paytm,UPI_PAYMENT,user616308@paytm,fitzonegym95@iciciban,Punjab National Bank,ICICI Bank,MER_617460,FitZone Gym,Fitness,7997,46.23,INR,SUCCESS,00,,978341936112,BRN3766235869,UPI,IOS,Maharashtra,SETTLED,19,false
TXN_20260802_704911,2026-08-02T06:22:49+05:30,Paytm,UPI_PAYMENT,user266565@paytm,edulearnser330@stateban,Bank of Baroda,State Bank of India,MER_651044,EduLearn Services,Education,8299,684.38,INR,SUCCESS,00,,767696292000,BRN2566867611,UPI,ANDROID,Jharkhand,SETTLED,9,false
TXN_20260801_606596,2026-08-01T14:15:00+05:30,Paytm,UPI_PAYMENT,user259169@paytm,edulearnser575@indusind,Bank of Baroda,IndusInd Bank,MER_825461,EduLearn Services,Education,8299,262.20,INR,SUCCESS,00,,833676648141,BRN4811531126,UPI,ANDROID,Karnataka,SETTLED,27,false
TXN_20260805_307882,2026-08-05T01:37:42+05:30,Paytm,UPI_PAYMENT,user261185@paytm,fitzonegym831@hdfcbank,Union Bank of India,HDFC Bank,MER_345875,FitZone Gym,Fitness,7997,222.26,INR,SUCCESS,00,,926406391303,BRN8203746349,UPI,ANDROID,Odisha,SETTLED,8,false
TXN_20260809_528008,2026-08-09T12:01:31+05:30,Paytm,UPI_PAYMENT,user59834@paytm,homebasket302@punjabna,State Bank of India,Punjab National Bank,MER_740020,HomeBasket,Home & Living,5712,1726.84,INR,SUCCESS,00,,168260769102,BRN4210971522,UPI,ANDROID,Maharashtra,PENDING,15,false
TXN_20260809_584480,2026-08-09T06:49:10+05:30,Paytm,UPI_PAYMENT,user489360@paytm,booknest913@iciciban,ICICI Bank,ICICI Bank,MER_211246,BookNest,Books,5942,698.30,INR,SUCCESS,00,,609999845367,BRN6263537277,UPI,ANDROID,Madhya Pradesh,SETTLED,6,false
TXN_20260805_461903,2026-08-05T18:28:25+05:30,Paytm,UPI_PAYMENT,user532776@paytm,booknest482@stateban,AU Small Finance Bank,State Bank of India,MER_437632,BookNest,Books,5942,170.52,INR,SUCCESS,00,,150653008475,BRN7818138992,UPI,ANDROID,West Bengal,SETTLED,38,false
TXN_20260806_926211,2026-08-06T09:41:24+05:30,Paytm,UPI_PAYMENT,user280037@paytm,freshmartre814@kotakmah,ICICI Bank,Kotak Mahindra Bank,MER_738417,FreshMart Retail,Grocery,5411,126.84,INR,SUCCESS,00,,930838679109,BRN8136962699,UPI,ANDROID,Maharashtra,SETTLED,21,false
TXN_20260802_709344,2026-08-02T22:07:51+05:30,Paytm,UPI_PAYMENT,user618766@paytm,techsquaree852@kotakmah,Bank of Baroda,Kotak Mahindra Bank,MER_333781,TechSquare Electronics,Electronics,5732,160.61,INR,SUCCESS,00,,231990236074,BRN1648493532,UPI,ANDROID,Gujarat,SETTLED,46,false
TXN_20260805_323687,2026-08-05T19:22:27+05:30,Paytm,UPI_PAYMENT,user649124@paytm,mobilerecha302@canaraba,State Bank of India,Canara Bank,MER_501473,Mobile Recharge Hub,Telecom,4814,52.39,INR,SUCCESS,00,,514999067012,BRN1835511813,UPI,ANDROID,West Bengal,SETTLED,42,false
TXN_20260802_225911,2026-08-02T02:59:59+05:30,Paytm,UPI_PAYMENT,user271209@paytm,fitzonegym789@unionban,Punjab National Bank,Union Bank of India,MER_903052,FitZone Gym,Fitness,7997,135.22,INR,SUCCESS,00,,884716386273,BRN1881488391,UPI,IOS,Karnataka,SETTLED,47,false
TXN_20260808_452424,2026-08-08T05:51:09+05:30,Paytm,UPI_PAYMENT,user592572@paytm,quickfuelst130@indusind,Kotak Mahindra Bank,IndusInd Bank,MER_940440,QuickFuel Station,Fuel,5541,773.49,INR,SUCCESS,00,,401834941713,BRN9929261337,UPI,ANDROID,Karnataka,SETTLED,13,false
TXN_20260809_271327,2026-08-09T17:20:07+05:30,Paytm,UPI_PAYMENT,user661840@paytm,stylehubfas564@canaraba,Bank of Baroda,Canara Bank,MER_975616,StyleHub Fashion,Apparel,5651,376.83,INR,SUCCESS,00,,836146419991,BRN9191804090,UPI,IOS,Karnataka,SETTLED,40,false
TXN_20260803_853795,2026-08-03T04:44:14+05:30,Paytm,UPI_PAYMENT,user156253@paytm,stylehubfas801@iciciban,Axis Bank,ICICI Bank,MER_807855,StyleHub Fashion,Apparel,5651,380.91,INR,SUCCESS,00,,570940172147,BRN5519140031,UPI,ANDROID,Uttar Pradesh,SETTLED,9,false
TXN_20260809_557574,2026-08-09T18:29:06+05:30,Paytm,UPI_PAYMENT,user67991@paytm,quickfuelst540@hdfcbank,Union Bank of India,HDFC Bank,MER_700909,QuickFuel Station,Fuel,5541,134.85,INR,SUCCESS,00,,895196538543,BRN7613997735,UPI,ANDROID,Maharashtra,PENDING,54,false
TXN_20260809_690990,2026-08-09T09:35:29+05:30,Paytm,UPI_PAYMENT,user47915@paytm,mobilerecha455@kotakmah,Axis Bank,Kotak Mahindra Bank,MER_333550,Mobile Recharge Hub,Telecom,4814,211.54,INR,SUCCESS,00,,286150004204,BRN7266527661,UPI,IOS,West Bengal,SETTLED,5,false
TXN_20260805_999029,2026-08-05T08:33:04+05:30,Paytm,UPI_PAYMENT,user895027@paytm,mobilerecha222@kotakmah,Punjab National Bank,Kotak Mahindra Bank,MER_958771,Mobile Recharge Hub,Telecom,4814,72.36,INR,SUCCESS,00,,979861655895,BRN5861028184,UPI,ANDROID,Karnataka,SETTLED,45,false
TXN_20260801_431539,2026-08-01T12:56:40+05:30,Paytm,UPI_PAYMENT,user642888@paytm,metromobili359@stateban,State Bank of India,State Bank of India,MER_474634,Metro Mobility,Transport,4121,137.57,INR,REVERSED,00,,171444593376,BRN4342338981,UPI,ANDROID,Odisha,REVERSED,10,false
TXN_20260805_538493,2026-08-05T11:35:07+05:30,Paytm,UPI_PAYMENT,user514307@paytm,mobilerecha687@iciciban,Bank of India,ICICI Bank,MER_357190,Mobile Recharge Hub,Telecom,4814,147.51,INR,SUCCESS,00,,268265659945,BRN3223812222,UPI,ANDROID,Bihar,SETTLED,8,false
TXN_20260807_269438,2026-08-07T06:37:31+05:30,Paytm,UPI_PAYMENT,user111559@paytm,booknest421@hdfcbank,ICICI Bank,HDFC Bank,MER_277037,BookNest,Books,5942,68.57,INR,SUCCESS,00,,649596712069,BRN7468254188,UPI,IOS,Karnataka,SETTLED,8,false
TXN_20260801_551495,2026-08-01T13:17:47+05:30,Paytm,UPI_PAYMENT,user638735@paytm,techsquaree223@punjabna,HDFC Bank,Punjab National Bank,MER_442655,TechSquare Electronics,Electronics,5732,315.21,INR,SUCCESS,00,,222683982503,BRN2919580769,UPI,IOS,Haryana,SETTLED,56,false
TXN_20260803_777859,2026-08-03T11:59:18+05:30,Paytm,UPI_PAYMENT,user899925@paytm,metromobili26@idfcfirs,Bank of Baroda,IDFC FIRST Bank,MER_137534,Metro Mobility,Transport,4121,79.88,INR,SUCCESS,00,,225438547271,BRN9426970549,UPI,ANDROID,Odisha,SETTLED,11,false
TXN_20260807_806294,2026-08-07T17:45:33+05:30,Paytm,UPI_PAYMENT,user844241@paytm,mobilerecha520@stateban,Union Bank of India,State Bank of India,MER_471385,Mobile Recharge Hub,Telecom,4814,892.98,INR,FAILED,05,DO_NOT_HONOR,463085573399,,UPI,ANDROID,Chhattisgarh,NOT_APPLICABLE,18,false
TXN_20260805_341518,2026-08-05T21:21:25+05:30,Paytm,UPI_PAYMENT,user478907@paytm,quickfuelst146@canaraba,Axis Bank,Canara Bank,MER_722062,QuickFuel Station,Fuel,5541,293.93,INR,SUCCESS,00,,793763229382,BRN8811170340,UPI,ANDROID,West Bengal,SETTLED,19,false
TXN_20260804_201231,2026-08-04T17:49:10+05:30,Paytm,UPI_PAYMENT,user676290@paytm,techsquaree381@stateban,Union Bank of India,State Bank of India,MER_272904,TechSquare Electronics,Electronics,5732,156.35,INR,SUCCESS,00,,430020153461,BRN9672688524,UPI,ANDROID,Himachal Pradesh,SETTLED,2,false
TXN_20260803_844550,2026-08-03T00:59:30+05:30,Paytm,UPI_PAYMENT,user656510@paytm,edulearnser327@hdfcbank,ICICI Bank,HDFC Bank,MER_978260,EduLearn Services,Education,8299,219.20,INR,SUCCESS,00,,912249946280,BRN8115195148,UPI,WEB,West Bengal,SETTLED,31,false
TXN_20260805_326087,2026-08-05T11:25:30+05:30,Paytm,UPI_PAYMENT,user826815@paytm,homebasket979@axisbank,Punjab National Bank,Axis Bank,MER_780226,HomeBasket,Home & Living,5712,612.76,INR,SUCCESS,00,,454059785450,BRN5926587382,UPI,ANDROID,Uttar Pradesh,PENDING,9,false
TXN_20260806_742478,2026-08-06T10:32:25+05:30,Paytm,UPI_PAYMENT,user132892@paytm,edulearnser919@punjabna,Indian Overseas Bank,Punjab National Bank,MER_622046,EduLearn Services,Education,8299,288.28,INR,SUCCESS,00,,566662553558,BRN6813773413,UPI,ANDROID,Karnataka,PENDING,30,false
TXN_20260806_893679,2026-08-06T11:14:11+05:30,Paytm,UPI_PAYMENT,user119664@paytm,utilitypays835@indusind,State Bank of India,IndusInd Bank,MER_190093,UtilityPay Services,Utilities,4900,321.14,INR,SUCCESS,00,,780022235792,BRN1088238523,UPI,ANDROID,Karnataka,PENDING,17,false
TXN_20260805_683538,2026-08-05T10:54:13+05:30,Paytm,UPI_PAYMENT,user524747@paytm,medicarepha619@punjabna,ICICI Bank,Punjab National Bank,MER_304960,MediCare Pharmacy,Pharmacy,5912,25.49,INR,SUCCESS,00,,811281291830,BRN4931520742,UPI,IOS,Delhi,SETTLED,24,false
TXN_20260808_324353,2026-08-08T06:04:10+05:30,Paytm,UPI_PAYMENT,user774493@paytm,mobilerecha355@stateban,State Bank of India,State Bank of India,MER_976545,Mobile Recharge Hub,Telecom,4814,313.01,INR,SUCCESS,00,,550666009086,BRN5401028382,UPI,ANDROID,West Bengal,SETTLED,58,false
TXN_20260806_996299,2026-08-06T23:12:51+05:30,Paytm,UPI_PAYMENT,user276927@paytm,edulearnser442@canaraba,ICICI Bank,Canara Bank,MER_823603,EduLearn Services,Education,8299,177.82,INR,SUCCESS,00,,979615402470,BRN1492186428,UPI,IOS,Maharashtra,SETTLED,21,false
TXN_20260808_448863,2026-08-08T11:18:18+05:30,Paytm,UPI_PAYMENT,user870717@paytm,urbaneats22@idfcfirs,Bank of Baroda,IDFC FIRST Bank,MER_572191,Urban Eats,Restaurant,5812,238.66,INR,SUCCESS,00,,155904909671,BRN8433045718,UPI,ANDROID,Madhya Pradesh,SETTLED,39,false
TXN_20260805_844599,2026-08-05T14:05:30+05:30,Paytm,UPI_PAYMENT,user277916@paytm,utilitypays672@bankofba,Bank of Baroda,Bank of Baroda,MER_594420,UtilityPay Services,Utilities,4900,49.47,INR,SUCCESS,00,,997571326220,BRN8511414960,UPI,IOS,Tamil Nadu,PENDING,23,false
TXN_20260803_602104,2026-08-03T11:13:34+05:30,Paytm,UPI_PAYMENT,user611141@paytm,metromobili641@stateban,Punjab National Bank,State Bank of India,MER_232170,Metro Mobility,Transport,4121,1444.59,INR,SUCCESS,00,,152803500555,BRN1904005611,UPI,ANDROID,Gujarat,SETTLED,31,false
TXN_20260807_451423,2026-08-07T19:09:23+05:30,Paytm,UPI_PAYMENT,user144984@paytm,edulearnser131@ausmallf,Punjab National Bank,AU Small Finance Bank,MER_660870,EduLearn Services,Education,8299,131.15,INR,SUCCESS,00,,239259617896,BRN7330749299,UPI,ANDROID,Uttar Pradesh,SETTLED,12,false
TXN_20260804_902408,2026-08-04T06:02:02+05:30,Paytm,UPI_PAYMENT,user239978@paytm,homebasket138@centralb,ICICI Bank,Central Bank of India,MER_191348,HomeBasket,Home & Living,5712,16.24,INR,SUCCESS,00,,997373243921,BRN7427954536,UPI,IOS,Bihar,SETTLED,40,false
TXN_20260803_133504,2026-08-03T22:51:57+05:30,Paytm,UPI_PAYMENT,user961014@paytm,homebasket92@hdfcbank,ICICI Bank,HDFC Bank,MER_864098,HomeBasket,Home & Living,5712,100.08,INR,SUCCESS,00,,119553230010,BRN9592470017,UPI,IOS,Assam,SETTLED,18,false
TXN_20260809_462457,2026-08-09T21:07:00+05:30,Paytm,UPI_PAYMENT,user29796@paytm,fitzonegym389@hdfcbank,Bank of Baroda,HDFC Bank,MER_759519,FitZone Gym,Fitness,7997,126.01,INR,SUCCESS,00,,966787384647,BRN7196315623,UPI,ANDROID,Bihar,SETTLED,56,false
TXN_20260805_589380,2026-08-05T13:11:09+05:30,Paytm,UPI_PAYMENT,user358222@paytm,quickfuelst91@hdfcbank,IndusInd Bank,HDFC Bank,MER_288031,QuickFuel Station,Fuel,5541,650.12,INR,SUCCESS,00,,229599304010,BRN7260225267,UPI,ANDROID,Jharkhand,SETTLED,15,false
TXN_20260807_261849,2026-08-07T21:09:22+05:30,Paytm,UPI_PAYMENT,user726580@paytm,booknest847@stateban,HDFC Bank,State Bank of India,MER_990195,BookNest,Books,5942,40.38,INR,SUCCESS,00,,777538656549,BRN2025781050,UPI,ANDROID,Tamil Nadu,SETTLED,23,false
TXN_20260809_155309,2026-08-09T23:10:54+05:30,Paytm,UPI_PAYMENT,user684459@paytm,utilitypays532@hdfcbank,ICICI Bank,HDFC Bank,MER_857444,UtilityPay Services,Utilities,4900,523.77,INR,SUCCESS,00,,750522603601,BRN5384871170,UPI,ANDROID,Tamil Nadu,SETTLED,76,false
TXN_20260801_533827,2026-08-01T01:09:21+05:30,Paytm,UPI_PAYMENT,user750062@paytm,mobilerecha449@canaraba,Punjab National Bank,Canara Bank,MER_834008,Mobile Recharge Hub,Telecom,4814,369.66,INR,SUCCESS,00,,852418715808,BRN4756765652,UPI,IOS,Chhattisgarh,SETTLED,20,false
TXN_20260802_704828,2026-08-02T18:52:04+05:30,Paytm,UPI_PAYMENT,user476276@paytm,medicarepha52@canaraba,Canara Bank,Canara Bank,MER_417912,MediCare Pharmacy,Pharmacy,5912,410.04,INR,SUCCESS,00,,621930865519,BRN4706511279,UPI,ANDROID,Uttar Pradesh,SETTLED,42,false
TXN_20260806_712353,2026-08-06T21:51:32+05:30,Paytm,UPI_PAYMENT,user602414@paytm,mobilerecha51@indianba,State Bank of India,Indian Bank,MER_785413,Mobile Recharge Hub,Telecom,4814,299.13,INR,SUCCESS,00,,765080774145,BRN3770984279,UPI,IOS,Kerala,SETTLED,43,false
TXN_20260803_525041,2026-08-03T05:03:05+05:30,Paytm,UPI_PAYMENT,user985999@paytm,techsquaree392@stateban,HDFC Bank,State Bank of India,MER_602363,TechSquare Electronics,Electronics,5732,218.57,INR,SUCCESS,00,,392412249317,BRN8696387760,UPI,IOS,Bihar,SETTLED,28,false
TXN_20260803_141890,2026-08-03T06:51:16+05:30,Paytm,UPI_PAYMENT,user537090@paytm,cafebrew415@stateban,State Bank of India,State Bank of India,MER_523489,Cafe Brew,Cafe,5814,67.56,INR,SUCCESS,00,,170712240785,BRN4446997642,UPI,ANDROID,Tamil Nadu,SETTLED,17,false
TXN_20260801_413280,2026-08-01T05:39:04+05:30,Paytm,UPI_PAYMENT,user933949@paytm,techsquaree651@unionban,State Bank of India,Union Bank of India,MER_443540,TechSquare Electronics,Electronics,5732,892.69,INR,SUCCESS,00,,204610583035,BRN5254511114,UPI,ANDROID,Maharashtra,SETTLED,9,false
TXN_20260805_481266,2026-08-05T19:46:55+05:30,Paytm,UPI_PAYMENT,user192921@paytm,fitzonegym481@iciciban,Bank of Baroda,ICICI Bank,MER_422054,FitZone Gym,Fitness,7997,183.41,INR,SUCCESS,00,,897720497984,BRN7656975592,UPI,ANDROID,West Bengal,SETTLED,27,false
TXN_20260806_332969,2026-08-06T07:45:33+05:30,Paytm,UPI_PAYMENT,user630707@paytm,urbaneats349@punjabna,AU Small Finance Bank,Punjab National Bank,MER_842714,Urban Eats,Restaurant,5812,427.93,INR,SUCCESS,00,,300541249723,BRN4394023003,UPI,IOS,Tamil Nadu,SETTLED,30,false
TXN_20260801_948035,2026-08-01T08:47:17+05:30,Paytm,UPI_PAYMENT,user656189@paytm,metromobili698@punjabna,State Bank of India,Punjab National Bank,MER_394275,Metro Mobility,Transport,4121,455.47,INR,SUCCESS,00,,598053449507,BRN5716421664,UPI,ANDROID,Maharashtra,SETTLED,8,false
TXN_20260802_709414,2026-08-02T10:34:15+05:30,Paytm,UPI_PAYMENT,user343990@paytm,edulearnser484@iciciban,Punjab National Bank,ICICI Bank,MER_548986,EduLearn Services,Education,8299,672.35,INR,SUCCESS,00,,846335433924,BRN2355278513,UPI,ANDROID,Tamil Nadu,SETTLED,36,false
TXN_20260808_927491,2026-08-08T00:07:07+05:30,Paytm,UPI_PAYMENT,user310016@paytm,freshmartre962@bankofba,Kotak Mahindra Bank,Bank of Baroda,MER_917408,FreshMart Retail,Grocery,5411,690.71,INR,SUCCESS,00,,341082228553,BRN7984729282,UPI,ANDROID,Gujarat,SETTLED,35,false
TXN_20260809_726667,2026-08-09T23:26:09+05:30,Paytm,UPI_PAYMENT,user785890@paytm,quickfuelst241@kotakmah,ICICI Bank,Kotak Mahindra Bank,MER_130411,QuickFuel Station,Fuel,5541,127.87,INR,SUCCESS,00,,161076488308,BRN2053462225,UPI,IOS,Odisha,SETTLED,26,false
TXN_20260806_715134,2026-08-06T00:04:27+05:30,Paytm,UPI_PAYMENT,user695182@paytm,quickfuelst138@kotakmah,Central Bank of India,Kotak Mahindra Bank,MER_129587,QuickFuel Station,Fuel,5541,378.35,INR,SUCCESS,00,,959271342357,BRN2247417550,UPI,ANDROID,Jharkhand,SETTLED,22,false
TXN_20260806_866662,2026-08-06T03:59:05+05:30,Paytm,UPI_PAYMENT,user318826@paytm,stylehubfas378@kotakmah,Kotak Mahindra Bank,Kotak Mahindra Bank,MER_915831,StyleHub Fashion,Apparel,5651,434.66,INR,SUCCESS,00,,789179150488,BRN6102459151,UPI,ANDROID,Karnataka,SETTLED,47,false
TXN_20260807_659138,2026-08-07T23:42:07+05:30,Paytm,UPI_PAYMENT,user407128@paytm,edulearnser550@hdfcbank,State Bank of India,HDFC Bank,MER_567805,EduLearn Services,Education,8299,202.13,INR,SUCCESS,00,,605896738056,BRN9574778771,UPI,ANDROID,Andhra Pradesh,SETTLED,24,false
TXN_20260807_411033,2026-08-07T06:54:19+05:30,Paytm,UPI_PAYMENT,user352831@paytm,stylehubfas258@iciciban,ICICI Bank,ICICI Bank,MER_849261,StyleHub Fashion,Apparel,5651,421.30,INR,SUCCESS,00,,873571153910,BRN8469492922,UPI,ANDROID,Uttarakhand,SETTLED,17,false
TXN_20260809_596807,2026-08-09T11:32:08+05:30,Paytm,UPI_PAYMENT,user603672@paytm,fitzonegym608@bankofin,State Bank of India,Bank of India,MER_513025,FitZone Gym,Fitness,7997,271.10,INR,SUCCESS,00,,682723381643,BRN8508266588,UPI,WEB,Kerala,SETTLED,19,false
TXN_20260809_455164,2026-08-09T21:15:55+05:30,Paytm,UPI_PAYMENT,user604818@paytm,fitzonegym521@hdfcbank,Canara Bank,HDFC Bank,MER_353081,FitZone Gym,Fitness,7997,281.62,INR,SUCCESS,00,,776188635107,BRN1452292078,UPI,ANDROID,Himachal Pradesh,SETTLED,61,false
TXN_20260803_297052,2026-08-03T18:30:08+05:30,Paytm,UPI_PAYMENT,user2338@paytm,stylehubfas177@stateban,Canara Bank,State Bank of India,MER_500838,StyleHub Fashion,Apparel,5651,99.61,INR,SUCCESS,00,,518624365584,BRN2605295128,UPI,WEB,Jharkhand,SETTLED,1,false
TXN_20260808_502862,2026-08-08T21:34:30+05:30,Paytm,UPI_PAYMENT,user91560@paytm,urbaneats877@axisbank,Kotak Mahindra Bank,Axis Bank,MER_763053,Urban Eats,Restaurant,5812,76.29,INR,SUCCESS,00,,729735792416,BRN3212094199,UPI,ANDROID,Gujarat,PENDING,5,false
TXN_20260806_681312,2026-08-06T00:33:15+05:30,Paytm,UPI_PAYMENT,user776339@paytm,cafebrew240@iciciban,HDFC Bank,ICICI Bank,MER_784896,Cafe Brew,Cafe,5814,109.86,INR,SUCCESS,00,,620464196925,BRN7177214781,UPI,ANDROID,Haryana,SETTLED,32,false
TXN_20260801_419156,2026-08-01T03:43:07+05:30,Paytm,UPI_PAYMENT,user407556@paytm,medicarepha488@stateban,YES BANK,State Bank of India,MER_704032,MediCare Pharmacy,Pharmacy,5912,262.88,INR,SUCCESS,00,,590736773823,BRN9101235234,UPI,ANDROID,Odisha,SETTLED,10,false
TXN_20260805_888529,2026-08-05T03:54:59+05:30,Paytm,UPI_PAYMENT,user33983@paytm,utilitypays703@hdfcbank,State Bank of India,HDFC Bank,MER_914289,UtilityPay Services,Utilities,4900,116.34,INR,SUCCESS,00,,893761138498,BRN6048261253,UPI,WEB,Delhi,SETTLED,50,false
TXN_20260803_464896,2026-08-03T02:37:19+05:30,Paytm,UPI_PAYMENT,user899980@paytm,fitzonegym547@iciciban,IndusInd Bank,ICICI Bank,MER_296869,FitZone Gym,Fitness,7997,108.16,INR,SUCCESS,00,,600095640305,BRN6113708961,UPI,ANDROID,Jharkhand,SETTLED,53,false
TXN_20260805_123177,2026-08-05T17:49:01+05:30,Paytm,UPI_PAYMENT,user295477@paytm,freshmartre256@stateban,Bank of Baroda,State Bank of India,MER_641382,FreshMart Retail,Grocery,5411,973.61,INR,SUCCESS,00,,125471964607,BRN1416913775,UPI,ANDROID,Tamil Nadu,SETTLED,48,false
TXN_20260808_607243,2026-08-08T15:19:41+05:30,Paytm,UPI_PAYMENT,user647438@paytm,medicarepha322@stateban,ICICI Bank,State Bank of India,MER_734324,MediCare Pharmacy,Pharmacy,5912,330.36,INR,SUCCESS,00,,142432976233,BRN7572846718,UPI,ANDROID,Jharkhand,SETTLED,44,false
TXN_20260806_111297,2026-08-06T22:09:20+05:30,Paytm,UPI_PAYMENT,user15902@paytm,booknest252@hdfcbank,Kotak Mahindra Bank,HDFC Bank,MER_952350,BookNest,Books,5942,39.97,INR,SUCCESS,00,,348994292521,BRN8954824606,UPI,IOS,Goa,SETTLED,1,false
TXN_20260804_150123,2026-08-04T07:57:32+05:30,Paytm,UPI_PAYMENT,user286156@paytm,edulearnser263@canaraba,YES BANK,Canara Bank,MER_388384,EduLearn Services,Education,8299,774.14,INR,SUCCESS,00,,207677823851,BRN6930716184,UPI,IOS,Gujarat,SETTLED,34,false
TXN_20260809_792873,2026-08-09T13:53:04+05:30,Paytm,UPI_PAYMENT,user940924@paytm,freshmartre673@hdfcbank,Bank of India,HDFC Bank,MER_867865,FreshMart Retail,Grocery,5411,61.76,INR,FAILED,U30,INSUFFICIENT_FUNDS,917884258239,,UPI,ANDROID,Chhattisgarh,NOT_APPLICABLE,51,false
TXN_20260801_535182,2026-08-01T00:35:50+05:30,Paytm,UPI_PAYMENT,user174208@paytm,metromobili152@idfcfirs,Axis Bank,IDFC FIRST Bank,MER_131424,Metro Mobility,Transport,4121,146.50,INR,SUCCESS,00,,709801577528,BRN6263921001,UPI,ANDROID,Telangana,SETTLED,25,false
TXN_20260804_538641,2026-08-04T03:27:26+05:30,Paytm,UPI_PAYMENT,user939696@paytm,medicarepha586@canaraba,Axis Bank,Canara Bank,MER_261842,MediCare Pharmacy,Pharmacy,5912,392.34,INR,SUCCESS,00,,642136995518,BRN1423576109,UPI,ANDROID,Rajasthan,SETTLED,56,false
TXN_20260805_761128,2026-08-05T02:44:47+05:30,Paytm,UPI_PAYMENT,user604881@paytm,cafebrew665@stateban,Kotak Mahindra Bank,State Bank of India,MER_249356,Cafe Brew,Cafe,5814,284.43,INR,SUCCESS,00,,100220415588,BRN6917255052,UPI,ANDROID,Maharashtra,SETTLED,1,false
TXN_20260803_173970,2026-08-03T17:52:06+05:30,Paytm,UPI_PAYMENT,user957959@paytm,techsquaree919@axisbank,YES BANK,Axis Bank,MER_105097,TechSquare Electronics,Electronics,5732,21.89,INR,SUCCESS,00,,229540830442,BRN2109776979,UPI,IOS,Haryana,SETTLED,16,false
TXN_20260801_242102,2026-08-01T16:41:46+05:30,Paytm,UPI_PAYMENT,user658023@paytm,utilitypays488@stateban,HDFC Bank,State Bank of India,MER_532706,UtilityPay Services,Utilities,4900,352.27,INR,SUCCESS,00,,844380552534,BRN2615486244,UPI,ANDROID,Rajasthan,SETTLED,13,false
TXN_20260805_313557,2026-08-05T21:02:30+05:30,Paytm,UPI_PAYMENT,user278611@paytm,fitzonegym779@indianba,Punjab National Bank,Indian Bank,MER_119572,FitZone Gym,Fitness,7997,421.17,INR,SUCCESS,00,,965414068706,BRN2435403516,UPI,ANDROID,Uttar Pradesh,SETTLED,1,false
TXN_20260809_799379,2026-08-09T10:49:29+05:30,Paytm,UPI_PAYMENT,user451684@paytm,mobilerecha602@stateban,ICICI Bank,State Bank of India,MER_618141,Mobile Recharge Hub,Telecom,4814,299.69,INR,SUCCESS,00,,370840622060,BRN4539922341,UPI,IOS,West Bengal,SETTLED,16,false
TXN_20260803_193982,2026-08-03T13:11:42+05:30,Paytm,UPI_PAYMENT,user335600@paytm,urbaneats495@yesbank,Axis Bank,YES BANK,MER_520565,Urban Eats,Restaurant,5812,65.35,INR,SUCCESS,00,,221014868322,BRN8277115021,UPI,ANDROID,Odisha,SETTLED,1,false
TXN_20260806_313955,2026-08-06T12:57:17+05:30,Paytm,UPI_PAYMENT,user738700@paytm,fitzonegym592@federalb,HDFC Bank,Federal Bank,MER_955510,FitZone Gym,Fitness,7997,443.78,INR,SUCCESS,00,,551641392417,BRN2193728149,UPI,IOS,Maharashtra,SETTLED,18,false
TXN_20260808_680528,2026-08-08T20:18:04+05:30,Paytm,UPI_PAYMENT,user834205@paytm,freshmartre421@kotakmah,ICICI Bank,Kotak Mahindra Bank,MER_646834,FreshMart Retail,Grocery,5411,330.91,INR,SUCCESS,00,,402139686078,BRN3850787527,UPI,ANDROID,Delhi,SETTLED,6,false
TXN_20260806_496210,2026-08-06T11:13:21+05:30,Paytm,UPI_PAYMENT,user438194@paytm,cafebrew825@hdfcbank,State Bank of India,HDFC Bank,MER_492021,Cafe Brew,Cafe,5814,314.34,INR,SUCCESS,00,,925614946680,BRN6194936764,UPI,ANDROID,Jharkhand,SETTLED,61,false
TXN_20260804_320191,2026-08-04T20:43:25+05:30,Paytm,UPI_PAYMENT,user776916@paytm,urbaneats288@stateban,Kotak Mahindra Bank,State Bank of India,MER_354866,Urban Eats,Restaurant,5812,1592.31,INR,SUCCESS,00,,460308280302,BRN6674565087,UPI,ANDROID,Maharashtra,SETTLED,3,false
TXN_20260807_626947,2026-08-07T07:38:30+05:30,Paytm,UPI_PAYMENT,user222438@paytm,booknest82@idfcfirs,State Bank of India,IDFC FIRST Bank,MER_147960,BookNest,Books,5942,68.18,INR,SUCCESS,00,,320032378611,BRN3022384559,UPI,ANDROID,Kerala,SETTLED,8,false
TXN_20260802_534580,2026-08-02T05:26:34+05:30,Paytm,UPI_PAYMENT,user874391@paytm,booknest291@iciciban,Bandhan Bank,ICICI Bank,MER_221729,BookNest,Books,5942,473.72,INR,SUCCESS,00,,291276033036,BRN9424228218,UPI,ANDROID,Uttar Pradesh,SETTLED,29,false
TXN_20260806_823608,2026-08-06T07:27:29+05:30,Paytm,UPI_PAYMENT,user19920@paytm,cafebrew483@unionban,ICICI Bank,Union Bank of India,MER_119802,Cafe Brew,Cafe,5814,399.01,INR,SUCCESS,00,,451259419468,BRN8676849765,UPI,ANDROID,Uttar Pradesh,SETTLED,38,false
TXN_20260807_806593,2026-08-07T06:15:31+05:30,Paytm,UPI_PAYMENT,user771347@paytm,metromobili512@indusind,HDFC Bank,IndusInd Bank,MER_269848,Metro Mobility,Transport,4121,32.02,INR,SUCCESS,00,,899653303037,BRN4423880814,UPI,WEB,Punjab,SETTLED,62,false
TXN_20260805_419839,2026-08-05T20:14:35+05:30,Paytm,UPI_PAYMENT,user550629@paytm,quickfuelst72@centralb,State Bank of India,Central Bank of India,MER_539911,QuickFuel Station,Fuel,5541,47.99,INR,SUCCESS,00,,357746442356,BRN3894516062,UPI,ANDROID,West Bengal,SETTLED,11,false
TXN_20260806_565145,2026-08-06T09:29:59+05:30,Paytm,UPI_PAYMENT,user423044@paytm,urbaneats363@bankofba,ICICI Bank,Bank of Baroda,MER_779646,Urban Eats,Restaurant,5812,239.17,INR,SUCCESS,00,,111881857622,BRN1915964920,UPI,ANDROID,Punjab,SETTLED,16,false
TXN_20260802_428356,2026-08-02T19:22:45+05:30,Paytm,UPI_PAYMENT,user585074@paytm,techsquaree121@iciciban,Kotak Mahindra Bank,ICICI Bank,MER_463562,TechSquare Electronics,Electronics,5732,514.80,INR,SUCCESS,00,,915231370232,BRN5211912256,UPI,WEB,Uttar Pradesh,SETTLED,35,false
TXN_20260801_286631,2026-08-01T18:11:01+05:30,Paytm,UPI_PAYMENT,user154042@paytm,fitzonegym73@iciciban,Bank of India,ICICI Bank,MER_603694,FitZone Gym,Fitness,7997,748.50,INR,SUCCESS,00,,291725470046,BRN4506109671,UPI,ANDROID,Bihar,SETTLED,38,false
TXN_20260805_356632,2026-08-05T07:33:06+05:30,Paytm,UPI_PAYMENT,user958810@paytm,metromobili944@stateban,YES BANK,State Bank of India,MER_974067,Metro Mobility,Transport,4121,80.82,INR,SUCCESS,00,,332922775171,BRN1027048436,UPI,ANDROID,Bihar,SETTLED,55,false
TXN_20260808_311391,2026-08-08T07:26:50+05:30,Paytm,UPI_PAYMENT,user276802@paytm,medicarepha226@indianba,ICICI Bank,Indian Bank,MER_802408,MediCare Pharmacy,Pharmacy,5912,404.31,INR,SUCCESS,00,,744013923038,BRN8412699128,UPI,ANDROID,Rajasthan,PENDING,43,false
TXN_20260805_619267,2026-08-05T03:08:58+05:30,Paytm,UPI_PAYMENT,user930516@paytm,urbaneats232@stateban,IndusInd Bank,State Bank of India,MER_538465,Urban Eats,Restaurant,5812,697.21,INR,SUCCESS,00,,991148770917,BRN2566496574,UPI,ANDROID,Madhya Pradesh,SETTLED,11,false
TXN_20260802_486479,2026-08-02T20:53:00+05:30,Paytm,UPI_PAYMENT,user709649@paytm,stylehubfas123@bankofba,Axis Bank,Bank of Baroda,MER_610765,StyleHub Fashion,Apparel,5651,65.78,INR,SUCCESS,00,,466116517040,BRN6038182794,UPI,ANDROID,West Bengal,SETTLED,43,false
TXN_20260802_944693,2026-08-02T19:15:00+05:30,Paytm,UPI_PAYMENT,user963724@paytm,booknest801@hdfcbank,Axis Bank,HDFC Bank,MER_257525,BookNest,Books,5942,866.22,INR,SUCCESS,00,,868179947314,BRN2200617656,UPI,IOS,Odisha,PENDING,30,false
TXN_20260809_372923,2026-08-09T11:20:05+05:30,Paytm,UPI_PAYMENT,user708758@paytm,booknest411@stateban,Punjab National Bank,State Bank of India,MER_359127,BookNest,Books,5942,168.46,INR,SUCCESS,00,,189981413334,BRN8039729227,UPI,ANDROID,Telangana,SETTLED,53,false
TXN_20260802_677717,2026-08-02T10:50:14+05:30,Paytm,UPI_PAYMENT,user904401@paytm,medicarepha503@bankofba,Indian Bank,Bank of Baroda,MER_303309,MediCare Pharmacy,Pharmacy,5912,91.04,INR,SUCCESS,00,,533068513507,BRN7287866385,UPI,IOS,Bihar,SETTLED,29,false
TXN_20260809_793576,2026-08-09T08:48:24+05:30,Paytm,UPI_PAYMENT,user70845@paytm,stylehubfas497@bankofin,State Bank of India,Bank of India,MER_407691,StyleHub Fashion,Apparel,5651,970.10,INR,SUCCESS,00,,326096801740,BRN3083744444,UPI,ANDROID,Haryana,PENDING,13,false
TXN_20260808_518496,2026-08-08T02:47:44+05:30,Paytm,UPI_PAYMENT,user329542@paytm,freshmartre688@kotakmah,Kotak Mahindra Bank,Kotak Mahindra Bank,MER_983528,FreshMart Retail,Grocery,5411,166.72,INR,SUCCESS,00,,222870093759,BRN6293641705,UPI,ANDROID,Bihar,SETTLED,35,false
TXN_20260804_675243,2026-08-04T03:54:26+05:30,Paytm,UPI_PAYMENT,user867092@paytm,utilitypays450@yesbank,IndusInd Bank,YES BANK,MER_895566,UtilityPay Services,Utilities,4900,157.05,INR,SUCCESS,00,,928755846836,BRN3307911775,UPI,ANDROID,West Bengal,SETTLED,51,false
TXN_20260803_148799,2026-08-03T04:38:38+05:30,Paytm,UPI_PAYMENT,user351444@paytm,cafebrew21@unionban,State Bank of India,Union Bank of India,MER_502525,Cafe Brew,Cafe,5814,45.98,INR,SUCCESS,00,,390014066355,BRN6067134822,UPI,IOS,Maharashtra,SETTLED,24,false
TXN_20260801_859730,2026-08-01T16:57:13+05:30,Paytm,UPI_PAYMENT,user74101@paytm,cafebrew271@iciciban,Kotak Mahindra Bank,ICICI Bank,MER_885445,Cafe Brew,Cafe,5814,184.24,INR,SUCCESS,00,,692322465740,BRN7798581050,UPI,ANDROID,Telangana,SETTLED,13,false
TXN_20260801_527650,2026-08-01T22:57:42+05:30,Paytm,UPI_PAYMENT,user161499@paytm,urbaneats159@indusind,ICICI Bank,IndusInd Bank,MER_453018,Urban Eats,Restaurant,5812,186.66,INR,SUCCESS,00,,420732376715,BRN5223871573,UPI,ANDROID,Assam,SETTLED,22,false
TXN_20260806_991382,2026-08-06T03:25:04+05:30,Paytm,UPI_PAYMENT,user815931@paytm,booknest321@bankofba,HDFC Bank,Bank of Baroda,MER_926273,BookNest,Books,5942,184.77,INR,SUCCESS,00,,814182634272,BRN8675797080,UPI,ANDROID,Punjab,SETTLED,37,false
TXN_20260808_522280,2026-08-08T22:56:59+05:30,Paytm,UPI_PAYMENT,user708684@paytm,utilitypays358@stateban,HDFC Bank,State Bank of India,MER_921501,UtilityPay Services,Utilities,4900,2325.83,INR,SUCCESS,00,,504505597165,BRN3153933057,UPI,IOS,Uttar Pradesh,SETTLED,35,false
TXN_20260806_165321,2026-08-06T20:27:48+05:30,Paytm,UPI_PAYMENT,user913475@paytm,techsquaree108@indusind,Bank of Baroda,IndusInd Bank,MER_207566,TechSquare Electronics,Electronics,5732,283.26,INR,SUCCESS,00,,446925332238,BRN3962934807,UPI,ANDROID,Uttarakhand,SETTLED,59,false
TXN_20260807_348797,2026-08-07T06:23:27+05:30,Paytm,UPI_PAYMENT,user995673@paytm,stylehubfas655@iciciban,Bank of Baroda,ICICI Bank,MER_701290,StyleHub Fashion,Apparel,5651,145.49,INR,SUCCESS,00,,789664320346,BRN4617563153,UPI,ANDROID,Andhra Pradesh,SETTLED,36,false
TXN_20260802_781578,2026-08-02T21:19:44+05:30,Paytm,UPI_PAYMENT,user918137@paytm,utilitypays526@bankofba,ICICI Bank,Bank of Baroda,MER_407364,UtilityPay Services,Utilities,4900,201.28,INR,SUCCESS,00,,479196721404,BRN9827575945,UPI,ANDROID,Rajasthan,SETTLED,25,false
TXN_20260803_231965,2026-08-03T10:05:33+05:30,Paytm,UPI_PAYMENT,user105916@paytm,metromobili704@unionban,Federal Bank,Union Bank of India,MER_641736,Metro Mobility,Transport,4121,194.06,INR,SUCCESS,00,,717193594139,BRN4850487814,UPI,IOS,Odisha,SETTLED,26,false
TXN_20260808_617527,2026-08-08T06:38:09+05:30,Paytm,UPI_PAYMENT,user573452@paytm,booknest87@ausmallf,Canara Bank,AU Small Finance Bank,MER_946640,BookNest,Books,5942,461.10,INR,SUCCESS,00,,186099971511,BRN6471473968,UPI,ANDROID,Andhra Pradesh,SETTLED,36,false
TXN_20260807_896698,2026-08-07T13:05:05+05:30,Paytm,UPI_PAYMENT,user477675@paytm,stylehubfas629@punjabna,HDFC Bank,Punjab National Bank,MER_402290,StyleHub Fashion,Apparel,5651,40.37,INR,SUCCESS,00,,571168546988,BRN1377969578,UPI,ANDROID,Andhra Pradesh,SETTLED,38,false
TXN_20260803_859074,2026-08-03T16:03:04+05:30,Paytm,UPI_PAYMENT,user652753@paytm,metromobili627@axisbank,Bank of India,Axis Bank,MER_606827,Metro Mobility,Transport,4121,536.93,INR,SUCCESS,00,,973149180449,BRN4624182265,UPI,ANDROID,Uttar Pradesh,SETTLED,25,false
TXN_20260809_134265,2026-08-09T06:44:54+05:30,Paytm,UPI_PAYMENT,user80025@paytm,homebasket832@stateban,Axis Bank,State Bank of India,MER_511385,HomeBasket,Home & Living,5712,355.89,INR,SUCCESS,00,,900692740778,BRN8779502233,UPI,WEB,Telangana,SETTLED,9,false
TXN_20260805_399296,2026-08-05T19:00:27+05:30,Paytm,UPI_PAYMENT,user840222@paytm,metromobili749@stateban,Union Bank of India,State Bank of India,MER_927789,Metro Mobility,Transport,4121,125.09,INR,SUCCESS,00,,200244069416,BRN6038424894,UPI,IOS,Tamil Nadu,SETTLED,32,false
TXN_20260803_212455,2026-08-03T13:53:48+05:30,Paytm,UPI_PAYMENT,user745885@paytm,cafebrew276@yesbank,Federal Bank,YES BANK,MER_651078,Cafe Brew,Cafe,5814,66.57,INR,SUCCESS,00,,127454493022,BRN1957810081,UPI,ANDROID,Karnataka,SETTLED,20,false
TXN_20260806_997159,2026-08-06T00:32:46+05:30,Paytm,UPI_PAYMENT,user903585@paytm,stylehubfas482@hdfcbank,HDFC Bank,HDFC Bank,MER_874417,StyleHub Fashion,Apparel,5651,52.22,INR,SUCCESS,00,,816751133132,BRN9328982973,UPI,IOS,Punjab,SETTLED,5,false
TXN_20260804_474822,2026-08-04T14:08:45+05:30,Paytm,UPI_PAYMENT,user361444@paytm,stylehubfas65@idfcfirs,Union Bank of India,IDFC FIRST Bank,MER_977640,StyleHub Fashion,Apparel,5651,377.16,INR,SUCCESS,00,,631354313395,BRN1543297605,UPI,ANDROID,Chhattisgarh,SETTLED,36,false
TXN_20260802_222719,2026-08-02T23:19:52+05:30,Paytm,UPI_PAYMENT,user805917@paytm,utilitypays658@ucobank,IndusInd Bank,UCO Bank,MER_924825,UtilityPay Services,Utilities,4900,284.47,INR,SUCCESS,00,,481150079838,BRN3195665036,UPI,IOS,West Bengal,PENDING,3,false
TXN_20260808_636381,2026-08-08T12:54:29+05:30,Paytm,UPI_PAYMENT,user785867@paytm,urbaneats62@stateban,YES BANK,State Bank of India,MER_596938,Urban Eats,Restaurant,5812,112.89,INR,SUCCESS,00,,736296513462,BRN8660229321,UPI,IOS,Uttar Pradesh,SETTLED,36,false
TXN_20260802_411029,2026-08-02T17:50:07+05:30,Paytm,UPI_PAYMENT,user325906@paytm,booknest306@iciciban,Canara Bank,ICICI Bank,MER_357264,BookNest,Books,5942,224.37,INR,SUCCESS,00,,697576670402,BRN6774257790,UPI,ANDROID,Rajasthan,SETTLED,37,false
TXN_20260803_274281,2026-08-03T00:12:54+05:30,Paytm,UPI_PAYMENT,user48112@paytm,freshmartre297@iciciban,Bank of Baroda,ICICI Bank,MER_731211,FreshMart Retail,Grocery,5411,798.32,INR,SUCCESS,00,,895409563217,BRN9816097074,UPI,ANDROID,West Bengal,SETTLED,43,false
TXN_20260807_680584,2026-08-07T10:29:08+05:30,Paytm,UPI_PAYMENT,user905419@paytm,homebasket694@hdfcbank,HDFC Bank,HDFC Bank,MER_744446,HomeBasket,Home & Living,5712,117.62,INR,SUCCESS,00,,541677953060,BRN3533393034,UPI,IOS,Rajasthan,PENDING,13,false
TXN_20260809_792748,2026-08-09T12:50:59+05:30,Paytm,UPI_PAYMENT,user416409@paytm,mobilerecha794@indusind,Axis Bank,IndusInd Bank,MER_184832,Mobile Recharge Hub,Telecom,4814,345.74,INR,SUCCESS,00,,477564582043,BRN4464994242,UPI,IOS,Tamil Nadu,SETTLED,37,false
TXN_20260806_712925,2026-08-06T04:56:50+05:30,Paytm,UPI_PAYMENT,user906454@paytm,medicarepha682@indianba,Axis Bank,Indian Bank,MER_904466,MediCare Pharmacy,Pharmacy,5912,21.78,INR,SUCCESS,00,,516466509195,BRN6007203171,UPI,IOS,Karnataka,SETTLED,1,false
TXN_20260804_363096,2026-08-04T16:26:40+05:30,Paytm,UPI_PAYMENT,user803960@paytm,quickfuelst324@iciciban,ICICI Bank,ICICI Bank,MER_388137,QuickFuel Station,Fuel,5541,230.47,INR,SUCCESS,00,,574103706244,BRN7560097709,UPI,ANDROID,Delhi,SETTLED,21,false
TXN_20260808_286577,2026-08-08T10:21:42+05:30,Paytm,UPI_PAYMENT,user634002@paytm,metromobili877@stateban,ICICI Bank,State Bank of India,MER_237364,Metro Mobility,Transport,4121,551.01,INR,SUCCESS,00,,276575576252,BRN3484985951,UPI,ANDROID,Karnataka,SETTLED,10,false
TXN_20260802_371250,2026-08-02T02:15:19+05:30,Paytm,UPI_PAYMENT,user201064@paytm,metromobili265@federalb,State Bank of India,Federal Bank,MER_786301,Metro Mobility,Transport,4121,164.50,INR,SUCCESS,00,,578165917961,BRN5400482523,UPI,ANDROID,Kerala,PENDING,21,false
TXN_20260801_687903,2026-08-01T23:04:13+05:30,Paytm,UPI_PAYMENT,user905668@paytm,metromobili948@iciciban,ICICI Bank,ICICI Bank,MER_176022,Metro Mobility,Transport,4121,789.30,INR,SUCCESS,00,,859714433708,BRN3568618107,UPI,IOS,Telangana,SETTLED,33,false
TXN_20260807_567551,2026-08-07T04:51:52+05:30,Paytm,UPI_PAYMENT,user926804@paytm,edulearnser641@bankofin,AU Small Finance Bank,Bank of India,MER_691595,EduLearn Services,Education,8299,59.44,INR,SUCCESS,00,,495382843385,BRN2527750734,UPI,ANDROID,Kerala,SETTLED,61,false
TXN_20260802_975388,2026-08-02T09:42:20+05:30,Paytm,UPI_PAYMENT,user815188@paytm,mobilerecha60@kotakmah,Bank of Baroda,Kotak Mahindra Bank,MER_494810,Mobile Recharge Hub,Telecom,4814,743.63,INR,SUCCESS,00,,371947538411,BRN8215657894,UPI,ANDROID,Maharashtra,SETTLED,19,false
TXN_20260805_499476,2026-08-05T19:16:57+05:30,Paytm,UPI_PAYMENT,user738600@paytm,booknest740@federalb,Axis Bank,Federal Bank,MER_190986,BookNest,Books,5942,118.12,INR,SUCCESS,00,,410022419477,BRN3065528003,UPI,WEB,Maharashtra,SETTLED,29,false
TXN_20260809_515982,2026-08-09T10:07:05+05:30,Paytm,UPI_PAYMENT,user151421@paytm,techsquaree755@axisbank,Axis Bank,Axis Bank,MER_370837,TechSquare Electronics,Electronics,5732,196.16,INR,SUCCESS,00,,944866531271,BRN7666884196,UPI,IOS,Kerala,SETTLED,24,false
TXN_20260801_663533,2026-08-01T22:04:23+05:30,Paytm,UPI_PAYMENT,user843270@paytm,utilitypays341@hdfcbank,Kotak Mahindra Bank,HDFC Bank,MER_120577,UtilityPay Services,Utilities,4900,170.91,INR,SUCCESS,00,,495731911750,BRN8106931483,UPI,ANDROID,Punjab,SETTLED,21,false
TXN_20260808_145253,2026-08-08T22:35:59+05:30,Paytm,UPI_PAYMENT,user44872@paytm,techsquaree305@indianba,HDFC Bank,Indian Bank,MER_983371,TechSquare Electronics,Electronics,5732,1215.76,INR,SUCCESS,00,,949831149042,BRN5262535885,UPI,ANDROID,Bihar,SETTLED,31,false
TXN_20260808_834579,2026-08-08T17:04:00+05:30,Paytm,UPI_PAYMENT,user380462@paytm,freshmartre772@kotakmah,State Bank of India,Kotak Mahindra Bank,MER_631153,FreshMart Retail,Grocery,5411,103.24,INR,SUCCESS,00,,367513233159,BRN6054737279,UPI,ANDROID,Karnataka,SETTLED,20,false
TXN_20260803_138352,2026-08-03T02:17:42+05:30,Paytm,UPI_PAYMENT,user411546@paytm,stylehubfas268@unionban,Bandhan Bank,Union Bank of India,MER_203791,StyleHub Fashion,Apparel,5651,115.80,INR,SUCCESS,00,,705122130609,BRN2265938773,UPI,ANDROID,Madhya Pradesh,SETTLED,28,false
TXN_20260803_627449,2026-08-03T08:32:56+05:30,Paytm,UPI_PAYMENT,user627994@paytm,homebasket411@axisbank,State Bank of India,Axis Bank,MER_921983,HomeBasket,Home & Living,5712,418.27,INR,SUCCESS,00,,695148700577,BRN9797643957,UPI,ANDROID,Gujarat,SETTLED,31,false
TXN_20260806_847932,2026-08-06T00:19:01+05:30,Paytm,UPI_PAYMENT,user843322@paytm,cafebrew207@bandhanb,HDFC Bank,Bandhan Bank,MER_965358,Cafe Brew,Cafe,5814,2057.67,INR,SUCCESS,00,,429855504357,BRN2865318349,UPI,ANDROID,Odisha,SETTLED,34,false
TXN_20260806_753499,2026-08-06T05:45:01+05:30,Paytm,UPI_PAYMENT,user290077@paytm,techsquaree182@canaraba,Axis Bank,Canara Bank,MER_205510,TechSquare Electronics,Electronics,5732,644.41,INR,SUCCESS,00,,421099902725,BRN2164165876,UPI,IOS,Delhi,SETTLED,33,false
TXN_20260808_767420,2026-08-08T04:52:37+05:30,Paytm,UPI_PAYMENT,user655095@paytm,urbaneats687@hdfcbank,Kotak Mahindra Bank,HDFC Bank,MER_225671,Urban Eats,Restaurant,5812,972.74,INR,SUCCESS,00,,956550841183,BRN8103772349,UPI,ANDROID,Uttar Pradesh,SETTLED,25,false
TXN_20260801_466586,2026-08-01T04:26:47+05:30,Paytm,UPI_PAYMENT,user962472@paytm,techsquaree662@stateban,HDFC Bank,State Bank of India,MER_961469,TechSquare Electronics,Electronics,5732,714.20,INR,SUCCESS,00,,967462450633,BRN4503157187,UPI,ANDROID,Madhya Pradesh,SETTLED,9,false
TXN_20260803_212192,2026-08-03T20:03:23+05:30,Paytm,UPI_PAYMENT,user880797@paytm,stylehubfas360@stateban,HDFC Bank,State Bank of India,MER_665492,StyleHub Fashion,Apparel,5651,155.67,INR,SUCCESS,00,,778950328565,BRN5957166542,UPI,ANDROID,Haryana,SETTLED,33,false
TXN_20260801_592684,2026-08-01T11:52:21+05:30,Paytm,UPI_PAYMENT,user231080@paytm,mobilerecha613@indianov,Bank of Baroda,Indian Overseas Bank,MER_387756,Mobile Recharge Hub,Telecom,4814,302.28,INR,SUCCESS,00,,151099444457,BRN6380951579,UPI,IOS,Odisha,SETTLED,53,false
TXN_20260809_540995,2026-08-09T02:23:40+05:30,Paytm,UPI_PAYMENT,user315915@paytm,metromobili786@bankofba,ICICI Bank,Bank of Baroda,MER_534904,Metro Mobility,Transport,4121,440.99,INR,SUCCESS,00,,428356728027,BRN6458379734,UPI,ANDROID,Odisha,SETTLED,1,false
TXN_20260808_502875,2026-08-08T10:15:00+05:30,Paytm,UPI_PAYMENT,user411581@paytm,booknest908@stateban,State Bank of India,State Bank of India,MER_898922,BookNest,Books,5942,353.16,INR,SUCCESS,00,,166038637492,BRN5118754075,UPI,ANDROID,Maharashtra,SETTLED,24,false
TXN_20260801_858307,2026-08-01T05:29:08+05:30,Paytm,UPI_PAYMENT,user101503@paytm,homebasket551@ausmallf,Indian Bank,AU Small Finance Bank,MER_759396,HomeBasket,Home & Living,5712,494.22,INR,SUCCESS,00,,457073188504,BRN7667983990,UPI,ANDROID,Delhi,SETTLED,46,false
TXN_20260809_372967,2026-08-09T17:22:24+05:30,Paytm,UPI_PAYMENT,user471693@paytm,freshmartre850@stateban,ICICI Bank,State Bank of India,MER_550037,FreshMart Retail,Grocery,5411,34.50,INR,SUCCESS,00,,896836458847,BRN6388546158,UPI,ANDROID,Delhi,SETTLED,43,false
TXN_20260803_581859,2026-08-03T04:54:33+05:30,Paytm,UPI_PAYMENT,user959058@paytm,utilitypays472@federalb,State Bank of India,Federal Bank,MER_754945,UtilityPay Services,Utilities,4900,573.55,INR,SUCCESS,00,,693371372822,BRN3163846711,UPI,ANDROID,Rajasthan,SETTLED,68,false
TXN_20260805_467941,2026-08-05T12:07:45+05:30,Paytm,UPI_PAYMENT,user791060@paytm,edulearnser56@axisbank,Canara Bank,Axis Bank,MER_259447,EduLearn Services,Education,8299,49.61,INR,SUCCESS,00,,661311009916,BRN8195324048,UPI,ANDROID,Kerala,SETTLED,45,false
TXN_20260806_915108,2026-08-06T20:51:02+05:30,Paytm,UPI_PAYMENT,user88041@paytm,homebasket163@stateban,IDFC FIRST Bank,State Bank of India,MER_203120,HomeBasket,Home & Living,5712,196.78,INR,SUCCESS,00,,180777005589,BRN9846534205,UPI,IOS,Haryana,SETTLED,17,false
TXN_20260806_588886,2026-08-06T05:20:08+05:30,Paytm,UPI_PAYMENT,user638504@paytm,homebasket147@indianba,State Bank of India,Indian Bank,MER_184503,HomeBasket,Home & Living,5712,351.25,INR,SUCCESS,00,,843756625591,BRN6924302667,UPI,ANDROID,Jharkhand,PENDING,42,false
TXN_20260805_839735,2026-08-05T18:16:05+05:30,Paytm,UPI_PAYMENT,user363796@paytm,medicarepha57@axisbank,Bank of India,Axis Bank,MER_241027,MediCare Pharmacy,Pharmacy,5912,76.84,INR,SUCCESS,00,,651414961455,BRN5716240969,UPI,ANDROID,Gujarat,SETTLED,19,false
TXN_20260801_134478,2026-08-01T14:48:29+05:30,Paytm,UPI_PAYMENT,user475144@paytm,edulearnser906@hdfcbank,Bank of Baroda,HDFC Bank,MER_957821,EduLearn Services,Education,8299,396.12,INR,SUCCESS,00,,806739720059,BRN3362867363,UPI,ANDROID,Andhra Pradesh,SETTLED,33,false
TXN_20260808_399092,2026-08-08T02:39:35+05:30,Paytm,UPI_PAYMENT,user698430@paytm,cafebrew368@stateban,HDFC Bank,State Bank of India,MER_413595,Cafe Brew,Cafe,5814,24.61,INR,SUCCESS,00,,701054310206,BRN1437271132,UPI,ANDROID,Uttar Pradesh,SETTLED,4,false
TXN_20260806_808229,2026-08-06T21:53:06+05:30,Paytm,UPI_PAYMENT,user69384@paytm,urbaneats726@canaraba,Bank of Baroda,Canara Bank,MER_344502,Urban Eats,Restaurant,5812,266.25,INR,SUCCESS,00,,165654774545,BRN6209419313,UPI,ANDROID,Uttar Pradesh,SETTLED,40,false
TXN_20260805_577655,2026-08-05T00:20:19+05:30,Paytm,UPI_PAYMENT,user544949@paytm,techsquaree739@kotakmah,ICICI Bank,Kotak Mahindra Bank,MER_480846,TechSquare Electronics,Electronics,5732,174.90,INR,SUCCESS,00,,794883022224,BRN5681538129,UPI,IOS,Kerala,SETTLED,17,false
TXN_20260802_924020,2026-08-02T18:09:05+05:30,Paytm,UPI_PAYMENT,user235748@paytm,edulearnser286@bankofba,ICICI Bank,Bank of Baroda,MER_171259,EduLearn Services,Education,8299,215.23,INR,SUCCESS,00,,127014931827,BRN7935033845,UPI,ANDROID,Kerala,SETTLED,68,false
TXN_20260801_101177,2026-08-01T06:37:07+05:30,Paytm,UPI_PAYMENT,user238377@paytm,mobilerecha749@stateban,ICICI Bank,State Bank of India,MER_106475,Mobile Recharge Hub,Telecom,4814,166.22,INR,SUCCESS,00,,112789975416,BRN9021674124,UPI,ANDROID,Uttarakhand,PENDING,19,false
TXN_20260803_951050,2026-08-03T01:45:31+05:30,Paytm,UPI_PAYMENT,user275629@paytm,homebasket740@indusind,UCO Bank,IndusInd Bank,MER_908551,HomeBasket,Home & Living,5712,998.77,INR,SUCCESS,00,,865975214232,BRN8702292202,UPI,ANDROID,Bihar,SETTLED,22,false
TXN_20260802_111490,2026-08-02T11:18:42+05:30,Paytm,UPI_PAYMENT,user952223@paytm,utilitypays597@kotakmah,State Bank of India,Kotak Mahindra Bank,MER_986167,UtilityPay Services,Utilities,4900,352.83,INR,SUCCESS,00,,853020588937,BRN4438793961,UPI,ANDROID,Telangana,SETTLED,8,false
TXN_20260802_935757,2026-08-02T23:11:27+05:30,Paytm,UPI_PAYMENT,user24207@paytm,utilitypays641@punjabna,State Bank of India,Punjab National Bank,MER_135233,UtilityPay Services,Utilities,4900,1920.05,INR,SUCCESS,00,,191675148750,BRN5341352732,UPI,WEB,Himachal Pradesh,SETTLED,9,false
TXN_20260802_940402,2026-08-02T09:28:31+05:30,Paytm,UPI_PAYMENT,user934710@paytm,edulearnser468@iciciban,ICICI Bank,ICICI Bank,MER_508671,EduLearn Services,Education,8299,212.26,INR,SUCCESS,00,,994488062732,BRN3915474076,UPI,ANDROID,Tamil Nadu,PENDING,33,false
TXN_20260802_893497,2026-08-02T11:51:22+05:30,Paytm,UPI_PAYMENT,user769811@paytm,medicarepha418@hdfcbank,HDFC Bank,HDFC Bank,MER_557090,MediCare Pharmacy,Pharmacy,5912,212.35,INR,SUCCESS,00,,768333929808,BRN3107840061,UPI,WEB,Goa,SETTLED,53,false
TXN_20260805_823765,2026-08-05T12:00:12+05:30,Paytm,UPI_PAYMENT,user933221@paytm,mobilerecha388@indusind,YES BANK,IndusInd Bank,MER_116230,Mobile Recharge Hub,Telecom,4814,362.06,INR,SUCCESS,00,,587402441813,BRN6349922199,UPI,ANDROID,Karnataka,SETTLED,24,false
TXN_20260809_146118,2026-08-09T16:55:44+05:30,Paytm,UPI_PAYMENT,user448789@paytm,edulearnser832@stateban,Kotak Mahindra Bank,State Bank of India,MER_768576,EduLearn Services,Education,8299,193.07,INR,SUCCESS,00,,237333880758,BRN5836035603,UPI,ANDROID,Karnataka,SETTLED,9,false
TXN_20260808_565911,2026-08-08T06:58:37+05:30,Paytm,UPI_PAYMENT,user922757@paytm,utilitypays649@iciciban,Bank of Baroda,ICICI Bank,MER_214107,UtilityPay Services,Utilities,4900,392.74,INR,SUCCESS,00,,829080998641,BRN9825592526,UPI,ANDROID,Odisha,SETTLED,27,false
TXN_20260808_243233,2026-08-08T05:28:13+05:30,Paytm,UPI_PAYMENT,user493047@paytm,edulearnser564@bankofin,HDFC Bank,Bank of India,MER_352453,EduLearn Services,Education,8299,441.10,INR,SUCCESS,00,,713448350265,BRN3832085931,UPI,ANDROID,Haryana,SETTLED,39,false
TXN_20260801_193589,2026-08-01T14:25:38+05:30,Paytm,UPI_PAYMENT,user836125@paytm,mobilerecha838@bankofba,ICICI Bank,Bank of Baroda,MER_173650,Mobile Recharge Hub,Telecom,4814,354.68,INR,SUCCESS,00,,210580610769,BRN6446783637,UPI,ANDROID,Uttar Pradesh,SETTLED,13,false
TXN_20260803_609850,2026-08-03T04:53:27+05:30,Paytm,UPI_PAYMENT,user284415@paytm,cafebrew479@unionban,Axis Bank,Union Bank of India,MER_380086,Cafe Brew,Cafe,5814,75.16,INR,SUCCESS,00,,137565618952,BRN8201865561,UPI,IOS,Uttar Pradesh,SETTLED,20,false
TXN_20260803_104375,2026-08-03T05:10:19+05:30,Paytm,UPI_PAYMENT,user499294@paytm,cafebrew238@bankofba,ICICI Bank,Bank of Baroda,MER_566400,Cafe Brew,Cafe,5814,295.50,INR,SUCCESS,00,,960897018463,BRN9927164519,UPI,ANDROID,Rajasthan,SETTLED,26,false
TXN_20260807_132421,2026-08-07T20:24:10+05:30,Paytm,UPI_PAYMENT,user572584@paytm,cafebrew499@axisbank,ICICI Bank,Axis Bank,MER_866256,Cafe Brew,Cafe,5814,28.88,INR,SUCCESS,00,,810272528810,BRN6250894399,UPI,IOS,Maharashtra,SETTLED,9,false
TXN_20260803_409024,2026-08-03T08:12:23+05:30,Paytm,UPI_PAYMENT,user994373@paytm,fitzonegym957@punjabna,Bank of Baroda,Punjab National Bank,MER_641259,FitZone Gym,Fitness,7997,139.28,INR,SUCCESS,00,,712375437712,BRN7398814950,UPI,IOS,Tamil Nadu,SETTLED,45,false
TXN_20260804_862381,2026-08-04T20:22:29+05:30,Paytm,UPI_PAYMENT,user841618@paytm,mobilerecha321@hdfcbank,YES BANK,HDFC Bank,MER_333674,Mobile Recharge Hub,Telecom,4814,1226.20,INR,SUCCESS,00,,245770009401,BRN3220940647,UPI,ANDROID,Telangana,SETTLED,56,false
TXN_20260804_804877,2026-08-04T13:46:35+05:30,Paytm,UPI_PAYMENT,user719443@paytm,mobilerecha491@stateban,State Bank of India,State Bank of India,MER_413795,Mobile Recharge Hub,Telecom,4814,208.93,INR,SUCCESS,00,,617254110615,BRN7664694402,UPI,ANDROID,Karnataka,SETTLED,28,false
TXN_20260803_202771,2026-08-03T19:37:09+05:30,Paytm,UPI_PAYMENT,user524805@paytm,mobilerecha296@bankofba,ICICI Bank,Bank of Baroda,MER_797283,Mobile Recharge Hub,Telecom,4814,65.45,INR,SUCCESS,00,,822441494372,BRN8558466141,UPI,ANDROID,Karnataka,PENDING,32,false
TXN_20260802_900984,2026-08-02T02:27:21+05:30,Paytm,UPI_PAYMENT,user623917@paytm,booknest482@stateban,Canara Bank,State Bank of India,MER_147401,BookNest,Books,5942,403.47,INR,SUCCESS,00,,982315274149,BRN1244113856,UPI,ANDROID,Madhya Pradesh,SETTLED,21,false
TXN_20260803_627553,2026-08-03T05:37:16+05:30,Paytm,UPI_PAYMENT,user383822@paytm,cafebrew147@stateban,Axis Bank,State Bank of India,MER_678633,Cafe Brew,Cafe,5814,89.80,INR,SUCCESS,00,,764537768540,BRN6234324747,UPI,ANDROID,Himachal Pradesh,SETTLED,42,false
TXN_20260807_905691,2026-08-07T20:56:08+05:30,Paytm,UPI_PAYMENT,user678452@paytm,urbaneats372@iciciban,Bank of Baroda,ICICI Bank,MER_188771,Urban Eats,Restaurant,5812,920.89,INR,SUCCESS,00,,848268041301,BRN5372257689,UPI,IOS,Tamil Nadu,SETTLED,48,false
TXN_20260806_855104,2026-08-06T23:41:39+05:30,Paytm,UPI_PAYMENT,user692733@paytm,metromobili53@centralb,IndusInd Bank,Central Bank of India,MER_434930,Metro Mobility,Transport,4121,357.74,INR,SUCCESS,00,,773040656555,BRN4608960293,UPI,WEB,Delhi,SETTLED,15,false
TXN_20260801_966429,2026-08-01T01:02:09+05:30,Paytm,UPI_PAYMENT,user711178@paytm,stylehubfas649@kotakmah,Bank of Baroda,Kotak Mahindra Bank,MER_246406,StyleHub Fashion,Apparel,5651,104.32,INR,SUCCESS,00,,247538099550,BRN7330354591,UPI,ANDROID,Tamil Nadu,SETTLED,11,false
TXN_20260805_767590,2026-08-05T20:53:39+05:30,Paytm,UPI_PAYMENT,user576982@paytm,homebasket656@idfcfirs,ICICI Bank,IDFC FIRST Bank,MER_843596,HomeBasket,Home & Living,5712,870.34,INR,SUCCESS,00,,306429651946,BRN8257143162,UPI,WEB,Gujarat,SETTLED,36,false
TXN_20260802_501779,2026-08-02T23:23:11+05:30,Paytm,UPI_PAYMENT,user864460@paytm,freshmartre935@iciciban,HDFC Bank,ICICI Bank,MER_446753,FreshMart Retail,Grocery,5411,512.83,INR,SUCCESS,00,,407292517343,BRN6466523839,UPI,IOS,Bihar,SETTLED,1,false
TXN_20260809_148866,2026-08-09T11:58:08+05:30,Paytm,UPI_PAYMENT,user118587@paytm,edulearnser813@hdfcbank,State Bank of India,HDFC Bank,MER_496682,EduLearn Services,Education,8299,195.74,INR,SUCCESS,00,,478212632963,BRN1097745499,UPI,ANDROID,Rajasthan,SETTLED,1,false
TXN_20260808_658368,2026-08-08T23:23:31+05:30,Paytm,UPI_PAYMENT,user144003@paytm,homebasket160@idfcfirs,Kotak Mahindra Bank,IDFC FIRST Bank,MER_627072,HomeBasket,Home & Living,5712,1124.67,INR,SUCCESS,00,,952433816939,BRN5160915237,UPI,IOS,Uttar Pradesh,SETTLED,55,false
TXN_20260805_186589,2026-08-05T18:16:15+05:30,Paytm,UPI_PAYMENT,user767633@paytm,booknest439@canaraba,ICICI Bank,Canara Bank,MER_261036,BookNest,Books,5942,140.64,INR,REVERSED,00,,787334094206,BRN7924612512,UPI,ANDROID,Delhi,REVERSED,61,false
TXN_20260804_884604,2026-08-04T01:28:00+05:30,Paytm,UPI_PAYMENT,user687501@paytm,fitzonegym510@punjabna,ICICI Bank,Punjab National Bank,MER_332103,FitZone Gym,Fitness,7997,329.75,INR,SUCCESS,00,,684482625212,BRN3103519792,UPI,ANDROID,Tamil Nadu,SETTLED,21,false
TXN_20260802_633129,2026-08-02T13:19:43+05:30,Paytm,UPI_PAYMENT,user640821@paytm,urbaneats51@bandhanb,ICICI Bank,Bandhan Bank,MER_729718,Urban Eats,Restaurant,5812,320.00,INR,SUCCESS,00,,994920770584,BRN5948774289,UPI,ANDROID,Telangana,SETTLED,19,false
TXN_20260809_523833,2026-08-09T21:25:16+05:30,Paytm,UPI_PAYMENT,user340507@paytm,medicarepha259@unionban,State Bank of India,Union Bank of India,MER_214606,MediCare Pharmacy,Pharmacy,5912,275.09,INR,SUCCESS,00,,138733810575,BRN3540465741,UPI,ANDROID,Jharkhand,SETTLED,11,false
TXN_20260802_624369,2026-08-02T18:52:07+05:30,Paytm,UPI_PAYMENT,user63740@paytm,mobilerecha58@bankofba,Punjab National Bank,Bank of Baroda,MER_588651,Mobile Recharge Hub,Telecom,4814,340.39,INR,SUCCESS,00,,706053801034,BRN4031253742,UPI,ANDROID,Odisha,SETTLED,23,false
TXN_20260804_270353,2026-08-04T05:49:22+05:30,Paytm,UPI_PAYMENT,user746553@paytm,fitzonegym34@yesbank,State Bank of India,YES BANK,MER_968012,FitZone Gym,Fitness,7997,48.02,INR,SUCCESS,00,,121331939613,BRN4215582015,UPI,ANDROID,Karnataka,SETTLED,1,false
TXN_20260803_216683,2026-08-03T18:33:44+05:30,Paytm,UPI_PAYMENT,user802335@paytm,urbaneats915@unionban,Bank of Baroda,Union Bank of India,MER_250537,Urban Eats,Restaurant,5812,398.84,INR,SUCCESS,00,,817797667571,BRN8049464552,UPI,ANDROID,Gujarat,SETTLED,1,false
TXN_20260808_928990,2026-08-08T22:46:29+05:30,Paytm,UPI_PAYMENT,user247489@paytm,medicarepha598@bankofin,ICICI Bank,Bank of India,MER_347611,MediCare Pharmacy,Pharmacy,5912,484.81,INR,SUCCESS,00,,558730279885,BRN6945882224,UPI,ANDROID,Andhra Pradesh,SETTLED,56,false
TXN_20260803_157105,2026-08-03T15:53:50+05:30,Paytm,UPI_PAYMENT,user709295@paytm,fitzonegym276@canaraba,IndusInd Bank,Canara Bank,MER_600153,FitZone Gym,Fitness,7997,103.94,INR,SUCCESS,00,,625146903770,BRN2035935677,UPI,IOS,Kerala,PENDING,11,false
TXN_20260804_163918,2026-08-04T21:35:02+05:30,Paytm,UPI_PAYMENT,user719716@paytm,freshmartre857@hdfcbank,IDFC FIRST Bank,HDFC Bank,MER_648219,FreshMart Retail,Grocery,5411,631.68,INR,SUCCESS,00,,241094456107,BRN1477342015,UPI,ANDROID,Maharashtra,SETTLED,11,false
TXN_20260808_947786,2026-08-08T08:22:28+05:30,Paytm,UPI_PAYMENT,user37867@paytm,techsquaree142@hdfcbank,HDFC Bank,HDFC Bank,MER_971160,TechSquare Electronics,Electronics,5732,283.01,INR,SUCCESS,00,,669057874987,BRN8253586493,UPI,ANDROID,Gujarat,SETTLED,18,false
TXN_20260802_494412,2026-08-02T13:54:17+05:30,Paytm,UPI_PAYMENT,user771933@paytm,stylehubfas635@bankofba,AU Small Finance Bank,Bank of Baroda,MER_752636,StyleHub Fashion,Apparel,5651,248.99,INR,SUCCESS,00,,532906572807,BRN3956096452,UPI,ANDROID,Delhi,SETTLED,32,false
TXN_20260801_525491,2026-08-01T06:55:25+05:30,Paytm,UPI_PAYMENT,user186244@paytm,homebasket617@axisbank,Federal Bank,Axis Bank,MER_122036,HomeBasket,Home & Living,5712,268.59,INR,SUCCESS,00,,150032501583,BRN6242337968,UPI,IOS,Gujarat,PENDING,26,false
TXN_20260806_450395,2026-08-06T16:13:23+05:30,Paytm,UPI_PAYMENT,user928381@paytm,freshmartre831@kotakmah,HDFC Bank,Kotak Mahindra Bank,MER_713732,FreshMart Retail,Grocery,5411,172.10,INR,SUCCESS,00,,765778323686,BRN6488468454,UPI,WEB,Tamil Nadu,SETTLED,19,false
TXN_20260803_376589,2026-08-03T13:35:21+05:30,Paytm,UPI_PAYMENT,user682235@paytm,quickfuelst362@yesbank,YES BANK,YES BANK,MER_942657,QuickFuel Station,Fuel,5541,417.70,INR,SUCCESS,00,,149950288999,BRN6340157830,UPI,ANDROID,Andhra Pradesh,SETTLED,41,false
TXN_20260806_307206,2026-08-06T14:38:08+05:30,Paytm,UPI_PAYMENT,user943397@paytm,medicarepha832@canaraba,HDFC Bank,Canara Bank,MER_389523,MediCare Pharmacy,Pharmacy,5912,1009.37,INR,SUCCESS,00,,216570598708,BRN5536105657,UPI,ANDROID,Maharashtra,SETTLED,26,false
TXN_20260809_972902,2026-08-09T23:44:27+05:30,Paytm,UPI_PAYMENT,user672263@paytm,medicarepha123@yesbank,Union Bank of India,YES BANK,MER_805980,MediCare Pharmacy,Pharmacy,5912,139.62,INR,SUCCESS,00,,115633672823,BRN9393872944,UPI,IOS,Andhra Pradesh,SETTLED,27,false
TXN_20260803_566197,2026-08-03T23:28:31+05:30,Paytm,UPI_PAYMENT,user604579@paytm,cafebrew157@bankofin,HDFC Bank,Bank of India,MER_893951,Cafe Brew,Cafe,5814,187.50,INR,SUCCESS,00,,944367831548,BRN3176947743,UPI,IOS,Chhattisgarh,SETTLED,1,false
TXN_20260803_698284,2026-08-03T07:00:05+05:30,Paytm,UPI_PAYMENT,user717145@paytm,stylehubfas57@stateban,Bank of Baroda,State Bank of India,MER_861184,StyleHub Fashion,Apparel,5651,317.17,INR,SUCCESS,00,,208731009914,BRN3345334551,UPI,ANDROID,Tamil Nadu,SETTLED,23,false
TXN_20260805_642989,2026-08-05T15:26:47+05:30,Paytm,UPI_PAYMENT,user888129@paytm,stylehubfas547@hdfcbank,Kotak Mahindra Bank,HDFC Bank,MER_816722,StyleHub Fashion,Apparel,5651,62.43,INR,SUCCESS,00,,361044067600,BRN2029941003,UPI,IOS,Tamil Nadu,SETTLED,18,false
TXN_20260808_215175,2026-08-08T19:23:46+05:30,Paytm,UPI_PAYMENT,user218486@paytm,edulearnser931@iciciban,Indian Bank,ICICI Bank,MER_106078,EduLearn Services,Education,8299,325.35,INR,SUCCESS,00,,318334470888,BRN1897586726,UPI,ANDROID,Tamil Nadu,SETTLED,35,false
TXN_20260808_241211,2026-08-08T15:09:09+05:30,Paytm,UPI_PAYMENT,user202554@paytm,cafebrew145@iciciban,Central Bank of India,ICICI Bank,MER_627528,Cafe Brew,Cafe,5814,297.86,INR,SUCCESS,00,,644940228806,BRN8355579173,UPI,ANDROID,Bihar,PENDING,32,false
TXN_20260804_513778,2026-08-04T16:21:36+05:30,Paytm,UPI_PAYMENT,user115271@paytm,edulearnser188@canaraba,Axis Bank,Canara Bank,MER_270832,EduLearn Services,Education,8299,211.08,INR,SUCCESS,00,,931833049459,BRN7872386984,UPI,IOS,Maharashtra,SETTLED,11,false
TXN_20260804_388674,2026-08-04T14:12:22+05:30,Paytm,UPI_PAYMENT,user149036@paytm,booknest905@stateban,HDFC Bank,State Bank of India,MER_256772,BookNest,Books,5942,84.30,INR,SUCCESS,00,,877229119334,BRN7062900962,UPI,IOS,Punjab,SETTLED,1,false
TXN_20260804_831465,2026-08-04T10:29:34+05:30,Paytm,UPI_PAYMENT,user474138@paytm,stylehubfas951@punjabna,State Bank of India,Punjab National Bank,MER_987380,StyleHub Fashion,Apparel,5651,704.12,INR,SUCCESS,00,,468020441683,BRN4775732672,UPI,ANDROID,Rajasthan,SETTLED,28,false
TXN_20260803_311073,2026-08-03T20:03:15+05:30,Paytm,UPI_PAYMENT,user400876@paytm,edulearnser317@stateban,HDFC Bank,State Bank of India,MER_641923,EduLearn Services,Education,8299,460.85,INR,FAILED,U69,BENEFICIARY_BANK_OFFLINE,375341342259,,UPI,ANDROID,Rajasthan,NOT_APPLICABLE,10,false
TXN_20260803_602593,2026-08-03T03:23:25+05:30,Paytm,UPI_PAYMENT,user955580@paytm,mobilerecha795@stateban,HDFC Bank,State Bank of India,MER_261242,Mobile Recharge Hub,Telecom,4814,254.51,INR,SUCCESS,00,,143636577381,BRN2334406904,UPI,IOS,Telangana,SETTLED,31,false
TXN_20260808_730906,2026-08-08T03:29:13+05:30,Paytm,UPI_PAYMENT,user314325@paytm,cafebrew275@punjabna,ICICI Bank,Punjab National Bank,MER_602907,Cafe Brew,Cafe,5814,168.41,INR,SUCCESS,00,,580962237515,BRN5681895082,UPI,ANDROID,Maharashtra,PENDING,40,false
TXN_20260808_670237,2026-08-08T00:44:08+05:30,Paytm,UPI_PAYMENT,user959867@paytm,stylehubfas923@stateban,Union Bank of India,State Bank of India,MER_392260,StyleHub Fashion,Apparel,5651,193.22,INR,SUCCESS,00,,729927816069,BRN5667984448,UPI,IOS,Rajasthan,SETTLED,44,false
TXN_20260803_750021,2026-08-03T08:00:34+05:30,Paytm,UPI_PAYMENT,user620812@paytm,stylehubfas115@stateban,Axis Bank,State Bank of India,MER_379354,StyleHub Fashion,Apparel,5651,284.49,INR,SUCCESS,00,,778106107105,BRN6128303781,UPI,WEB,Gujarat,SETTLED,1,false
TXN_20260808_251482,2026-08-08T14:57:29+05:30,Paytm,UPI_PAYMENT,user790562@paytm,cafebrew401@iciciban,Bank of Baroda,ICICI Bank,MER_841872,Cafe Brew,Cafe,5814,128.03,INR,SUCCESS,00,,219626818710,BRN2802893091,UPI,ANDROID,Delhi,SETTLED,31,false
TXN_20260805_761078,2026-08-05T08:34:03+05:30,Paytm,UPI_PAYMENT,user477904@paytm,techsquaree474@hdfcbank,HDFC Bank,HDFC Bank,MER_170797,TechSquare Electronics,Electronics,5732,264.11,INR,SUCCESS,00,,952140008249,BRN2167983240,UPI,IOS,Uttar Pradesh,SETTLED,37,false
TXN_20260802_871356,2026-08-02T07:15:54+05:30,Paytm,UPI_PAYMENT,user228757@paytm,homebasket538@axisbank,Canara Bank,Axis Bank,MER_619875,HomeBasket,Home & Living,5712,952.04,INR,SUCCESS,00,,472016292087,BRN5820643203,UPI,ANDROID,Maharashtra,SETTLED,27,false
TXN_20260802_460283,2026-08-02T10:25:04+05:30,Paytm,UPI_PAYMENT,user448681@paytm,booknest409@punjabna,Bank of India,Punjab National Bank,MER_799430,BookNest,Books,5942,867.94,INR,SUCCESS,00,,207286660290,BRN4851994281,UPI,IOS,Delhi,SETTLED,39,false
TXN_20260807_907881,2026-08-07T12:39:00+05:30,Paytm,UPI_PAYMENT,user800500@paytm,metromobili904@stateban,HDFC Bank,State Bank of India,MER_646011,Metro Mobility,Transport,4121,208.03,INR,SUCCESS,00,,131521120488,BRN4472264723,UPI,ANDROID,Bihar,SETTLED,26,false
TXN_20260806_488141,2026-08-06T14:48:57+05:30,Paytm,UPI_PAYMENT,user893158@paytm,stylehubfas165@stateban,IndusInd Bank,State Bank of India,MER_777234,StyleHub Fashion,Apparel,5651,64.68,INR,SUCCESS,00,,825447456457,BRN5198667670,UPI,ANDROID,Gujarat,SETTLED,32,false
TXN_20260801_639532,2026-08-01T22:06:06+05:30,Paytm,UPI_PAYMENT,user286013@paytm,stylehubfas97@stateban,Federal Bank,State Bank of India,MER_546121,StyleHub Fashion,Apparel,5651,603.50,INR,PENDING,P01,,151060925569,BRN4591960299,UPI,IOS,Punjab,PENDING,22,false
TXN_20260801_284693,2026-08-01T04:40:33+05:30,Paytm,UPI_PAYMENT,user709361@paytm,utilitypays626@bankofin,State Bank of India,Bank of India,MER_631994,UtilityPay Services,Utilities,4900,1267.09,INR,SUCCESS,00,,124509511088,BRN4572952066,UPI,ANDROID,Tamil Nadu,SETTLED,1,false
TXN_20260804_758078,2026-08-04T02:08:06+05:30,Paytm,UPI_PAYMENT,user816924@paytm,metromobili391@hdfcbank,State Bank of India,HDFC Bank,MER_551832,Metro Mobility,Transport,4121,434.01,INR,SUCCESS,00,,655510635500,BRN7020905811,UPI,ANDROID,Bihar,SETTLED,13,false
TXN_20260808_328789,2026-08-08T06:57:40+05:30,Paytm,UPI_PAYMENT,user439566@paytm,metromobili911@axisbank,State Bank of India,Axis Bank,MER_948105,Metro Mobility,Transport,4121,85.09,INR,SUCCESS,00,,324173895272,BRN7931616746,UPI,WEB,Karnataka,SETTLED,44,false
TXN_20260805_444042,2026-08-05T13:37:03+05:30,Paytm,UPI_PAYMENT,user247222@paytm,mobilerecha718@stateban,ICICI Bank,State Bank of India,MER_286719,Mobile Recharge Hub,Telecom,4814,76.60,INR,SUCCESS,00,,299693485440,BRN3067362180,UPI,IOS,Uttar Pradesh,SETTLED,19,false
TXN_20260803_799238,2026-08-03T15:46:38+05:30,Paytm,UPI_PAYMENT,user666114@paytm,fitzonegym840@canaraba,Axis Bank,Canara Bank,MER_697458,FitZone Gym,Fitness,7997,27.29,INR,SUCCESS,00,,114324101589,BRN4370445449,UPI,ANDROID,Madhya Pradesh,SETTLED,1,false
TXN_20260804_718840,2026-08-04T14:54:48+05:30,Paytm,UPI_PAYMENT,user797009@paytm,metromobili553@kotakmah,ICICI Bank,Kotak Mahindra Bank,MER_162454,Metro Mobility,Transport,4121,98.79,INR,SUCCESS,00,,299037455374,BRN9850432648,UPI,ANDROID,Uttarakhand,PENDING,22,false
TXN_20260801_609103,2026-08-01T18:07:09+05:30,Paytm,UPI_PAYMENT,user835026@paytm,stylehubfas144@indusind,HDFC Bank,IndusInd Bank,MER_401435,StyleHub Fashion,Apparel,5651,245.92,INR,SUCCESS,00,,958796883964,BRN5702844158,UPI,ANDROID,Haryana,PENDING,23,false
TXN_20260802_186050,2026-08-02T12:22:45+05:30,Paytm,UPI_PAYMENT,user98957@paytm,medicarepha163@canaraba,Bank of Baroda,Canara Bank,MER_610864,MediCare Pharmacy,Pharmacy,5912,568.95,INR,SUCCESS,00,,540758017412,BRN1306982800,UPI,ANDROID,Telangana,SETTLED,54,false
TXN_20260805_554324,2026-08-05T11:44:43+05:30,Paytm,UPI_PAYMENT,user977930@paytm,fitzonegym985@canaraba,Axis Bank,Canara Bank,MER_180872,FitZone Gym,Fitness,7997,342.92,INR,SUCCESS,00,,497377958731,BRN7136987408,UPI,ANDROID,Rajasthan,SETTLED,13,false
TXN_20260804_626247,2026-08-04T07:34:44+05:30,Paytm,UPI_PAYMENT,user563711@paytm,fitzonegym562@axisbank,Bank of Baroda,Axis Bank,MER_311547,FitZone Gym,Fitness,7997,352.01,INR,SUCCESS,00,,304022370336,BRN1927996225,UPI,ANDROID,Gujarat,SETTLED,20,false
TXN_20260809_465350,2026-08-09T11:33:00+05:30,Paytm,UPI_PAYMENT,user936346@paytm,stylehubfas919@axisbank,Bank of Baroda,Axis Bank,MER_343365,StyleHub Fashion,Apparel,5651,633.29,INR,SUCCESS,00,,739206123992,BRN4214387263,UPI,ANDROID,Maharashtra,PENDING,30,false
TXN_20260801_426084,2026-08-01T16:50:14+05:30,Paytm,UPI_PAYMENT,user491715@paytm,booknest440@canaraba,Punjab National Bank,Canara Bank,MER_938073,BookNest,Books,5942,467.36,INR,SUCCESS,00,,710771956051,BRN4733891727,UPI,IOS,Madhya Pradesh,SETTLED,35,false
TXN_20260806_271724,2026-08-06T01:25:13+05:30,Paytm,UPI_PAYMENT,user868913@paytm,cafebrew735@axisbank,HDFC Bank,Axis Bank,MER_781062,Cafe Brew,Cafe,5814,27.25,INR,SUCCESS,00,,193204957592,BRN5505357671,UPI,ANDROID,Goa,SETTLED,32,false
TXN_20260808_362224,2026-08-08T21:04:18+05:30,Paytm,UPI_PAYMENT,user827009@paytm,urbaneats197@stateban,ICICI Bank,State Bank of India,MER_964267,Urban Eats,Restaurant,5812,43.59,INR,SUCCESS,00,,907197185487,BRN1765212839,UPI,ANDROID,Andhra Pradesh,SETTLED,12,false
TXN_20260809_271340,2026-08-09T13:11:10+05:30,Paytm,UPI_PAYMENT,user144256@paytm,homebasket699@kotakmah,State Bank of India,Kotak Mahindra Bank,MER_639389,HomeBasket,Home & Living,5712,731.28,INR,SUCCESS,00,,129551463529,BRN9120216474,UPI,ANDROID,Chhattisgarh,SETTLED,24,false
TXN_20260809_937606,2026-08-09T01:45:30+05:30,Paytm,UPI_PAYMENT,user438146@paytm,edulearnser695@iciciban,Canara Bank,ICICI Bank,MER_198810,EduLearn Services,Education,8299,61.32,INR,SUCCESS,00,,973990178993,BRN4374930156,UPI,IOS,Haryana,SETTLED,29,false
TXN_20260808_116856,2026-08-08T17:15:25+05:30,Paytm,UPI_PAYMENT,user565775@paytm,metromobili399@bankofba,HDFC Bank,Bank of Baroda,MER_591953,Metro Mobility,Transport,4121,541.63,INR,SUCCESS,00,,124036522278,BRN6096711126,UPI,IOS,Tamil Nadu,SETTLED,26,false
TXN_20260804_421602,2026-08-04T20:35:20+05:30,Paytm,UPI_PAYMENT,user383896@paytm,techsquaree250@stateban,Axis Bank,State Bank of India,MER_195824,TechSquare Electronics,Electronics,5732,724.69,INR,SUCCESS,00,,670895267567,BRN6402021904,UPI,IOS,Tamil Nadu,PENDING,31,false
TXN_20260801_297546,2026-08-01T05:44:12+05:30,Paytm,UPI_PAYMENT,user87377@paytm,quickfuelst979@axisbank,ICICI Bank,Axis Bank,MER_206819,QuickFuel Station,Fuel,5541,128.84,INR,SUCCESS,00,,897569836237,BRN8354547784,UPI,ANDROID,Rajasthan,SETTLED,26,false
TXN_20260807_686474,2026-08-07T00:37:56+05:30,Paytm,UPI_PAYMENT,user329046@paytm,metromobili660@axisbank,State Bank of India,Axis Bank,MER_148826,Metro Mobility,Transport,4121,311.00,INR,SUCCESS,00,,977743106522,BRN9727415015,UPI,ANDROID,Andhra Pradesh,SETTLED,44,false
TXN_20260803_715447,2026-08-03T04:19:31+05:30,Paytm,UPI_PAYMENT,user617351@paytm,metromobili546@axisbank,ICICI Bank,Axis Bank,MER_850716,Metro Mobility,Transport,4121,13.58,INR,SUCCESS,00,,897777049936,BRN6931089001,UPI,ANDROID,West Bengal,SETTLED,6,false
TXN_20260809_577353,2026-08-09T08:40:39+05:30,Paytm,UPI_PAYMENT,user878996@paytm,medicarepha617@kotakmah,Axis Bank,Kotak Mahindra Bank,MER_208468,MediCare Pharmacy,Pharmacy,5912,165.83,INR,SUCCESS,00,,405247835709,BRN9615238878,UPI,ANDROID,Tamil Nadu,SETTLED,48,false
TXN_20260802_670989,2026-08-02T23:23:54+05:30,Paytm,UPI_PAYMENT,user558250@paytm,utilitypays598@stateban,ICICI Bank,State Bank of India,MER_968024,UtilityPay Services,Utilities,4900,1210.89,INR,SUCCESS,00,,664049123420,BRN8982800390,UPI,IOS,Haryana,SETTLED,20,false
TXN_20260804_270589,2026-08-04T14:02:43+05:30,Paytm,UPI_PAYMENT,user928793@paytm,booknest93@hdfcbank,Axis Bank,HDFC Bank,MER_521034,BookNest,Books,5942,241.88,INR,SUCCESS,00,,541731574738,BRN3298362920,UPI,IOS,Telangana,SETTLED,21,false
TXN_20260804_639010,2026-08-04T18:42:47+05:30,Paytm,UPI_PAYMENT,user222743@paytm,medicarepha119@punjabna,State Bank of India,Punjab National Bank,MER_425386,MediCare Pharmacy,Pharmacy,5912,239.00,INR,SUCCESS,00,,576665310734,BRN1772585528,UPI,ANDROID,Uttar Pradesh,SETTLED,22,false
TXN_20260805_109833,2026-08-05T20:45:33+05:30,Paytm,UPI_PAYMENT,user973580@paytm,stylehubfas433@stateban,Kotak Mahindra Bank,State Bank of India,MER_356392,StyleHub Fashion,Apparel,5651,354.45,INR,FAILED,U17,INVALID_VPA,101591376779,,UPI,ANDROID,Rajasthan,NOT_APPLICABLE,28,false
TXN_20260804_672108,2026-08-04T02:59:59+05:30,Paytm,UPI_PAYMENT,user702428@paytm,mobilerecha432@axisbank,HDFC Bank,Axis Bank,MER_114295,Mobile Recharge Hub,Telecom,4814,273.42,INR,SUCCESS,00,,378478664188,BRN5924107206,UPI,IOS,Delhi,SETTLED,28,false
TXN_20260805_310085,2026-08-05T11:49:42+05:30,Paytm,UPI_PAYMENT,user938492@paytm,freshmartre459@canaraba,State Bank of India,Canara Bank,MER_953475,FreshMart Retail,Grocery,5411,44.20,INR,SUCCESS,00,,547474974737,BRN5811122823,UPI,IOS,Kerala,SETTLED,6,false
TXN_20260804_708150,2026-08-04T22:56:45+05:30,Paytm,UPI_PAYMENT,user754170@paytm,stylehubfas197@indusind,HDFC Bank,IndusInd Bank,MER_892294,StyleHub Fashion,Apparel,5651,273.63,INR,SUCCESS,00,,595825649883,BRN6335285520,UPI,ANDROID,Odisha,PENDING,19,false
TXN_20260804_549351,2026-08-04T22:55:57+05:30,Paytm,UPI_PAYMENT,user168002@paytm,urbaneats182@hdfcbank,ICICI Bank,HDFC Bank,MER_117619,Urban Eats,Restaurant,5812,60.79,INR,SUCCESS,00,,792718444833,BRN5468718301,UPI,ANDROID,Maharashtra,SETTLED,1,false
TXN_20260809_299968,2026-08-09T00:06:12+05:30,Paytm,UPI_PAYMENT,user281085@paytm,stylehubfas482@iciciban,State Bank of India,ICICI Bank,MER_143547,StyleHub Fashion,Apparel,5651,637.15,INR,REVERSED,00,,606820599800,BRN8491926136,UPI,IOS,Telangana,REVERSED,38,false
TXN_20260808_168949,2026-08-08T22:46:23+05:30,Paytm,UPI_PAYMENT,user995711@paytm,quickfuelst266@stateban,HDFC Bank,State Bank of India,MER_872298,QuickFuel Station,Fuel,5541,224.58,INR,SUCCESS,00,,197659556395,BRN4035124271,UPI,ANDROID,Tamil Nadu,SETTLED,43,false
TXN_20260805_209098,2026-08-05T15:38:09+05:30,Paytm,UPI_PAYMENT,user194810@paytm,utilitypays808@federalb,HDFC Bank,Federal Bank,MER_982566,UtilityPay Services,Utilities,4900,74.11,INR,SUCCESS,00,,781138780192,BRN9257936989,UPI,ANDROID,Uttar Pradesh,PENDING,1,false
TXN_20260805_908434,2026-08-05T01:22:30+05:30,Paytm,UPI_PAYMENT,user332061@paytm,metromobili950@axisbank,HDFC Bank,Axis Bank,MER_698111,Metro Mobility,Transport,4121,104.46,INR,SUCCESS,00,,869256517610,BRN1883190350,UPI,ANDROID,Gujarat,SETTLED,40,false
TXN_20260802_893402,2026-08-02T08:10:32+05:30,Paytm,UPI_PAYMENT,user743069@paytm,metromobili45@hdfcbank,Indian Bank,HDFC Bank,MER_590475,Metro Mobility,Transport,4121,65.55,INR,SUCCESS,00,,402044918840,BRN7043924163,UPI,ANDROID,Tamil Nadu,SETTLED,30,false
TXN_20260807_277766,2026-08-07T08:06:52+05:30,Paytm,UPI_PAYMENT,user444659@paytm,homebasket253@stateban,HDFC Bank,State Bank of India,MER_747863,HomeBasket,Home & Living,5712,161.15,INR,SUCCESS,00,,145717781105,BRN2920498049,UPI,ANDROID,Uttar Pradesh,SETTLED,22,false
TXN_20260804_250042,2026-08-04T11:12:44+05:30,Paytm,UPI_PAYMENT,user312628@paytm,stylehubfas652@hdfcbank,Bank of India,HDFC Bank,MER_116492,StyleHub Fashion,Apparel,5651,422.69,INR,SUCCESS,00,,890213219482,BRN3645965684,UPI,ANDROID,Delhi,PENDING,49,false
TXN_20260808_985869,2026-08-08T17:24:00+05:30,Paytm,UPI_PAYMENT,user452287@paytm,metromobili907@punjabna,Bank of Baroda,Punjab National Bank,MER_237858,Metro Mobility,Transport,4121,1993.60,INR,SUCCESS,00,,454842371585,BRN2334963141,UPI,ANDROID,Maharashtra,SETTLED,1,false
TXN_20260806_192448,2026-08-06T07:28:57+05:30,Paytm,UPI_PAYMENT,user709392@paytm,booknest958@kotakmah,Punjab National Bank,Kotak Mahindra Bank,MER_124541,BookNest,Books,5942,235.92,INR,SUCCESS,00,,745490954129,BRN3941581463,UPI,ANDROID,Rajasthan,SETTLED,48,false
TXN_20260805_400041,2026-08-05T02:21:38+05:30,Paytm,UPI_PAYMENT,user71364@paytm,stylehubfas569@kotakmah,Punjab National Bank,Kotak Mahindra Bank,MER_683474,StyleHub Fashion,Apparel,5651,286.59,INR,SUCCESS,00,,499616219462,BRN1282680152,UPI,IOS,Assam,SETTLED,29,false
TXN_20260801_214047,2026-08-01T06:40:42+05:30,Paytm,UPI_PAYMENT,user482225@paytm,fitzonegym916@hdfcbank,HDFC Bank,HDFC Bank,MER_747959,FitZone Gym,Fitness,7997,91.15,INR,SUCCESS,00,,780913761943,BRN7961372927,UPI,ANDROID,Uttar Pradesh,SETTLED,38,false
TXN_20260808_156480,2026-08-08T16:02:38+05:30,Paytm,UPI_PAYMENT,user119184@paytm,homebasket357@iciciban,Canara Bank,ICICI Bank,MER_734268,HomeBasket,Home & Living,5712,1008.82,INR,SUCCESS,00,,858792106087,BRN4249683386,UPI,ANDROID,Chhattisgarh,SETTLED,17,false
TXN_20260802_822010,2026-08-02T10:36:37+05:30,Paytm,UPI_PAYMENT,user892905@paytm,homebasket991@punjabna,Canara Bank,Punjab National Bank,MER_462710,HomeBasket,Home & Living,5712,25.01,INR,PENDING,P01,,973410401590,BRN3875620928,UPI,ANDROID,Maharashtra,PENDING,21,false
TXN_20260807_768520,2026-08-07T01:22:19+05:30,Paytm,UPI_PAYMENT,user177379@paytm,fitzonegym874@hdfcbank,Canara Bank,HDFC Bank,MER_666316,FitZone Gym,Fitness,7997,40.71,INR,SUCCESS,00,,279635809364,BRN5193535387,UPI,IOS,Uttarakhand,SETTLED,42,false
TXN_20260804_774428,2026-08-04T22:27:01+05:30,Paytm,UPI_PAYMENT,user369812@paytm,techsquaree157@iciciban,ICICI Bank,ICICI Bank,MER_722855,TechSquare Electronics,Electronics,5732,146.57,INR,SUCCESS,00,,709043447625,BRN9449548994,UPI,ANDROID,West Bengal,SETTLED,27,false
TXN_20260808_611372,2026-08-08T14:08:17+05:30,Paytm,UPI_PAYMENT,user876763@paytm,mobilerecha461@hdfcbank,Union Bank of India,HDFC Bank,MER_250278,Mobile Recharge Hub,Telecom,4814,194.76,INR,SUCCESS,00,,697713731996,BRN9394912619,UPI,ANDROID,Punjab,SETTLED,6,false
TXN_20260803_321663,2026-08-03T12:24:43+05:30,Paytm,UPI_PAYMENT,user48573@paytm,freshmartre957@axisbank,Kotak Mahindra Bank,Axis Bank,MER_594273,FreshMart Retail,Grocery,5411,755.17,INR,SUCCESS,00,,284120226168,BRN9746436281,UPI,ANDROID,Gujarat,PENDING,37,false
TXN_20260802_421683,2026-08-02T07:36:57+05:30,Paytm,UPI_PAYMENT,user984653@paytm,medicarepha167@stateban,State Bank of India,State Bank of India,MER_378438,MediCare Pharmacy,Pharmacy,5912,326.38,INR,SUCCESS,00,,380684328291,BRN3677826070,UPI,ANDROID,Madhya Pradesh,SETTLED,19,false
TXN_20260809_675954,2026-08-09T10:20:40+05:30,Paytm,UPI_PAYMENT,user483866@paytm,metromobili605@axisbank,Bank of India,Axis Bank,MER_178564,Metro Mobility,Transport,4121,138.14,INR,SUCCESS,00,,989060517733,BRN6865941533,UPI,ANDROID,Bihar,SETTLED,14,false
TXN_20260806_459865,2026-08-06T09:29:45+05:30,Paytm,UPI_PAYMENT,user506305@paytm,techsquaree673@kotakmah,Indian Bank,Kotak Mahindra Bank,MER_864038,TechSquare Electronics,Electronics,5732,897.92,INR,SUCCESS,00,,565259930850,BRN5208844656,UPI,ANDROID,Karnataka,SETTLED,36,false
TXN_20260806_407555,2026-08-06T14:52:06+05:30,Paytm,UPI_PAYMENT,user567546@paytm,metromobili669@axisbank,HDFC Bank,Axis Bank,MER_678369,Metro Mobility,Transport,4121,80.36,INR,SUCCESS,00,,910140609046,BRN6753470391,UPI,ANDROID,Haryana,SETTLED,2,false
TXN_20260805_650940,2026-08-05T16:27:35+05:30,Paytm,UPI_PAYMENT,user808374@paytm,fitzonegym512@kotakmah,HDFC Bank,Kotak Mahindra Bank,MER_558792,FitZone Gym,Fitness,7997,572.61,INR,SUCCESS,00,,116850976180,BRN6265763574,UPI,ANDROID,Karnataka,SETTLED,60,false
TXN_20260802_543226,2026-08-02T19:22:56+05:30,Paytm,UPI_PAYMENT,user94372@paytm,mobilerecha59@axisbank,IndusInd Bank,Axis Bank,MER_877445,Mobile Recharge Hub,Telecom,4814,167.75,INR,SUCCESS,00,,485611078774,BRN9063066579,UPI,IOS,Telangana,SETTLED,21,false
TXN_20260802_405963,2026-08-02T22:03:35+05:30,Paytm,UPI_PAYMENT,user694586@paytm,utilitypays807@hdfcbank,Central Bank of India,HDFC Bank,MER_102749,UtilityPay Services,Utilities,4900,284.09,INR,SUCCESS,00,,786591366008,BRN6914013758,UPI,ANDROID,Himachal Pradesh,PENDING,49,false
TXN_20260801_694213,2026-08-01T03:24:27+05:30,Paytm,UPI_PAYMENT,user129338@paytm,cafebrew308@bankofba,ICICI Bank,Bank of Baroda,MER_862814,Cafe Brew,Cafe,5814,142.05,INR,SUCCESS,00,,457896247356,BRN6768208183,UPI,IOS,Andhra Pradesh,SETTLED,24,false
TXN_20260808_486760,2026-08-08T18:00:41+05:30,Paytm,UPI_PAYMENT,user244532@paytm,stylehubfas310@stateban,Axis Bank,State Bank of India,MER_653390,StyleHub Fashion,Apparel,5651,33.17,INR,SUCCESS,00,,582659614085,BRN1686717416,UPI,ANDROID,Madhya Pradesh,SETTLED,1,false
TXN_20260809_639389,2026-08-09T21:49:42+05:30,Paytm,UPI_PAYMENT,user98510@paytm,booknest865@hdfcbank,Axis Bank,HDFC Bank,MER_134831,BookNest,Books,5942,142.28,INR,SUCCESS,00,,717869440823,BRN1122646019,UPI,ANDROID,Telangana,SETTLED,1,false
TXN_20260808_438581,2026-08-08T12:55:05+05:30,Paytm,UPI_PAYMENT,user11616@paytm,stylehubfas675@hdfcbank,IndusInd Bank,HDFC Bank,MER_184560,StyleHub Fashion,Apparel,5651,73.97,INR,SUCCESS,00,,706963325842,BRN8359032744,UPI,ANDROID,Gujarat,SETTLED,26,false
TXN_20260804_996290,2026-08-04T06:30:34+05:30,Paytm,UPI_PAYMENT,user521068@paytm,booknest191@punjabna,HDFC Bank,Punjab National Bank,MER_931768,BookNest,Books,5942,147.98,INR,SUCCESS,00,,873488302832,BRN1537423487,UPI,IOS,West Bengal,SETTLED,23,false
TXN_20260809_155317,2026-08-09T15:05:13+05:30,Paytm,UPI_PAYMENT,user580707@paytm,freshmartre278@iciciban,Bank of Baroda,ICICI Bank,MER_346953,FreshMart Retail,Grocery,5411,53.75,INR,SUCCESS,00,,395625279316,BRN7991577280,UPI,ANDROID,Andhra Pradesh,SETTLED,1,false
TXN_20260809_711921,2026-08-09T12:30:00+05:30,Paytm,UPI_PAYMENT,user355321@paytm,cafebrew755@stateban,Kotak Mahindra Bank,State Bank of India,MER_527366,Cafe Brew,Cafe,5814,25.10,INR,SUCCESS,00,,606367646551,BRN3348242030,UPI,ANDROID,West Bengal,SETTLED,37,false
TXN_20260806_521269,2026-08-06T14:22:24+05:30,Paytm,UPI_PAYMENT,user774145@paytm,quickfuelst891@hdfcbank,Kotak Mahindra Bank,HDFC Bank,MER_237448,QuickFuel Station,Fuel,5541,148.54,INR,SUCCESS,00,,117529921723,BRN5309768843,UPI,ANDROID,Karnataka,SETTLED,32,false
TXN_20260808_644183,2026-08-08T14:59:49+05:30,Paytm,UPI_PAYMENT,user988326@paytm,homebasket570@stateban,State Bank of India,State Bank of India,MER_526887,HomeBasket,Home & Living,5712,121.44,INR,SUCCESS,00,,527233488193,BRN5724796720,UPI,IOS,West Bengal,SETTLED,25,false
TXN_20260802_571730,2026-08-02T18:15:20+05:30,Paytm,UPI_PAYMENT,user815154@paytm,freshmartre514@kotakmah,HDFC Bank,Kotak Mahindra Bank,MER_465820,FreshMart Retail,Grocery,5411,131.35,INR,SUCCESS,00,,938231142757,BRN5271768997,UPI,ANDROID,Bihar,SETTLED,24,false
TXN_20260803_951068,2026-08-03T14:22:24+05:30,Paytm,UPI_PAYMENT,user882278@paytm,cafebrew325@canaraba,Axis Bank,Canara Bank,MER_218451,Cafe Brew,Cafe,5814,342.53,INR,SUCCESS,00,,936528771053,BRN6889628617,UPI,ANDROID,Jharkhand,SETTLED,42,false
TXN_20260807_864310,2026-08-07T14:10:45+05:30,Paytm,UPI_PAYMENT,user286787@paytm,homebasket773@canaraba,Axis Bank,Canara Bank,MER_663476,HomeBasket,Home & Living,5712,46.92,INR,SUCCESS,00,,229153409847,BRN2486778315,UPI,ANDROID,Maharashtra,PENDING,54,false
TXN_20260808_553035,2026-08-08T17:41:38+05:30,Paytm,UPI_PAYMENT,user882482@paytm,techsquaree579@stateban,Axis Bank,State Bank of India,MER_675136,TechSquare Electronics,Electronics,5732,175.26,INR,SUCCESS,00,,932575760376,BRN7039462766,UPI,ANDROID,Assam,SETTLED,49,false
TXN_20260803_500958,2026-08-03T11:06:45+05:30,Paytm,UPI_PAYMENT,user769392@paytm,medicarepha434@ausmallf,ICICI Bank,AU Small Finance Bank,MER_524794,MediCare Pharmacy,Pharmacy,5912,127.33,INR,FAILED,91,BANK_UNAVAILABLE,145734976281,,UPI,ANDROID,Karnataka,NOT_APPLICABLE,11,false
TXN_20260805_329528,2026-08-05T17:26:38+05:30,Paytm,UPI_PAYMENT,user673786@paytm,stylehubfas643@bankofba,State Bank of India,Bank of Baroda,MER_437733,StyleHub Fashion,Apparel,5651,407.11,INR,SUCCESS,00,,107948766855,BRN9103664564,UPI,IOS,Rajasthan,SETTLED,34,false
TXN_20260807_774563,2026-08-07T19:52:54+05:30,Paytm,UPI_PAYMENT,user213620@paytm,utilitypays383@canaraba,ICICI Bank,Canara Bank,MER_318849,UtilityPay Services,Utilities,4900,398.21,INR,SUCCESS,00,,539923998875,BRN5331541528,UPI,ANDROID,Maharashtra,SETTLED,4,false
TXN_20260805_779325,2026-08-05T11:24:23+05:30,Paytm,UPI_PAYMENT,user394381@paytm,stylehubfas227@federalb,HDFC Bank,Federal Bank,MER_913949,StyleHub Fashion,Apparel,5651,150.41,INR,SUCCESS,00,,685015972957,BRN7969444400,UPI,IOS,Gujarat,SETTLED,26,false
TXN_20260807_562690,2026-08-07T12:52:47+05:30,Paytm,UPI_PAYMENT,user548142@paytm,metromobili61@punjabna,Bandhan Bank,Punjab National Bank,MER_629752,Metro Mobility,Transport,4121,362.15,INR,SUCCESS,00,,700871583303,BRN5943941027,UPI,ANDROID,Chhattisgarh,SETTLED,40,false
TXN_20260807_842607,2026-08-07T20:05:48+05:30,Paytm,UPI_PAYMENT,user309018@paytm,booknest202@iciciban,HDFC Bank,ICICI Bank,MER_135924,BookNest,Books,5942,599.68,INR,SUCCESS,00,,427479690280,BRN3738323165,UPI,ANDROID,Uttar Pradesh,SETTLED,38,false
TXN_20260804_181098,2026-08-04T21:57:23+05:30,Paytm,UPI_PAYMENT,user514780@paytm,cafebrew718@bankofba,Axis Bank,Bank of Baroda,MER_505203,Cafe Brew,Cafe,5814,1098.43,INR,SUCCESS,00,,642973776410,BRN6673073979,UPI,ANDROID,Maharashtra,PENDING,32,false
TXN_20260804_196063,2026-08-04T19:54:07+05:30,Paytm,UPI_PAYMENT,user88829@paytm,cafebrew563@stateban,HDFC Bank,State Bank of India,MER_616792,Cafe Brew,Cafe,5814,580.50,INR,SUCCESS,00,,723896336376,BRN6358696447,UPI,ANDROID,Punjab,SETTLED,1,false
TXN_20260802_551589,2026-08-02T04:49:59+05:30,Paytm,UPI_PAYMENT,user899675@paytm,freshmartre241@bankofba,Bank of India,Bank of Baroda,MER_757095,FreshMart Retail,Grocery,5411,232.49,INR,SUCCESS,00,,603498630693,BRN2665346009,UPI,ANDROID,Kerala,SETTLED,36,false
TXN_20260805_667769,2026-08-05T21:04:30+05:30,Paytm,UPI_PAYMENT,user196381@paytm,urbaneats791@stateban,Canara Bank,State Bank of India,MER_313170,Urban Eats,Restaurant,5812,41.59,INR,SUCCESS,00,,389024264089,BRN4620468711,UPI,ANDROID,Gujarat,SETTLED,69,false
TXN_20260805_586202,2026-08-05T14:52:56+05:30,Paytm,UPI_PAYMENT,user258485@paytm,cafebrew121@iciciban,Canara Bank,ICICI Bank,MER_280261,Cafe Brew,Cafe,5814,118.02,INR,SUCCESS,00,,424375785055,BRN1071261149,UPI,ANDROID,Maharashtra,SETTLED,47,false
TXN_20260809_352559,2026-08-09T04:34:52+05:30,Paytm,UPI_PAYMENT,user113676@paytm,booknest678@axisbank,Axis Bank,Axis Bank,MER_987723,BookNest,Books,5942,96.51,INR,SUCCESS,00,,474249608664,BRN5298927105,UPI,ANDROID,Rajasthan,SETTLED,33,false
TXN_20260804_855717,2026-08-04T18:34:02+05:30,Paytm,UPI_PAYMENT,user782276@paytm,booknest844@idfcfirs,IndusInd Bank,IDFC FIRST Bank,MER_654488,BookNest,Books,5942,53.34,INR,SUCCESS,00,,228333245628,BRN6010792233,UPI,ANDROID,West Bengal,SETTLED,13,false
TXN_20260801_361427,2026-08-01T05:16:08+05:30,Paytm,UPI_PAYMENT,user813881@paytm,utilitypays501@stateban,Union Bank of India,State Bank of India,MER_173558,UtilityPay Services,Utilities,4900,424.73,INR,SUCCESS,00,,715325496714,BRN9191250085,UPI,ANDROID,Uttar Pradesh,PENDING,16,false
TXN_20260809_569499,2026-08-09T19:40:17+05:30,Paytm,UPI_PAYMENT,user774368@paytm,booknest274@indusind,HDFC Bank,IndusInd Bank,MER_420476,BookNest,Books,5942,603.76,INR,SUCCESS,00,,110508926971,BRN3288825137,UPI,ANDROID,Telangana,SETTLED,14,false
TXN_20260803_965400,2026-08-03T02:01:54+05:30,Paytm,UPI_PAYMENT,user458920@paytm,metromobili201@iciciban,Kotak Mahindra Bank,ICICI Bank,MER_852480,Metro Mobility,Transport,4121,244.50,INR,SUCCESS,00,,356029214103,BRN2607852936,UPI,ANDROID,West Bengal,SETTLED,61,false
TXN_20260802_493623,2026-08-02T05:27:10+05:30,Paytm,UPI_PAYMENT,user680195@paytm,mobilerecha345@punjabna,Axis Bank,Punjab National Bank,MER_929586,Mobile Recharge Hub,Telecom,4814,538.50,INR,SUCCESS,00,,289889538430,BRN2036950258,UPI,ANDROID,Delhi,SETTLED,21,false
TXN_20260804_762357,2026-08-04T11:30:29+05:30,Paytm,UPI_PAYMENT,user380716@paytm,utilitypays686@stateban,ICICI Bank,State Bank of India,MER_640881,UtilityPay Services,Utilities,4900,170.69,INR,SUCCESS,00,,923252371763,BRN4719279125,UPI,ANDROID,Uttar Pradesh,SETTLED,37,false
TXN_20260805_754114,2026-08-05T08:04:40+05:30,Paytm,UPI_PAYMENT,user964474@paytm,utilitypays200@hdfcbank,Union Bank of India,HDFC Bank,MER_296262,UtilityPay Services,Utilities,4900,2106.38,INR,SUCCESS,00,,485692179902,BRN5647269019,UPI,IOS,Jharkhand,SETTLED,33,false
TXN_20260809_985013,2026-08-09T05:02:16+05:30,Paytm,UPI_PAYMENT,user142005@paytm,metromobili93@hdfcbank,Bank of Baroda,HDFC Bank,MER_334585,Metro Mobility,Transport,4121,492.54,INR,SUCCESS,00,,780945203668,BRN5392989050,UPI,ANDROID,Gujarat,SETTLED,30,false
TXN_20260802_923086,2026-08-02T17:27:52+05:30,Paytm,UPI_PAYMENT,user485062@paytm,medicarepha664@idfcfirs,State Bank of India,IDFC FIRST Bank,MER_440235,MediCare Pharmacy,Pharmacy,5912,234.45,INR,FAILED,U30,INSUFFICIENT_FUNDS,260141865747,,UPI,ANDROID,Gujarat,NOT_APPLICABLE,34,false
TXN_20260809_930881,2026-08-09T07:58:02+05:30,Paytm,UPI_PAYMENT,user816648@paytm,techsquaree713@ucobank,ICICI Bank,UCO Bank,MER_836689,TechSquare Electronics,Electronics,5732,33.52,INR,SUCCESS,00,,107861076653,BRN7409882267,UPI,ANDROID,Bihar,SETTLED,46,false
TXN_20260804_313601,2026-08-04T18:18:21+05:30,Paytm,UPI_PAYMENT,user747021@paytm,stylehubfas291@axisbank,ICICI Bank,Axis Bank,MER_286453,StyleHub Fashion,Apparel,5651,4114.11,INR,SUCCESS,00,,847405578496,BRN4533728976,UPI,IOS,Delhi,SETTLED,64,false
TXN_20260803_110149,2026-08-03T05:13:35+05:30,Paytm,UPI_PAYMENT,user649934@paytm,booknest680@ucobank,Union Bank of India,UCO Bank,MER_519686,BookNest,Books,5942,215.82,INR,SUCCESS,00,,672566991925,BRN5889811730,UPI,ANDROID,Gujarat,SETTLED,50,false
TXN_20260809_115472,2026-08-09T16:12:20+05:30,Paytm,UPI_PAYMENT,user506290@paytm,booknest45@hdfcbank,ICICI Bank,HDFC Bank,MER_121212,BookNest,Books,5942,515.22,INR,SUCCESS,00,,709863084658,BRN9238558579,UPI,ANDROID,Maharashtra,SETTLED,1,false
TXN_20260807_299047,2026-08-07T12:11:48+05:30,Paytm,UPI_PAYMENT,user627728@paytm,freshmartre563@bankofba,Bank of India,Bank of Baroda,MER_182538,FreshMart Retail,Grocery,5411,180.07,INR,SUCCESS,00,,302769847067,BRN3654534217,UPI,IOS,Andhra Pradesh,SETTLED,26,false
TXN_20260807_107172,2026-08-07T09:34:21+05:30,Paytm,UPI_PAYMENT,user244255@paytm,quickfuelst649@unionban,HDFC Bank,Union Bank of India,MER_147502,QuickFuel Station,Fuel,5541,125.80,INR,SUCCESS,00,,823429668655,BRN9136887473,UPI,ANDROID,Andhra Pradesh,SETTLED,43,false
